well_name,district,tehsil,agency,latitude,longitude,obs_date,obs_year,obs_month,obs_season,depth_m
TSGWD_1087,Hyderabad,Hyderabad,Telangana Gw,17.442333,78.443916,2007-05-01,2007,5,Pre-Monsoon,19.2
TSGWD_1087,Hyderabad,Hyderabad,Telangana Gw,17.442333,78.443916,2007-06-01,2007,6,Kharif,18.16
TSGWD_1087,Hyderabad,Hyderabad,Telangana Gw,17.442333,78.443916,2007-07-01,2007,7,Kharif,17.94
TSGWD_1087,Hyderabad,Hyderabad,Telangana Gw,17.442333,78.443916,2007-08-01,2007,8,Kharif,17.41
TSGWD_1087,Hyderabad,Hyderabad,Telangana Gw,17.442333,78.443916,2007-09-01,2007,9,Kharif,12.29
TSGWD_1087,Hyderabad,Hyderabad,Telangana Gw,17.442333,78.443916,2007-10-01,2007,10,Post-Monsoon,13.5
TSGWD_1087,Hyderabad,Hyderabad,Telangana Gw,17.442333,78.443916,2007-11-01,2007,11,Post-Monsoon,14.97
TSGWD_1087,Hyderabad,Hyderabad,Telangana Gw,17.442333,78.443916,2007-12-01,2007,12,Post-Monsoon,18.09
TSGWD_1087,Hyderabad,Hyderabad,Telangana Gw,17.442333,78.443916,2008-01-01,2008,1,Rabi,18.73
TSGWD_1087,Hyderabad,Hyderabad,Telangana Gw,17.442333,78.443916,2008-02-01,2008,2,Rabi,8.75
TSGWD_1087,Hyderabad,Hyderabad,Telangana Gw,17.442333,78.443916,2008-03-01,2008,3,Pre-Monsoon,19.09
TSGWD_1087,Hyderabad,Hyderabad,Telangana Gw,17.442333,78.443916,2008-04-01,2008,4,Pre-Monsoon,19.1
TSGWD_1087,Hyderabad,Hyderabad,Telangana Gw,17.442333,78.443916,2008-05-01,2008,5,Pre-Monsoon,19.95
TSGWD_1087,Hyderabad,Hyderabad,Telangana Gw,17.442333,78.443916,2008-06-01,2008,6,Kharif,20.16
TSGWD_1087,Hyderabad,Hyderabad,Telangana Gw,17.442333,78.443916,2008-07-01,2008,7,Kharif,20.01
TSGWD_1087,Hyderabad,Hyderabad,Telangana Gw,17.442333,78.443916,2008-08-01,2008,8,Kharif,14.76
TSGWD_1087,Hyderabad,Hyderabad,Telangana Gw,17.442333,78.443916,2008-09-01,2008,9,Kharif,11.6
TSGWD_1087,Hyderabad,Hyderabad,Telangana Gw,17.442333,78.443916,2008-10-01,2008,10,Post-Monsoon,14.31
TSGWD_1087,Hyderabad,Hyderabad,Telangana Gw,17.442333,78.443916,2008-11-01,2008,11,Post-Monsoon,15.61
TSGWD_1087,Hyderabad,Hyderabad,Telangana Gw,17.442333,78.443916,2008-12-01,2008,12,Post-Monsoon,17.01
TSGWD_1087,Hyderabad,Hyderabad,Telangana Gw,17.442333,78.443916,2009-01-01,2009,1,Rabi,17.42
TSGWD_1087,Hyderabad,Hyderabad,Telangana Gw,17.442333,78.443916,2009-02-01,2009,2,Rabi,18.1
TSGWD_1087,Hyderabad,Hyderabad,Telangana Gw,17.442333,78.443916,2009-03-01,2009,3,Pre-Monsoon,18.35
TSGWD_1087,Hyderabad,Hyderabad,Telangana Gw,17.442333,78.443916,2009-04-01,2009,4,Pre-Monsoon,18.6
TSGWD_1087,Hyderabad,Hyderabad,Telangana Gw,17.442333,78.443916,2009-05-01,2009,5,Pre-Monsoon,21.1
TSGWD_1087,Hyderabad,Hyderabad,Telangana Gw,17.442333,78.443916,2009-06-01,2009,6,Kharif,21.14
TSGWD_1087,Hyderabad,Hyderabad,Telangana Gw,17.442333,78.443916,2009-07-01,2009,7,Kharif,20.7
TSGWD_1087,Hyderabad,Hyderabad,Telangana Gw,17.442333,78.443916,2009-08-01,2009,8,Kharif,18.0
TSGWD_1087,Hyderabad,Hyderabad,Telangana Gw,17.442333,78.443916,2009-09-01,2009,9,Kharif,16.3
TSGWD_1087,Hyderabad,Hyderabad,Telangana Gw,17.442333,78.443916,2009-10-01,2009,10,Post-Monsoon,16.18
TSGWD_1087,Hyderabad,Hyderabad,Telangana Gw,17.442333,78.443916,2009-11-01,2009,11,Post-Monsoon,16.5
TSGWD_1087,Hyderabad,Hyderabad,Telangana Gw,17.442333,78.443916,2009-12-01,2009,12,Post-Monsoon,17.5
TSGWD_1087,Hyderabad,Hyderabad,Telangana Gw,17.442333,78.443916,2010-01-01,2010,1,Rabi,17.6
TSGWD_1087,Hyderabad,Hyderabad,Telangana Gw,17.442333,78.443916,2010-02-01,2010,2,Rabi,18.2
TSGWD_1087,Hyderabad,Hyderabad,Telangana Gw,17.442333,78.443916,2010-03-01,2010,3,Pre-Monsoon,18.6
TSGWD_1087,Hyderabad,Hyderabad,Telangana Gw,17.442333,78.443916,2010-04-01,2010,4,Pre-Monsoon,19.05
TSGWD_1087,Hyderabad,Hyderabad,Telangana Gw,17.442333,78.443916,2010-05-01,2010,5,Pre-Monsoon,19.71
TSGWD_1087,Hyderabad,Hyderabad,Telangana Gw,17.442333,78.443916,2010-06-01,2010,6,Kharif,19.5
TSGWD_1087,Hyderabad,Hyderabad,Telangana Gw,17.442333,78.443916,2010-07-01,2010,7,Kharif,16.81
TSGWD_1087,Hyderabad,Hyderabad,Telangana Gw,17.442333,78.443916,2010-08-01,2010,8,Kharif,16.2
TSGWD_1087,Hyderabad,Hyderabad,Telangana Gw,17.442333,78.443916,2010-09-01,2010,9,Kharif,13.8
TSGWD_1087,Hyderabad,Hyderabad,Telangana Gw,17.442333,78.443916,2010-10-01,2010,10,Post-Monsoon,14.3
TSGWD_1087,Hyderabad,Hyderabad,Telangana Gw,17.442333,78.443916,2010-11-01,2010,11,Post-Monsoon,16.3
TSGWD_1087,Hyderabad,Hyderabad,Telangana Gw,17.442333,78.443916,2010-12-01,2010,12,Post-Monsoon,17.98
TSGWD_1087,Hyderabad,Hyderabad,Telangana Gw,17.442333,78.443916,2011-01-01,2011,1,Rabi,18.15
TSGWD_1087,Hyderabad,Hyderabad,Telangana Gw,17.442333,78.443916,2011-02-01,2011,2,Rabi,19.05
TSGWD_1087,Hyderabad,Hyderabad,Telangana Gw,17.442333,78.443916,2011-03-01,2011,3,Pre-Monsoon,19.2
TSGWD_1087,Hyderabad,Hyderabad,Telangana Gw,17.442333,78.443916,2011-04-01,2011,4,Pre-Monsoon,19.35
TSGWD_1087,Hyderabad,Hyderabad,Telangana Gw,17.442333,78.443916,2011-05-01,2011,5,Pre-Monsoon,19.04
TSGWD_1087,Hyderabad,Hyderabad,Telangana Gw,17.442333,78.443916,2011-06-01,2011,6,Kharif,19.85
TSGWD_1087,Hyderabad,Hyderabad,Telangana Gw,17.442333,78.443916,2011-07-01,2011,7,Kharif,18.55
TSGWD_1087,Hyderabad,Hyderabad,Telangana Gw,17.442333,78.443916,2011-08-01,2011,8,Kharif,17.75
TSGWD_1087,Hyderabad,Hyderabad,Telangana Gw,17.442333,78.443916,2011-09-01,2011,9,Kharif,0.0
TSGWD_1087,Hyderabad,Hyderabad,Telangana Gw,17.442333,78.443916,2011-10-01,2011,10,Post-Monsoon,18.75
TSGWD_1087,Hyderabad,Hyderabad,Telangana Gw,17.442333,78.443916,2011-11-01,2011,11,Post-Monsoon,18.9
TSGWD_1087,Hyderabad,Hyderabad,Telangana Gw,17.442333,78.443916,2011-12-01,2011,12,Post-Monsoon,19.0
TSGWD_1087,Hyderabad,Hyderabad,Telangana Gw,17.442333,78.443916,2012-01-01,2012,1,Rabi,19.1
TSGWD_1087,Hyderabad,Hyderabad,Telangana Gw,17.442333,78.443916,2012-02-01,2012,2,Rabi,19.3
TSGWD_1087,Hyderabad,Hyderabad,Telangana Gw,17.442333,78.443916,2012-03-01,2012,3,Pre-Monsoon,19.4
TSGWD_1087,Hyderabad,Hyderabad,Telangana Gw,17.442333,78.443916,2012-04-01,2012,4,Pre-Monsoon,19.6
TSGWD_1087,Hyderabad,Hyderabad,Telangana Gw,17.442333,78.443916,2012-05-01,2012,5,Pre-Monsoon,20.2
TSGWD_1087,Hyderabad,Hyderabad,Telangana Gw,17.442333,78.443916,2012-06-01,2012,6,Kharif,19.15
TSGWD_1087,Hyderabad,Hyderabad,Telangana Gw,17.442333,78.443916,2012-07-01,2012,7,Kharif,18.0
TSGWD_1087,Hyderabad,Hyderabad,Telangana Gw,17.442333,78.443916,2012-08-01,2012,8,Kharif,17.5
TSGWD_1087,Hyderabad,Hyderabad,Telangana Gw,17.442333,78.443916,2012-09-01,2012,9,Kharif,16.15
TSGWD_1087,Hyderabad,Hyderabad,Telangana Gw,17.442333,78.443916,2012-10-01,2012,10,Post-Monsoon,17.0
TSGWD_1087,Hyderabad,Hyderabad,Telangana Gw,17.442333,78.443916,2012-11-01,2012,11,Post-Monsoon,18.0
TSGWD_1087,Hyderabad,Hyderabad,Telangana Gw,17.442333,78.443916,2012-12-01,2012,12,Post-Monsoon,19.1
TSGWD_1087,Hyderabad,Hyderabad,Telangana Gw,17.442333,78.443916,2013-01-01,2013,1,Rabi,17.75
TSGWD_1087,Hyderabad,Hyderabad,Telangana Gw,17.442333,78.443916,2013-02-01,2013,2,Rabi,18.75
TSGWD_1087,Hyderabad,Hyderabad,Telangana Gw,17.442333,78.443916,2013-03-01,2013,3,Pre-Monsoon,19.15
TSGWD_1087,Hyderabad,Hyderabad,Telangana Gw,17.442333,78.443916,2013-04-01,2013,4,Pre-Monsoon,19.35
TSGWD_1087,Hyderabad,Hyderabad,Telangana Gw,17.442333,78.443916,2013-05-01,2013,5,Pre-Monsoon,19.6
TSGWD_1087,Hyderabad,Hyderabad,Telangana Gw,17.442333,78.443916,2013-06-01,2013,6,Kharif,19.2
TSGWD_1087,Hyderabad,Hyderabad,Telangana Gw,17.442333,78.443916,2013-07-01,2013,7,Kharif,18.85
TSGWD_1087,Hyderabad,Hyderabad,Telangana Gw,17.442333,78.443916,2013-08-01,2013,8,Kharif,18.75
TSGWD_1087,Hyderabad,Hyderabad,Telangana Gw,17.442333,78.443916,2013-09-01,2013,9,Kharif,18.5
TSGWD_1087,Hyderabad,Hyderabad,Telangana Gw,17.442333,78.443916,2013-10-01,2013,10,Post-Monsoon,19.0
TSGWD_1087,Hyderabad,Hyderabad,Telangana Gw,17.442333,78.443916,2013-11-01,2013,11,Post-Monsoon,19.1
TSGWD_1087,Hyderabad,Hyderabad,Telangana Gw,17.442333,78.443916,2013-12-01,2013,12,Post-Monsoon,19.1
TSGWD_1087,Hyderabad,Hyderabad,Telangana Gw,17.442333,78.443916,2014-01-01,2014,1,Rabi,19.55
TSGWD_1087,Hyderabad,Hyderabad,Telangana Gw,17.442333,78.443916,2014-02-01,2014,2,Rabi,20.0
TSGWD_1087,Hyderabad,Hyderabad,Telangana Gw,17.442333,78.443916,2014-03-01,2014,3,Pre-Monsoon,19.4
TSGWD_1087,Hyderabad,Hyderabad,Telangana Gw,17.442333,78.443916,2014-04-01,2014,4,Pre-Monsoon,19.9
TSGWD_1087,Hyderabad,Hyderabad,Telangana Gw,17.442333,78.443916,2014-05-01,2014,5,Pre-Monsoon,19.0
TSGWD_1087,Hyderabad,Hyderabad,Telangana Gw,17.442333,78.443916,2014-06-01,2014,6,Kharif,19.55
TSGWD_1087,Hyderabad,Hyderabad,Telangana Gw,17.442333,78.443916,2014-07-01,2014,7,Kharif,19.05
TSGWD_1087,Hyderabad,Hyderabad,Telangana Gw,17.442333,78.443916,2014-08-01,2014,8,Kharif,19.4
TSGWD_1087,Hyderabad,Hyderabad,Telangana Gw,17.442333,78.443916,2014-09-01,2014,9,Kharif,19.3
TSGWD_1087,Hyderabad,Hyderabad,Telangana Gw,17.442333,78.443916,2014-10-01,2014,10,Post-Monsoon,19.35
TSGWD_1087,Hyderabad,Hyderabad,Telangana Gw,17.442333,78.443916,2014-11-01,2014,11,Post-Monsoon,19.36
TSGWD_1087,Hyderabad,Hyderabad,Telangana Gw,17.442333,78.443916,2014-12-01,2014,12,Post-Monsoon,19.6
TSGWD_1087,Hyderabad,Hyderabad,Telangana Gw,17.442333,78.443916,2015-01-01,2015,1,Rabi,19.26
TSGWD_1087,Hyderabad,Hyderabad,Telangana Gw,17.442333,78.443916,2015-02-01,2015,2,Rabi,19.3
TSGWD_1087,Hyderabad,Hyderabad,Telangana Gw,17.442333,78.443916,2015-03-01,2015,3,Pre-Monsoon,19.7
TSGWD_1087,Hyderabad,Hyderabad,Telangana Gw,17.442333,78.443916,2015-04-01,2015,4,Pre-Monsoon,20.4
TSGWD_1087,Hyderabad,Hyderabad,Telangana Gw,17.442333,78.443916,2015-05-01,2015,5,Pre-Monsoon,19.9
TSGWD_1087,Hyderabad,Hyderabad,Telangana Gw,17.442333,78.443916,2015-06-01,2015,6,Kharif,18.7
TSGWD_1087,Hyderabad,Hyderabad,Telangana Gw,17.442333,78.443916,2015-07-01,2015,7,Kharif,18.86
TSGWD_1087,Hyderabad,Hyderabad,Telangana Gw,17.442333,78.443916,2015-08-01,2015,8,Kharif,18.95
TSGWD_1087,Hyderabad,Hyderabad,Telangana Gw,17.442333,78.443916,2015-09-01,2015,9,Kharif,18.7
TSGWD_1087,Hyderabad,Hyderabad,Telangana Gw,17.442333,78.443916,2015-10-01,2015,10,Post-Monsoon,18.65
TSGWD_1087,Hyderabad,Hyderabad,Telangana Gw,17.442333,78.443916,2015-11-01,2015,11,Post-Monsoon,19.08
TSGWD_1087,Hyderabad,Hyderabad,Telangana Gw,17.442333,78.443916,2015-12-01,2015,12,Post-Monsoon,18.98
TSGWD_1087,Hyderabad,Hyderabad,Telangana Gw,17.442333,78.443916,2016-01-01,2016,1,Rabi,0.0
TSGWD_1087,Hyderabad,Hyderabad,Telangana Gw,17.442333,78.443916,2016-02-01,2016,2,Rabi,19.03
TSGWD_1087,Hyderabad,Hyderabad,Telangana Gw,17.442333,78.443916,2016-03-01,2016,3,Pre-Monsoon,19.4
TSGWD_1087,Hyderabad,Hyderabad,Telangana Gw,17.442333,78.443916,2016-04-01,2016,4,Pre-Monsoon,19.6
TSGWD_1087,Hyderabad,Hyderabad,Telangana Gw,17.442333,78.443916,2016-05-01,2016,5,Pre-Monsoon,19.15
TSGWD_1087,Hyderabad,Hyderabad,Telangana Gw,17.442333,78.443916,2016-06-01,2016,6,Kharif,0.0
TSGWD_1087,Hyderabad,Hyderabad,Telangana Gw,17.442333,78.443916,2016-07-01,2016,7,Kharif,18.65
TSGWD_1087,Hyderabad,Hyderabad,Telangana Gw,17.442333,78.443916,2016-08-01,2016,8,Kharif,18.7
TSGWD_1087,Hyderabad,Hyderabad,Telangana Gw,17.442333,78.443916,2016-09-01,2016,9,Kharif,15.1
TSGWD_1087,Hyderabad,Hyderabad,Telangana Gw,17.442333,78.443916,2016-10-01,2016,10,Post-Monsoon,9.97
TSGWD_1087,Hyderabad,Hyderabad,Telangana Gw,17.442333,78.443916,2016-11-01,2016,11,Post-Monsoon,15.9
TSGWD_1087,Hyderabad,Hyderabad,Telangana Gw,17.442333,78.443916,2016-12-01,2016,12,Post-Monsoon,16.2
TSGWD_1087,Hyderabad,Hyderabad,Telangana Gw,17.442333,78.443916,2017-01-01,2017,1,Rabi,15.9
TSGWD_1087,Hyderabad,Hyderabad,Telangana Gw,17.442333,78.443916,2017-02-01,2017,2,Rabi,18.2
TSGWD_1087,Hyderabad,Hyderabad,Telangana Gw,17.442333,78.443916,2017-03-01,2017,3,Pre-Monsoon,18.8
TSGWD_1087,Hyderabad,Hyderabad,Telangana Gw,17.442333,78.443916,2017-04-01,2017,4,Pre-Monsoon,23.0
TSGWD_1087,Hyderabad,Hyderabad,Telangana Gw,17.442333,78.443916,2017-05-01,2017,5,Pre-Monsoon,19.1
TSGWD_1087,Hyderabad,Hyderabad,Telangana Gw,17.442333,78.443916,2017-06-01,2017,6,Kharif,18.71
TSGWD_1087,Hyderabad,Hyderabad,Telangana Gw,17.442333,78.443916,2017-07-01,2017,7,Kharif,16.51
TSGWD_1087,Hyderabad,Hyderabad,Telangana Gw,17.442333,78.443916,2017-08-01,2017,8,Kharif,17.5
TSGWD_1087,Hyderabad,Hyderabad,Telangana Gw,17.442333,78.443916,2017-09-01,2017,9,Kharif,16.9
TSGWD_1087,Hyderabad,Hyderabad,Telangana Gw,17.442333,78.443916,2017-10-01,2017,10,Post-Monsoon,11.6
TSGWD_1087,Hyderabad,Hyderabad,Telangana Gw,17.442333,78.443916,2017-11-01,2017,11,Post-Monsoon,18.18
TSGWD_1087,Hyderabad,Hyderabad,Telangana Gw,17.442333,78.443916,2017-12-01,2017,12,Post-Monsoon,18.6
TSGWD_1087,Hyderabad,Hyderabad,Telangana Gw,17.442333,78.443916,2018-01-18,2018,1,Rabi,18.0
TSGWD_1087,Hyderabad,Hyderabad,Telangana Gw,17.442333,78.443916,2018-02-18,2018,2,Rabi,18.8
TSGWD_1087,Hyderabad,Hyderabad,Telangana Gw,17.442333,78.443916,2018-03-18,2018,3,Pre-Monsoon,19.39
TSGWD_1087,Hyderabad,Hyderabad,Telangana Gw,17.442333,78.443916,2018-04-18,2018,4,Pre-Monsoon,19.31
TSGWD_1087,Hyderabad,Hyderabad,Telangana Gw,17.442333,78.443916,2018-05-18,2018,5,Pre-Monsoon,19.35
TSGWD_1087,Hyderabad,Hyderabad,Telangana Gw,17.442333,78.443916,2018-06-18,2018,6,Kharif,19.45
TSGWD_1087,Hyderabad,Hyderabad,Telangana Gw,17.442333,78.443916,2018-07-18,2018,7,Kharif,19.15
TSGWD_1087,Hyderabad,Hyderabad,Telangana Gw,17.442333,78.443916,2018-08-18,2018,8,Kharif,18.47
TSGWD_1087,Hyderabad,Hyderabad,Telangana Gw,17.442333,78.443916,2018-09-18,2018,9,Kharif,17.99
TSGWD_1087,Hyderabad,Hyderabad,Telangana Gw,17.442333,78.443916,2018-10-18,2018,10,Post-Monsoon,17.71
TSGWD_1087,Hyderabad,Hyderabad,Telangana Gw,17.442333,78.443916,2018-11-18,2018,11,Post-Monsoon,17.95
TSGWD_1087,Hyderabad,Hyderabad,Telangana Gw,17.442333,78.443916,2018-12-18,2018,12,Post-Monsoon,18.93
TSGWD_1087,Hyderabad,Hyderabad,Telangana Gw,17.442333,78.443916,2019-01-18,2019,1,Rabi,19.01
TSGWD_1087,Hyderabad,Hyderabad,Telangana Gw,17.442333,78.443916,2019-02-01,2019,2,Rabi,19.11
TSGWD_1087,Hyderabad,Hyderabad,Telangana Gw,17.442333,78.443916,2019-03-01,2019,3,Pre-Monsoon,19.41
TSGWD_1087,Hyderabad,Hyderabad,Telangana Gw,17.442333,78.443916,2019-04-01,2019,4,Pre-Monsoon,19.55
TSGWD_1087,Hyderabad,Hyderabad,Telangana Gw,17.442333,78.443916,2019-05-19,2019,5,Pre-Monsoon,19.4
TSGWD_1087,Hyderabad,Hyderabad,Telangana Gw,17.442333,78.443916,2019-06-19,2019,6,Kharif,20.48
TSGWD_1087,Hyderabad,Hyderabad,Telangana Gw,17.442333,78.443916,2019-07-01,2019,7,Kharif,19.18
TSGWD_1087,Hyderabad,Hyderabad,Telangana Gw,17.442333,78.443916,2019-08-01,2019,8,Kharif,18.21
TSGWD_1087,Hyderabad,Hyderabad,Telangana Gw,17.442333,78.443916,2019-09-01,2019,9,Kharif,18.42
TSGWD_1087,Hyderabad,Hyderabad,Telangana Gw,17.442333,78.443916,2019-10-22,2019,10,Post-Monsoon,21.22
TSGWD_1087,Hyderabad,Hyderabad,Telangana Gw,17.442333,78.443916,2019-11-22,2019,11,Post-Monsoon,19.1
TSGWD_1087,Hyderabad,Hyderabad,Telangana Gw,17.442333,78.443916,2019-12-22,2019,12,Post-Monsoon,18.59
TSGWD_1088,Hyderabad,Hyderabad,Telangana Gw,17.397638,78.44525,2007-05-01,2007,5,Pre-Monsoon,3.45
TSGWD_1088,Hyderabad,Hyderabad,Telangana Gw,17.397638,78.44525,2007-06-01,2007,6,Kharif,2.06
TSGWD_1088,Hyderabad,Hyderabad,Telangana Gw,17.397638,78.44525,2007-07-01,2007,7,Kharif,2.14
TSGWD_1088,Hyderabad,Hyderabad,Telangana Gw,17.397638,78.44525,2007-08-01,2007,8,Kharif,1.89
TSGWD_1088,Hyderabad,Hyderabad,Telangana Gw,17.397638,78.44525,2007-09-01,2007,9,Kharif,1.72
TSGWD_1088,Hyderabad,Hyderabad,Telangana Gw,17.397638,78.44525,2007-10-01,2007,10,Post-Monsoon,1.82
TSGWD_1088,Hyderabad,Hyderabad,Telangana Gw,17.397638,78.44525,2007-11-01,2007,11,Post-Monsoon,3.41
TSGWD_1088,Hyderabad,Hyderabad,Telangana Gw,17.397638,78.44525,2007-12-01,2007,12,Post-Monsoon,3.4
TSGWD_1088,Hyderabad,Hyderabad,Telangana Gw,17.397638,78.44525,2008-01-01,2008,1,Rabi,3.45
TSGWD_1088,Hyderabad,Hyderabad,Telangana Gw,17.397638,78.44525,2008-02-01,2008,2,Rabi,2.18
TSGWD_1088,Hyderabad,Hyderabad,Telangana Gw,17.397638,78.44525,2008-03-01,2008,3,Pre-Monsoon,2.14
TSGWD_1088,Hyderabad,Hyderabad,Telangana Gw,17.397638,78.44525,2008-04-01,2008,4,Pre-Monsoon,2.7
TSGWD_1088,Hyderabad,Hyderabad,Telangana Gw,17.397638,78.44525,2008-05-01,2008,5,Pre-Monsoon,3.87
TSGWD_1088,Hyderabad,Hyderabad,Telangana Gw,17.397638,78.44525,2008-06-01,2008,6,Kharif,4.4
TSGWD_1088,Hyderabad,Hyderabad,Telangana Gw,17.397638,78.44525,2008-07-01,2008,7,Kharif,4.66
TSGWD_1088,Hyderabad,Hyderabad,Telangana Gw,17.397638,78.44525,2008-08-01,2008,8,Kharif,3.34
TSGWD_1088,Hyderabad,Hyderabad,Telangana Gw,17.397638,78.44525,2008-09-01,2008,9,Kharif,4.04
TSGWD_1088,Hyderabad,Hyderabad,Telangana Gw,17.397638,78.44525,2008-10-01,2008,10,Post-Monsoon,4.57
TSGWD_1088,Hyderabad,Hyderabad,Telangana Gw,17.397638,78.44525,2008-11-01,2008,11,Post-Monsoon,5.01
TSGWD_1088,Hyderabad,Hyderabad,Telangana Gw,17.397638,78.44525,2008-12-01,2008,12,Post-Monsoon,5.47
TSGWD_1088,Hyderabad,Hyderabad,Telangana Gw,17.397638,78.44525,2009-01-01,2009,1,Rabi,1.72
TSGWD_1088,Hyderabad,Hyderabad,Telangana Gw,17.397638,78.44525,2009-02-01,2009,2,Rabi,2.3
TSGWD_1088,Hyderabad,Hyderabad,Telangana Gw,17.397638,78.44525,2009-03-01,2009,3,Pre-Monsoon,2.6
TSGWD_1088,Hyderabad,Hyderabad,Telangana Gw,17.397638,78.44525,2009-04-01,2009,4,Pre-Monsoon,2.7
TSGWD_1088,Hyderabad,Hyderabad,Telangana Gw,17.397638,78.44525,2009-05-01,2009,5,Pre-Monsoon,2.34
TSGWD_1088,Hyderabad,Hyderabad,Telangana Gw,17.397638,78.44525,2009-06-01,2009,6,Kharif,2.3
TSGWD_1088,Hyderabad,Hyderabad,Telangana Gw,17.397638,78.44525,2009-07-01,2009,7,Kharif,2.7
TSGWD_1088,Hyderabad,Hyderabad,Telangana Gw,17.397638,78.44525,2009-08-01,2009,8,Kharif,1.6
TSGWD_1088,Hyderabad,Hyderabad,Telangana Gw,17.397638,78.44525,2009-09-01,2009,9,Kharif,1.58
TSGWD_1088,Hyderabad,Hyderabad,Telangana Gw,17.397638,78.44525,2009-10-01,2009,10,Post-Monsoon,1.6
TSGWD_1088,Hyderabad,Hyderabad,Telangana Gw,17.397638,78.44525,2009-11-01,2009,11,Post-Monsoon,1.68
TSGWD_1088,Hyderabad,Hyderabad,Telangana Gw,17.397638,78.44525,2009-12-01,2009,12,Post-Monsoon,2.2
TSGWD_1088,Hyderabad,Hyderabad,Telangana Gw,17.397638,78.44525,2010-01-01,2010,1,Rabi,2.21
TSGWD_1088,Hyderabad,Hyderabad,Telangana Gw,17.397638,78.44525,2010-02-01,2010,2,Rabi,2.26
TSGWD_1088,Hyderabad,Hyderabad,Telangana Gw,17.397638,78.44525,2010-03-01,2010,3,Pre-Monsoon,2.28
TSGWD_1088,Hyderabad,Hyderabad,Telangana Gw,17.397638,78.44525,2010-04-01,2010,4,Pre-Monsoon,2.5
TSGWD_1088,Hyderabad,Hyderabad,Telangana Gw,17.397638,78.44525,2010-05-01,2010,5,Pre-Monsoon,3.05
TSGWD_1088,Hyderabad,Hyderabad,Telangana Gw,17.397638,78.44525,2010-06-01,2010,6,Kharif,2.52
TSGWD_1088,Hyderabad,Hyderabad,Telangana Gw,17.397638,78.44525,2010-07-01,2010,7,Kharif,1.23
TSGWD_1088,Hyderabad,Hyderabad,Telangana Gw,17.397638,78.44525,2010-08-01,2010,8,Kharif,1.4
TSGWD_1088,Hyderabad,Hyderabad,Telangana Gw,17.397638,78.44525,2010-09-01,2010,9,Kharif,1.03
TSGWD_1088,Hyderabad,Hyderabad,Telangana Gw,17.397638,78.44525,2010-10-01,2010,10,Post-Monsoon,2.0
TSGWD_1088,Hyderabad,Hyderabad,Telangana Gw,17.397638,78.44525,2010-11-01,2010,11,Post-Monsoon,1.6
TSGWD_1088,Hyderabad,Hyderabad,Telangana Gw,17.397638,78.44525,2010-12-01,2010,12,Post-Monsoon,1.96
TSGWD_1088,Hyderabad,Hyderabad,Telangana Gw,17.397638,78.44525,2011-01-01,2011,1,Rabi,1.8
TSGWD_1088,Hyderabad,Hyderabad,Telangana Gw,17.397638,78.44525,2011-02-01,2011,2,Rabi,1.85
TSGWD_1088,Hyderabad,Hyderabad,Telangana Gw,17.397638,78.44525,2011-03-01,2011,3,Pre-Monsoon,2.1
TSGWD_1088,Hyderabad,Hyderabad,Telangana Gw,17.397638,78.44525,2011-04-01,2011,4,Pre-Monsoon,2.4
TSGWD_1088,Hyderabad,Hyderabad,Telangana Gw,17.397638,78.44525,2011-05-01,2011,5,Pre-Monsoon,2.8
TSGWD_1088,Hyderabad,Hyderabad,Telangana Gw,17.397638,78.44525,2011-06-01,2011,6,Kharif,2.9
TSGWD_1088,Hyderabad,Hyderabad,Telangana Gw,17.397638,78.44525,2011-07-01,2011,7,Kharif,2.0
TSGWD_1088,Hyderabad,Hyderabad,Telangana Gw,17.397638,78.44525,2011-08-01,2011,8,Kharif,1.58
TSGWD_1088,Hyderabad,Hyderabad,Telangana Gw,17.397638,78.44525,2011-09-01,2011,9,Kharif,0.0
TSGWD_1088,Hyderabad,Hyderabad,Telangana Gw,17.397638,78.44525,2011-10-01,2011,10,Post-Monsoon,2.25
TSGWD_1088,Hyderabad,Hyderabad,Telangana Gw,17.397638,78.44525,2011-11-01,2011,11,Post-Monsoon,2.55
TSGWD_1088,Hyderabad,Hyderabad,Telangana Gw,17.397638,78.44525,2011-12-01,2011,12,Post-Monsoon,2.6
TSGWD_1088,Hyderabad,Hyderabad,Telangana Gw,17.397638,78.44525,2012-01-01,2012,1,Rabi,2.8
TSGWD_1088,Hyderabad,Hyderabad,Telangana Gw,17.397638,78.44525,2012-02-01,2012,2,Rabi,3.1
TSGWD_1088,Hyderabad,Hyderabad,Telangana Gw,17.397638,78.44525,2012-03-01,2012,3,Pre-Monsoon,3.2
TSGWD_1088,Hyderabad,Hyderabad,Telangana Gw,17.397638,78.44525,2012-04-01,2012,4,Pre-Monsoon,3.33
TSGWD_1088,Hyderabad,Hyderabad,Telangana Gw,17.397638,78.44525,2012-05-01,2012,5,Pre-Monsoon,3.5
TSGWD_1088,Hyderabad,Hyderabad,Telangana Gw,17.397638,78.44525,2012-06-01,2012,6,Kharif,1.8
TSGWD_1088,Hyderabad,Hyderabad,Telangana Gw,17.397638,78.44525,2012-07-01,2012,7,Kharif,1.1
TSGWD_1088,Hyderabad,Hyderabad,Telangana Gw,17.397638,78.44525,2012-08-01,2012,8,Kharif,1.2
TSGWD_1088,Hyderabad,Hyderabad,Telangana Gw,17.397638,78.44525,2012-09-01,2012,9,Kharif,1.2
TSGWD_1088,Hyderabad,Hyderabad,Telangana Gw,17.397638,78.44525,2012-10-01,2012,10,Post-Monsoon,1.43
TSGWD_1088,Hyderabad,Hyderabad,Telangana Gw,17.397638,78.44525,2012-11-01,2012,11,Post-Monsoon,1.6
TSGWD_1088,Hyderabad,Hyderabad,Telangana Gw,17.397638,78.44525,2012-12-01,2012,12,Post-Monsoon,1.7
TSGWD_1088,Hyderabad,Hyderabad,Telangana Gw,17.397638,78.44525,2013-01-01,2013,1,Rabi,2.0
TSGWD_1088,Hyderabad,Hyderabad,Telangana Gw,17.397638,78.44525,2013-02-01,2013,2,Rabi,2.0
TSGWD_1088,Hyderabad,Hyderabad,Telangana Gw,17.397638,78.44525,2013-03-01,2013,3,Pre-Monsoon,2.05
TSGWD_1088,Hyderabad,Hyderabad,Telangana Gw,17.397638,78.44525,2013-04-01,2013,4,Pre-Monsoon,2.95
TSGWD_1088,Hyderabad,Hyderabad,Telangana Gw,17.397638,78.44525,2013-05-01,2013,5,Pre-Monsoon,3.85
TSGWD_1088,Hyderabad,Hyderabad,Telangana Gw,17.397638,78.44525,2013-06-01,2013,6,Kharif,3.4
TSGWD_1088,Hyderabad,Hyderabad,Telangana Gw,17.397638,78.44525,2013-07-01,2013,7,Kharif,1.15
TSGWD_1088,Hyderabad,Hyderabad,Telangana Gw,17.397638,78.44525,2013-08-01,2013,8,Kharif,1.1
TSGWD_1088,Hyderabad,Hyderabad,Telangana Gw,17.397638,78.44525,2013-09-01,2013,9,Kharif,1.0
TSGWD_1088,Hyderabad,Hyderabad,Telangana Gw,17.397638,78.44525,2013-10-01,2013,10,Post-Monsoon,1.4
TSGWD_1088,Hyderabad,Hyderabad,Telangana Gw,17.397638,78.44525,2013-11-01,2013,11,Post-Monsoon,1.45
TSGWD_1088,Hyderabad,Hyderabad,Telangana Gw,17.397638,78.44525,2013-12-01,2013,12,Post-Monsoon,2.05
TSGWD_1088,Hyderabad,Hyderabad,Telangana Gw,17.397638,78.44525,2014-01-01,2014,1,Rabi,2.0
TSGWD_1088,Hyderabad,Hyderabad,Telangana Gw,17.397638,78.44525,2014-02-01,2014,2,Rabi,2.2
TSGWD_1088,Hyderabad,Hyderabad,Telangana Gw,17.397638,78.44525,2014-03-01,2014,3,Pre-Monsoon,2.15
TSGWD_1088,Hyderabad,Hyderabad,Telangana Gw,17.397638,78.44525,2014-04-01,2014,4,Pre-Monsoon,2.4
TSGWD_1088,Hyderabad,Hyderabad,Telangana Gw,17.397638,78.44525,2014-05-01,2014,5,Pre-Monsoon,3.65
TSGWD_1088,Hyderabad,Hyderabad,Telangana Gw,17.397638,78.44525,2014-06-01,2014,6,Kharif,3.7
TSGWD_1088,Hyderabad,Hyderabad,Telangana Gw,17.397638,78.44525,2014-07-01,2014,7,Kharif,3.3
TSGWD_1088,Hyderabad,Hyderabad,Telangana Gw,17.397638,78.44525,2014-08-01,2014,8,Kharif,2.8
TSGWD_1088,Hyderabad,Hyderabad,Telangana Gw,17.397638,78.44525,2014-09-01,2014,9,Kharif,1.65
TSGWD_1088,Hyderabad,Hyderabad,Telangana Gw,17.397638,78.44525,2014-10-01,2014,10,Post-Monsoon,1.9
TSGWD_1088,Hyderabad,Hyderabad,Telangana Gw,17.397638,78.44525,2014-11-01,2014,11,Post-Monsoon,2.83
TSGWD_1088,Hyderabad,Hyderabad,Telangana Gw,17.397638,78.44525,2014-12-01,2014,12,Post-Monsoon,1.55
TSGWD_1088,Hyderabad,Hyderabad,Telangana Gw,17.397638,78.44525,2015-01-01,2015,1,Rabi,4.33
TSGWD_1088,Hyderabad,Hyderabad,Telangana Gw,17.397638,78.44525,2015-02-01,2015,2,Rabi,4.6
TSGWD_1088,Hyderabad,Hyderabad,Telangana Gw,17.397638,78.44525,2015-03-01,2015,3,Pre-Monsoon,2.8
TSGWD_1088,Hyderabad,Hyderabad,Telangana Gw,17.397638,78.44525,2015-04-01,2015,4,Pre-Monsoon,5.7
TSGWD_1088,Hyderabad,Hyderabad,Telangana Gw,17.397638,78.44525,2015-05-01,2015,5,Pre-Monsoon,6.45
TSGWD_1088,Hyderabad,Hyderabad,Telangana Gw,17.397638,78.44525,2015-06-01,2015,6,Kharif,4.45
TSGWD_1088,Hyderabad,Hyderabad,Telangana Gw,17.397638,78.44525,2015-07-01,2015,7,Kharif,3.98
TSGWD_1088,Hyderabad,Hyderabad,Telangana Gw,17.397638,78.44525,2015-08-01,2015,8,Kharif,2.85
TSGWD_1088,Hyderabad,Hyderabad,Telangana Gw,17.397638,78.44525,2015-09-01,2015,9,Kharif,1.95
TSGWD_1088,Hyderabad,Hyderabad,Telangana Gw,17.397638,78.44525,2015-10-01,2015,10,Post-Monsoon,3.35
TSGWD_1088,Hyderabad,Hyderabad,Telangana Gw,17.397638,78.44525,2015-11-01,2015,11,Post-Monsoon,4.7
TSGWD_1088,Hyderabad,Hyderabad,Telangana Gw,17.397638,78.44525,2015-12-01,2015,12,Post-Monsoon,5.25
TSGWD_1088,Hyderabad,Hyderabad,Telangana Gw,17.397638,78.44525,2016-01-01,2016,1,Rabi,5.9
TSGWD_1088,Hyderabad,Hyderabad,Telangana Gw,17.397638,78.44525,2016-02-01,2016,2,Rabi,6.35
TSGWD_1088,Hyderabad,Hyderabad,Telangana Gw,17.397638,78.44525,2016-03-01,2016,3,Pre-Monsoon,6.72
TSGWD_1088,Hyderabad,Hyderabad,Telangana Gw,17.397638,78.44525,2016-04-01,2016,4,Pre-Monsoon,6.75
TSGWD_1088,Hyderabad,Hyderabad,Telangana Gw,17.397638,78.44525,2016-05-01,2016,5,Pre-Monsoon,6.35
TSGWD_1088,Hyderabad,Hyderabad,Telangana Gw,17.397638,78.44525,2016-06-01,2016,6,Kharif,5.9
TSGWD_1088,Hyderabad,Hyderabad,Telangana Gw,17.397638,78.44525,2016-07-01,2016,7,Kharif,5.0
TSGWD_1088,Hyderabad,Hyderabad,Telangana Gw,17.397638,78.44525,2016-08-01,2016,8,Kharif,4.8
TSGWD_1088,Hyderabad,Hyderabad,Telangana Gw,17.397638,78.44525,2016-09-01,2016,9,Kharif,0.85
TSGWD_1088,Hyderabad,Hyderabad,Telangana Gw,17.397638,78.44525,2016-10-01,2016,10,Post-Monsoon,1.4
TSGWD_1088,Hyderabad,Hyderabad,Telangana Gw,17.397638,78.44525,2016-11-01,2016,11,Post-Monsoon,2.1
TSGWD_1088,Hyderabad,Hyderabad,Telangana Gw,17.397638,78.44525,2016-12-01,2016,12,Post-Monsoon,3.45
TSGWD_1088,Hyderabad,Hyderabad,Telangana Gw,17.397638,78.44525,2017-01-01,2017,1,Rabi,4.2
TSGWD_1088,Hyderabad,Hyderabad,Telangana Gw,17.397638,78.44525,2017-02-01,2017,2,Rabi,5.15
TSGWD_1088,Hyderabad,Hyderabad,Telangana Gw,17.397638,78.44525,2017-03-01,2017,3,Pre-Monsoon,5.65
TSGWD_1088,Hyderabad,Hyderabad,Telangana Gw,17.397638,78.44525,2017-04-01,2017,4,Pre-Monsoon,6.45
TSGWD_1088,Hyderabad,Hyderabad,Telangana Gw,17.397638,78.44525,2017-05-01,2017,5,Pre-Monsoon,5.3
TSGWD_1088,Hyderabad,Hyderabad,Telangana Gw,17.397638,78.44525,2017-06-01,2017,6,Kharif,3.7
TSGWD_1088,Hyderabad,Hyderabad,Telangana Gw,17.397638,78.44525,2017-07-01,2017,7,Kharif,1.72
TSGWD_1088,Hyderabad,Hyderabad,Telangana Gw,17.397638,78.44525,2017-08-01,2017,8,Kharif,1.3
TSGWD_1088,Hyderabad,Hyderabad,Telangana Gw,17.397638,78.44525,2017-09-01,2017,9,Kharif,1.4
TSGWD_1088,Hyderabad,Hyderabad,Telangana Gw,17.397638,78.44525,2017-10-01,2017,10,Post-Monsoon,1.2
TSGWD_1088,Hyderabad,Hyderabad,Telangana Gw,17.397638,78.44525,2017-11-01,2017,11,Post-Monsoon,4.81
TSGWD_1088,Hyderabad,Hyderabad,Telangana Gw,17.397638,78.44525,2017-12-01,2017,12,Post-Monsoon,2.6
TSGWD_1088,Hyderabad,Hyderabad,Telangana Gw,17.397638,78.44525,2018-01-18,2018,1,Rabi,3.28
TSGWD_1088,Hyderabad,Hyderabad,Telangana Gw,17.397638,78.44525,2018-02-18,2018,2,Rabi,3.7
TSGWD_1088,Hyderabad,Hyderabad,Telangana Gw,17.397638,78.44525,2018-03-18,2018,3,Pre-Monsoon,4.53
TSGWD_1088,Hyderabad,Hyderabad,Telangana Gw,17.397638,78.44525,2018-04-18,2018,4,Pre-Monsoon,5.16
TSGWD_1088,Hyderabad,Hyderabad,Telangana Gw,17.397638,78.44525,2018-05-18,2018,5,Pre-Monsoon,4.8
TSGWD_1088,Hyderabad,Hyderabad,Telangana Gw,17.397638,78.44525,2018-06-18,2018,6,Kharif,5.4
TSGWD_1088,Hyderabad,Hyderabad,Telangana Gw,17.397638,78.44525,2018-07-18,2018,7,Kharif,4.32
TSGWD_1088,Hyderabad,Hyderabad,Telangana Gw,17.397638,78.44525,2018-08-18,2018,8,Kharif,3.48
TSGWD_1088,Hyderabad,Hyderabad,Telangana Gw,17.397638,78.44525,2018-09-18,2018,9,Kharif,3.12
TSGWD_1088,Hyderabad,Hyderabad,Telangana Gw,17.397638,78.44525,2018-10-18,2018,10,Post-Monsoon,3.09
TSGWD_1088,Hyderabad,Hyderabad,Telangana Gw,17.397638,78.44525,2018-11-18,2018,11,Post-Monsoon,4.83
TSGWD_1088,Hyderabad,Hyderabad,Telangana Gw,17.397638,78.44525,2018-12-18,2018,12,Post-Monsoon,5.16
TSGWD_1088,Hyderabad,Hyderabad,Telangana Gw,17.397638,78.44525,2019-01-18,2019,1,Rabi,5.55
TSGWD_1088,Hyderabad,Hyderabad,Telangana Gw,17.397638,78.44525,2019-02-01,2019,2,Rabi,5.62
TSGWD_1088,Hyderabad,Hyderabad,Telangana Gw,17.397638,78.44525,2019-03-01,2019,3,Pre-Monsoon,5.68
TSGWD_1088,Hyderabad,Hyderabad,Telangana Gw,17.397638,78.44525,2019-04-01,2019,4,Pre-Monsoon,5.75
TSGWD_1088,Hyderabad,Hyderabad,Telangana Gw,17.397638,78.44525,2019-05-19,2019,5,Pre-Monsoon,5.93
TSGWD_1088,Hyderabad,Hyderabad,Telangana Gw,17.397638,78.44525,2019-06-19,2019,6,Kharif,4.71
TSGWD_1088,Hyderabad,Hyderabad,Telangana Gw,17.397638,78.44525,2019-07-01,2019,7,Kharif,4.41
TSGWD_1088,Hyderabad,Hyderabad,Telangana Gw,17.397638,78.44525,2019-08-01,2019,8,Kharif,4.15
TSGWD_1088,Hyderabad,Hyderabad,Telangana Gw,17.397638,78.44525,2019-09-01,2019,9,Kharif,1.98
TSGWD_1088,Hyderabad,Hyderabad,Telangana Gw,17.397638,78.44525,2019-10-22,2019,10,Post-Monsoon,4.15
TSGWD_1088,Hyderabad,Hyderabad,Telangana Gw,17.397638,78.44525,2019-11-22,2019,11,Post-Monsoon,2.1
TSGWD_1088,Hyderabad,Hyderabad,Telangana Gw,17.397638,78.44525,2019-12-22,2019,12,Post-Monsoon,2.42
TSGWD_1089,Hyderabad,Hyderabad,Telangana Gw,17.374,78.437,2007-05-01,2007,5,Pre-Monsoon,6.71
TSGWD_1089,Hyderabad,Hyderabad,Telangana Gw,17.374,78.437,2007-06-01,2007,6,Kharif,5.4
TSGWD_1089,Hyderabad,Hyderabad,Telangana Gw,17.374,78.437,2007-07-01,2007,7,Kharif,5.61
TSGWD_1089,Hyderabad,Hyderabad,Telangana Gw,17.374,78.437,2007-08-01,2007,8,Kharif,4.99
TSGWD_1089,Hyderabad,Hyderabad,Telangana Gw,17.374,78.437,2007-09-01,2007,9,Kharif,2.71
TSGWD_1089,Hyderabad,Hyderabad,Telangana Gw,17.374,78.437,2007-10-01,2007,10,Post-Monsoon,3.04
TSGWD_1089,Hyderabad,Hyderabad,Telangana Gw,17.374,78.437,2007-11-01,2007,11,Post-Monsoon,3.52
TSGWD_1089,Hyderabad,Hyderabad,Telangana Gw,17.374,78.437,2007-12-01,2007,12,Post-Monsoon,5.74
TSGWD_1089,Hyderabad,Hyderabad,Telangana Gw,17.374,78.437,2008-01-01,2008,1,Rabi,5.8
TSGWD_1089,Hyderabad,Hyderabad,Telangana Gw,17.374,78.437,2008-02-01,2008,2,Rabi,5.29
TSGWD_1089,Hyderabad,Hyderabad,Telangana Gw,17.374,78.437,2008-03-01,2008,3,Pre-Monsoon,5.01
TSGWD_1089,Hyderabad,Hyderabad,Telangana Gw,17.374,78.437,2008-04-01,2008,4,Pre-Monsoon,5.77
TSGWD_1089,Hyderabad,Hyderabad,Telangana Gw,17.374,78.437,2008-05-01,2008,5,Pre-Monsoon,6.63
TSGWD_1089,Hyderabad,Hyderabad,Telangana Gw,17.374,78.437,2008-06-01,2008,6,Kharif,7.4
TSGWD_1089,Hyderabad,Hyderabad,Telangana Gw,17.374,78.437,2008-07-01,2008,7,Kharif,7.36
TSGWD_1089,Hyderabad,Hyderabad,Telangana Gw,17.374,78.437,2008-08-01,2008,8,Kharif,2.21
TSGWD_1089,Hyderabad,Hyderabad,Telangana Gw,17.374,78.437,2008-09-01,2008,9,Kharif,1.9
TSGWD_1089,Hyderabad,Hyderabad,Telangana Gw,17.374,78.437,2008-10-01,2008,10,Post-Monsoon,2.5
TSGWD_1089,Hyderabad,Hyderabad,Telangana Gw,17.374,78.437,2008-11-01,2008,11,Post-Monsoon,2.97
TSGWD_1089,Hyderabad,Hyderabad,Telangana Gw,17.374,78.437,2008-12-01,2008,12,Post-Monsoon,2.98
TSGWD_1089,Hyderabad,Hyderabad,Telangana Gw,17.374,78.437,2009-01-01,2009,1,Rabi,2.61
TSGWD_1089,Hyderabad,Hyderabad,Telangana Gw,17.374,78.437,2009-02-01,2009,2,Rabi,3.93
TSGWD_1089,Hyderabad,Hyderabad,Telangana Gw,17.374,78.437,2009-03-01,2009,3,Pre-Monsoon,4.22
TSGWD_1089,Hyderabad,Hyderabad,Telangana Gw,17.374,78.437,2009-04-01,2009,4,Pre-Monsoon,4.8
TSGWD_1089,Hyderabad,Hyderabad,Telangana Gw,17.374,78.437,2009-05-01,2009,5,Pre-Monsoon,5.23
TSGWD_1089,Hyderabad,Hyderabad,Telangana Gw,17.374,78.437,2009-06-01,2009,6,Kharif,5.1
TSGWD_1089,Hyderabad,Hyderabad,Telangana Gw,17.374,78.437,2009-07-01,2009,7,Kharif,5.4
TSGWD_1089,Hyderabad,Hyderabad,Telangana Gw,17.374,78.437,2009-08-01,2009,8,Kharif,4.3
TSGWD_1089,Hyderabad,Hyderabad,Telangana Gw,17.374,78.437,2009-09-01,2009,9,Kharif,2.7
TSGWD_1089,Hyderabad,Hyderabad,Telangana Gw,17.374,78.437,2009-10-01,2009,10,Post-Monsoon,2.31
TSGWD_1089,Hyderabad,Hyderabad,Telangana Gw,17.374,78.437,2009-11-01,2009,11,Post-Monsoon,2.6
TSGWD_1089,Hyderabad,Hyderabad,Telangana Gw,17.374,78.437,2009-12-01,2009,12,Post-Monsoon,3.4
TSGWD_1089,Hyderabad,Hyderabad,Telangana Gw,17.374,78.437,2010-01-01,2010,1,Rabi,3.8
TSGWD_1089,Hyderabad,Hyderabad,Telangana Gw,17.374,78.437,2010-02-01,2010,2,Rabi,4.71
TSGWD_1089,Hyderabad,Hyderabad,Telangana Gw,17.374,78.437,2010-03-01,2010,3,Pre-Monsoon,5.0
TSGWD_1089,Hyderabad,Hyderabad,Telangana Gw,17.374,78.437,2010-04-01,2010,4,Pre-Monsoon,6.84
TSGWD_1089,Hyderabad,Hyderabad,Telangana Gw,17.374,78.437,2010-05-01,2010,5,Pre-Monsoon,7.83
TSGWD_1089,Hyderabad,Hyderabad,Telangana Gw,17.374,78.437,2010-06-01,2010,6,Kharif,2.73
TSGWD_1089,Hyderabad,Hyderabad,Telangana Gw,17.374,78.437,2010-07-01,2010,7,Kharif,2.32
TSGWD_1089,Hyderabad,Hyderabad,Telangana Gw,17.374,78.437,2010-08-01,2010,8,Kharif,2.3
TSGWD_1089,Hyderabad,Hyderabad,Telangana Gw,17.374,78.437,2010-09-01,2010,9,Kharif,2.01
TSGWD_1089,Hyderabad,Hyderabad,Telangana Gw,17.374,78.437,2010-10-01,2010,10,Post-Monsoon,2.5
TSGWD_1089,Hyderabad,Hyderabad,Telangana Gw,17.374,78.437,2010-11-01,2010,11,Post-Monsoon,2.4
TSGWD_1089,Hyderabad,Hyderabad,Telangana Gw,17.374,78.437,2010-12-01,2010,12,Post-Monsoon,2.7
TSGWD_1089,Hyderabad,Hyderabad,Telangana Gw,17.374,78.437,2011-01-01,2011,1,Rabi,4.5
TSGWD_1089,Hyderabad,Hyderabad,Telangana Gw,17.374,78.437,2011-02-01,2011,2,Rabi,3.78
TSGWD_1089,Hyderabad,Hyderabad,Telangana Gw,17.374,78.437,2011-03-01,2011,3,Pre-Monsoon,4.5
TSGWD_1089,Hyderabad,Hyderabad,Telangana Gw,17.374,78.437,2011-04-01,2011,4,Pre-Monsoon,5.5
TSGWD_1089,Hyderabad,Hyderabad,Telangana Gw,17.374,78.437,2011-05-01,2011,5,Pre-Monsoon,6.65
TSGWD_1089,Hyderabad,Hyderabad,Telangana Gw,17.374,78.437,2011-06-01,2011,6,Kharif,7.35
TSGWD_1089,Hyderabad,Hyderabad,Telangana Gw,17.374,78.437,2011-07-01,2011,7,Kharif,4.55
TSGWD_1089,Hyderabad,Hyderabad,Telangana Gw,17.374,78.437,2011-08-01,2011,8,Kharif,3.1
TSGWD_1089,Hyderabad,Hyderabad,Telangana Gw,17.374,78.437,2011-09-01,2011,9,Kharif,0.0
TSGWD_1089,Hyderabad,Hyderabad,Telangana Gw,17.374,78.437,2011-10-01,2011,10,Post-Monsoon,4.75
TSGWD_1089,Hyderabad,Hyderabad,Telangana Gw,17.374,78.437,2011-11-01,2011,11,Post-Monsoon,0.0
TSGWD_1089,Hyderabad,Hyderabad,Telangana Gw,17.374,78.437,2011-12-01,2011,12,Post-Monsoon,5.8
TSGWD_1089,Hyderabad,Hyderabad,Telangana Gw,17.374,78.437,2012-01-01,2012,1,Rabi,6.65
TSGWD_1089,Hyderabad,Hyderabad,Telangana Gw,17.374,78.437,2012-02-01,2012,2,Rabi,7.5
TSGWD_1089,Hyderabad,Hyderabad,Telangana Gw,17.374,78.437,2012-03-01,2012,3,Pre-Monsoon,8.7
TSGWD_1089,Hyderabad,Hyderabad,Telangana Gw,17.374,78.437,2012-04-01,2012,4,Pre-Monsoon,9.0
TSGWD_1089,Hyderabad,Hyderabad,Telangana Gw,17.374,78.437,2012-05-01,2012,5,Pre-Monsoon,11.35
TSGWD_1089,Hyderabad,Hyderabad,Telangana Gw,17.374,78.437,2012-06-01,2012,6,Kharif,9.9
TSGWD_1089,Hyderabad,Hyderabad,Telangana Gw,17.374,78.437,2012-07-01,2012,7,Kharif,7.6
TSGWD_1089,Hyderabad,Hyderabad,Telangana Gw,17.374,78.437,2012-08-01,2012,8,Kharif,7.4
TSGWD_1089,Hyderabad,Hyderabad,Telangana Gw,17.374,78.437,2012-09-01,2012,9,Kharif,4.05
TSGWD_1089,Hyderabad,Hyderabad,Telangana Gw,17.374,78.437,2012-10-01,2012,10,Post-Monsoon,2.51
TSGWD_1089,Hyderabad,Hyderabad,Telangana Gw,17.374,78.437,2012-11-01,2012,11,Post-Monsoon,2.8
TSGWD_1089,Hyderabad,Hyderabad,Telangana Gw,17.374,78.437,2012-12-01,2012,12,Post-Monsoon,3.6
TSGWD_1089,Hyderabad,Hyderabad,Telangana Gw,17.374,78.437,2013-01-01,2013,1,Rabi,4.66
TSGWD_1089,Hyderabad,Hyderabad,Telangana Gw,17.374,78.437,2013-02-01,2013,2,Rabi,5.3
TSGWD_1089,Hyderabad,Hyderabad,Telangana Gw,17.374,78.437,2013-03-01,2013,3,Pre-Monsoon,6.2
TSGWD_1089,Hyderabad,Hyderabad,Telangana Gw,17.374,78.437,2013-04-01,2013,4,Pre-Monsoon,8.05
TSGWD_1089,Hyderabad,Hyderabad,Telangana Gw,17.374,78.437,2013-05-01,2013,5,Pre-Monsoon,10.66
TSGWD_1089,Hyderabad,Hyderabad,Telangana Gw,17.374,78.437,2013-06-01,2013,6,Kharif,7.65
TSGWD_1089,Hyderabad,Hyderabad,Telangana Gw,17.374,78.437,2013-07-01,2013,7,Kharif,4.0
TSGWD_1089,Hyderabad,Hyderabad,Telangana Gw,17.374,78.437,2013-08-01,2013,8,Kharif,2.71
TSGWD_1089,Hyderabad,Hyderabad,Telangana Gw,17.374,78.437,2013-09-01,2013,9,Kharif,2.7
TSGWD_1089,Hyderabad,Hyderabad,Telangana Gw,17.374,78.437,2013-10-01,2013,10,Post-Monsoon,2.16
TSGWD_1089,Hyderabad,Hyderabad,Telangana Gw,17.374,78.437,2013-11-01,2013,11,Post-Monsoon,2.2
TSGWD_1089,Hyderabad,Hyderabad,Telangana Gw,17.374,78.437,2013-12-01,2013,12,Post-Monsoon,3.7
TSGWD_1089,Hyderabad,Hyderabad,Telangana Gw,17.374,78.437,2014-01-01,2014,1,Rabi,4.0
TSGWD_1089,Hyderabad,Hyderabad,Telangana Gw,17.374,78.437,2014-02-01,2014,2,Rabi,4.4
TSGWD_1089,Hyderabad,Hyderabad,Telangana Gw,17.374,78.437,2014-03-01,2014,3,Pre-Monsoon,4.2
TSGWD_1089,Hyderabad,Hyderabad,Telangana Gw,17.374,78.437,2014-04-01,2014,4,Pre-Monsoon,4.75
TSGWD_1089,Hyderabad,Hyderabad,Telangana Gw,17.374,78.437,2014-05-01,2014,5,Pre-Monsoon,8.2
TSGWD_1089,Hyderabad,Hyderabad,Telangana Gw,17.374,78.437,2014-06-01,2014,6,Kharif,12.26
TSGWD_1089,Hyderabad,Hyderabad,Telangana Gw,17.374,78.437,2014-07-01,2014,7,Kharif,9.29
TSGWD_1089,Hyderabad,Hyderabad,Telangana Gw,17.374,78.437,2014-08-01,2014,8,Kharif,9.41
TSGWD_1089,Hyderabad,Hyderabad,Telangana Gw,17.374,78.437,2014-09-01,2014,9,Kharif,7.31
TSGWD_1089,Hyderabad,Hyderabad,Telangana Gw,17.374,78.437,2014-10-01,2014,10,Post-Monsoon,10.36
TSGWD_1089,Hyderabad,Hyderabad,Telangana Gw,17.374,78.437,2014-11-01,2014,11,Post-Monsoon,10.01
TSGWD_1089,Hyderabad,Hyderabad,Telangana Gw,17.374,78.437,2014-12-01,2014,12,Post-Monsoon,10.41
TSGWD_1089,Hyderabad,Hyderabad,Telangana Gw,17.374,78.437,2015-01-01,2015,1,Rabi,10.21
TSGWD_1089,Hyderabad,Hyderabad,Telangana Gw,17.374,78.437,2015-02-01,2015,2,Rabi,13.61
TSGWD_1089,Hyderabad,Hyderabad,Telangana Gw,17.374,78.437,2015-03-01,2015,3,Pre-Monsoon,15.31
TSGWD_1089,Hyderabad,Hyderabad,Telangana Gw,17.374,78.437,2015-04-01,2015,4,Pre-Monsoon,16.0
TSGWD_1089,Hyderabad,Hyderabad,Telangana Gw,17.374,78.437,2015-05-01,2015,5,Pre-Monsoon,16.66
TSGWD_1089,Hyderabad,Hyderabad,Telangana Gw,17.374,78.437,2015-06-01,2015,6,Kharif,10.11
TSGWD_1089,Hyderabad,Hyderabad,Telangana Gw,17.374,78.437,2015-07-01,2015,7,Kharif,13.66
TSGWD_1089,Hyderabad,Hyderabad,Telangana Gw,17.374,78.437,2015-08-01,2015,8,Kharif,12.16
TSGWD_1089,Hyderabad,Hyderabad,Telangana Gw,17.374,78.437,2015-09-01,2015,9,Kharif,6.91
TSGWD_1089,Hyderabad,Hyderabad,Telangana Gw,17.374,78.437,2015-10-01,2015,10,Post-Monsoon,8.01
TSGWD_1089,Hyderabad,Hyderabad,Telangana Gw,17.374,78.437,2015-11-01,2015,11,Post-Monsoon,14.41
TSGWD_1089,Hyderabad,Hyderabad,Telangana Gw,17.374,78.437,2015-12-01,2015,12,Post-Monsoon,13.47
TSGWD_1089,Hyderabad,Hyderabad,Telangana Gw,17.374,78.437,2016-01-01,2016,1,Rabi,12.24
TSGWD_1089,Hyderabad,Hyderabad,Telangana Gw,17.374,78.437,2016-02-01,2016,2,Rabi,11.76
TSGWD_1089,Hyderabad,Hyderabad,Telangana Gw,17.374,78.437,2016-03-01,2016,3,Pre-Monsoon,12.36
TSGWD_1089,Hyderabad,Hyderabad,Telangana Gw,17.374,78.437,2016-04-01,2016,4,Pre-Monsoon,13.21
TSGWD_1089,Hyderabad,Hyderabad,Telangana Gw,17.374,78.437,2016-05-01,2016,5,Pre-Monsoon,9.0
TSGWD_1089,Hyderabad,Hyderabad,Telangana Gw,17.374,78.437,2016-06-01,2016,6,Kharif,0.0
TSGWD_1089,Hyderabad,Hyderabad,Telangana Gw,17.374,78.437,2016-07-01,2016,7,Kharif,8.01
TSGWD_1089,Hyderabad,Hyderabad,Telangana Gw,17.374,78.437,2016-08-01,2016,8,Kharif,7.16
TSGWD_1089,Hyderabad,Hyderabad,Telangana Gw,17.374,78.437,2016-09-01,2016,9,Kharif,1.16
TSGWD_1089,Hyderabad,Hyderabad,Telangana Gw,17.374,78.437,2016-10-01,2016,10,Post-Monsoon,1.81
TSGWD_1089,Hyderabad,Hyderabad,Telangana Gw,17.374,78.437,2016-11-01,2016,11,Post-Monsoon,2.21
TSGWD_1089,Hyderabad,Hyderabad,Telangana Gw,17.374,78.437,2016-12-01,2016,12,Post-Monsoon,3.11
TSGWD_1089,Hyderabad,Hyderabad,Telangana Gw,17.374,78.437,2017-01-01,2017,1,Rabi,3.91
TSGWD_1089,Hyderabad,Hyderabad,Telangana Gw,17.374,78.437,2017-02-01,2017,2,Rabi,4.21
TSGWD_1089,Hyderabad,Hyderabad,Telangana Gw,17.374,78.437,2017-03-01,2017,3,Pre-Monsoon,4.56
TSGWD_1089,Hyderabad,Hyderabad,Telangana Gw,17.374,78.437,2017-04-01,2017,4,Pre-Monsoon,6.7
TSGWD_1089,Hyderabad,Hyderabad,Telangana Gw,17.374,78.437,2017-05-01,2017,5,Pre-Monsoon,10.01
TSGWD_1089,Hyderabad,Hyderabad,Telangana Gw,17.374,78.437,2017-06-01,2017,6,Kharif,5.76
TSGWD_1089,Hyderabad,Hyderabad,Telangana Gw,17.374,78.437,2017-07-01,2017,7,Kharif,4.52
TSGWD_1089,Hyderabad,Hyderabad,Telangana Gw,17.374,78.437,2017-08-01,2017,8,Kharif,3.41
TSGWD_1089,Hyderabad,Hyderabad,Telangana Gw,17.374,78.437,2017-09-01,2017,9,Kharif,3.81
TSGWD_1089,Hyderabad,Hyderabad,Telangana Gw,17.374,78.437,2017-10-01,2017,10,Post-Monsoon,1.87
TSGWD_1089,Hyderabad,Hyderabad,Telangana Gw,17.374,78.437,2017-11-01,2017,11,Post-Monsoon,2.91
TSGWD_1089,Hyderabad,Hyderabad,Telangana Gw,17.374,78.437,2017-12-01,2017,12,Post-Monsoon,3.66
TSGWD_1089,Hyderabad,Hyderabad,Telangana Gw,17.374,78.437,2018-01-18,2018,1,Rabi,3.31
TSGWD_1089,Hyderabad,Hyderabad,Telangana Gw,17.374,78.437,2018-02-18,2018,2,Rabi,3.96
TSGWD_1089,Hyderabad,Hyderabad,Telangana Gw,17.374,78.437,2018-03-18,2018,3,Pre-Monsoon,4.1
TSGWD_1089,Hyderabad,Hyderabad,Telangana Gw,17.374,78.437,2018-04-18,2018,4,Pre-Monsoon,4.55
TSGWD_1089,Hyderabad,Hyderabad,Telangana Gw,17.374,78.437,2018-05-18,2018,5,Pre-Monsoon,6.11
TSGWD_1089,Hyderabad,Hyderabad,Telangana Gw,17.374,78.437,2018-06-18,2018,6,Kharif,7.21
TSGWD_1089,Hyderabad,Hyderabad,Telangana Gw,17.374,78.437,2018-07-18,2018,7,Kharif,7.05
TSGWD_1089,Hyderabad,Hyderabad,Telangana Gw,17.374,78.437,2018-08-18,2018,8,Kharif,6.33
TSGWD_1089,Hyderabad,Hyderabad,Telangana Gw,17.374,78.437,2018-09-18,2018,9,Kharif,4.9
TSGWD_1089,Hyderabad,Hyderabad,Telangana Gw,17.374,78.437,2018-10-18,2018,10,Post-Monsoon,4.52
TSGWD_1089,Hyderabad,Hyderabad,Telangana Gw,17.374,78.437,2018-11-18,2018,11,Post-Monsoon,6.18
TSGWD_1089,Hyderabad,Hyderabad,Telangana Gw,17.374,78.437,2018-12-18,2018,12,Post-Monsoon,7.59
TSGWD_1089,Hyderabad,Hyderabad,Telangana Gw,17.374,78.437,2019-01-18,2019,1,Rabi,7.74
TSGWD_1089,Hyderabad,Hyderabad,Telangana Gw,17.374,78.437,2019-02-01,2019,2,Rabi,7.85
TSGWD_1089,Hyderabad,Hyderabad,Telangana Gw,17.374,78.437,2019-03-01,2019,3,Pre-Monsoon,11.29
TSGWD_1089,Hyderabad,Hyderabad,Telangana Gw,17.374,78.437,2019-04-01,2019,4,Pre-Monsoon,13.34
TSGWD_1089,Hyderabad,Hyderabad,Telangana Gw,17.374,78.437,2019-05-19,2019,5,Pre-Monsoon,14.25
TSGWD_1089,Hyderabad,Hyderabad,Telangana Gw,17.374,78.437,2019-06-19,2019,6,Kharif,13.39
TSGWD_1089,Hyderabad,Hyderabad,Telangana Gw,17.374,78.437,2019-07-01,2019,7,Kharif,12.45
TSGWD_1089,Hyderabad,Hyderabad,Telangana Gw,17.374,78.437,2019-08-01,2019,8,Kharif,8.51
TSGWD_1089,Hyderabad,Hyderabad,Telangana Gw,17.374,78.437,2019-09-01,2019,9,Kharif,7.41
TSGWD_1089,Hyderabad,Hyderabad,Telangana Gw,17.374,78.437,2019-10-22,2019,10,Post-Monsoon,8.01
TSGWD_1089,Hyderabad,Hyderabad,Telangana Gw,17.374,78.437,2019-11-22,2019,11,Post-Monsoon,5.94
TSGWD_1089,Hyderabad,Hyderabad,Telangana Gw,17.374,78.437,2019-12-22,2019,12,Post-Monsoon,6.56
TSGWD_1090,Hyderabad,Hyderabad,Telangana Gw,17.333,78.484,2007-05-01,2007,5,Pre-Monsoon,10.0
TSGWD_1090,Hyderabad,Hyderabad,Telangana Gw,17.333,78.484,2007-06-01,2007,6,Kharif,7.78
TSGWD_1090,Hyderabad,Hyderabad,Telangana Gw,17.333,78.484,2007-07-01,2007,7,Kharif,8.09
TSGWD_1090,Hyderabad,Hyderabad,Telangana Gw,17.333,78.484,2007-08-01,2007,8,Kharif,5.61
TSGWD_1090,Hyderabad,Hyderabad,Telangana Gw,17.333,78.484,2007-09-01,2007,9,Kharif,5.94
TSGWD_1090,Hyderabad,Hyderabad,Telangana Gw,17.333,78.484,2007-10-01,2007,10,Post-Monsoon,6.45
TSGWD_1090,Hyderabad,Hyderabad,Telangana Gw,17.333,78.484,2007-11-01,2007,11,Post-Monsoon,6.63
TSGWD_1090,Hyderabad,Hyderabad,Telangana Gw,17.333,78.484,2007-12-01,2007,12,Post-Monsoon,7.96
TSGWD_1090,Hyderabad,Hyderabad,Telangana Gw,17.333,78.484,2008-01-01,2008,1,Rabi,8.36
TSGWD_1090,Hyderabad,Hyderabad,Telangana Gw,17.333,78.484,2008-02-01,2008,2,Rabi,8.0
TSGWD_1090,Hyderabad,Hyderabad,Telangana Gw,17.333,78.484,2008-03-01,2008,3,Pre-Monsoon,7.37
TSGWD_1090,Hyderabad,Hyderabad,Telangana Gw,17.333,78.484,2008-04-01,2008,4,Pre-Monsoon,7.94
TSGWD_1090,Hyderabad,Hyderabad,Telangana Gw,17.333,78.484,2008-05-01,2008,5,Pre-Monsoon,8.47
TSGWD_1090,Hyderabad,Hyderabad,Telangana Gw,17.333,78.484,2008-06-01,2008,6,Kharif,8.44
TSGWD_1090,Hyderabad,Hyderabad,Telangana Gw,17.333,78.484,2008-07-01,2008,7,Kharif,8.46
TSGWD_1090,Hyderabad,Hyderabad,Telangana Gw,17.333,78.484,2008-08-01,2008,8,Kharif,4.95
TSGWD_1090,Hyderabad,Hyderabad,Telangana Gw,17.333,78.484,2008-09-01,2008,9,Kharif,4.47
TSGWD_1090,Hyderabad,Hyderabad,Telangana Gw,17.333,78.484,2008-10-01,2008,10,Post-Monsoon,5.04
TSGWD_1090,Hyderabad,Hyderabad,Telangana Gw,17.333,78.484,2008-11-01,2008,11,Post-Monsoon,6.56
TSGWD_1090,Hyderabad,Hyderabad,Telangana Gw,17.333,78.484,2008-12-01,2008,12,Post-Monsoon,7.05
TSGWD_1090,Hyderabad,Hyderabad,Telangana Gw,17.333,78.484,2009-01-01,2009,1,Rabi,6.75
TSGWD_1090,Hyderabad,Hyderabad,Telangana Gw,17.333,78.484,2009-02-01,2009,2,Rabi,7.4
TSGWD_1090,Hyderabad,Hyderabad,Telangana Gw,17.333,78.484,2009-03-01,2009,3,Pre-Monsoon,7.64
TSGWD_1090,Hyderabad,Hyderabad,Telangana Gw,17.333,78.484,2009-04-01,2009,4,Pre-Monsoon,7.75
TSGWD_1090,Hyderabad,Hyderabad,Telangana Gw,17.333,78.484,2009-05-01,2009,5,Pre-Monsoon,8.08
TSGWD_1090,Hyderabad,Hyderabad,Telangana Gw,17.333,78.484,2009-06-01,2009,6,Kharif,7.6
TSGWD_1090,Hyderabad,Hyderabad,Telangana Gw,17.333,78.484,2009-07-01,2009,7,Kharif,7.68
TSGWD_1090,Hyderabad,Hyderabad,Telangana Gw,17.333,78.484,2009-08-01,2009,8,Kharif,6.8
TSGWD_1090,Hyderabad,Hyderabad,Telangana Gw,17.333,78.484,2009-09-01,2009,9,Kharif,5.8
TSGWD_1090,Hyderabad,Hyderabad,Telangana Gw,17.333,78.484,2009-10-01,2009,10,Post-Monsoon,5.9
TSGWD_1090,Hyderabad,Hyderabad,Telangana Gw,17.333,78.484,2009-11-01,2009,11,Post-Monsoon,6.75
TSGWD_1090,Hyderabad,Hyderabad,Telangana Gw,17.333,78.484,2009-12-01,2009,12,Post-Monsoon,7.04
TSGWD_1090,Hyderabad,Hyderabad,Telangana Gw,17.333,78.484,2010-01-01,2010,1,Rabi,7.63
TSGWD_1090,Hyderabad,Hyderabad,Telangana Gw,17.333,78.484,2010-02-01,2010,2,Rabi,8.05
TSGWD_1090,Hyderabad,Hyderabad,Telangana Gw,17.333,78.484,2010-03-01,2010,3,Pre-Monsoon,8.55
TSGWD_1090,Hyderabad,Hyderabad,Telangana Gw,17.333,78.484,2010-04-01,2010,4,Pre-Monsoon,8.86
TSGWD_1090,Hyderabad,Hyderabad,Telangana Gw,17.333,78.484,2010-05-01,2010,5,Pre-Monsoon,8.78
TSGWD_1090,Hyderabad,Hyderabad,Telangana Gw,17.333,78.484,2010-06-01,2010,6,Kharif,7.28
TSGWD_1090,Hyderabad,Hyderabad,Telangana Gw,17.333,78.484,2010-07-01,2010,7,Kharif,5.08
TSGWD_1090,Hyderabad,Hyderabad,Telangana Gw,17.333,78.484,2010-08-01,2010,8,Kharif,5.4
TSGWD_1090,Hyderabad,Hyderabad,Telangana Gw,17.333,78.484,2010-09-01,2010,9,Kharif,3.5
TSGWD_1090,Hyderabad,Hyderabad,Telangana Gw,17.333,78.484,2010-10-01,2010,10,Post-Monsoon,4.1
TSGWD_1090,Hyderabad,Hyderabad,Telangana Gw,17.333,78.484,2010-11-01,2010,11,Post-Monsoon,5.1
TSGWD_1090,Hyderabad,Hyderabad,Telangana Gw,17.333,78.484,2010-12-01,2010,12,Post-Monsoon,6.12
TSGWD_1090,Hyderabad,Hyderabad,Telangana Gw,17.333,78.484,2011-01-01,2011,1,Rabi,6.85
TSGWD_1090,Hyderabad,Hyderabad,Telangana Gw,17.333,78.484,2011-02-01,2011,2,Rabi,7.05
TSGWD_1090,Hyderabad,Hyderabad,Telangana Gw,17.333,78.484,2011-03-01,2011,3,Pre-Monsoon,8.04
TSGWD_1090,Hyderabad,Hyderabad,Telangana Gw,17.333,78.484,2011-04-01,2011,4,Pre-Monsoon,8.7
TSGWD_1090,Hyderabad,Hyderabad,Telangana Gw,17.333,78.484,2011-05-01,2011,5,Pre-Monsoon,9.5
TSGWD_1090,Hyderabad,Hyderabad,Telangana Gw,17.333,78.484,2011-06-01,2011,6,Kharif,10.26
TSGWD_1090,Hyderabad,Hyderabad,Telangana Gw,17.333,78.484,2011-07-01,2011,7,Kharif,8.7
TSGWD_1090,Hyderabad,Hyderabad,Telangana Gw,17.333,78.484,2011-08-01,2011,8,Kharif,8.8
TSGWD_1090,Hyderabad,Hyderabad,Telangana Gw,17.333,78.484,2011-09-01,2011,9,Kharif,0.0
TSGWD_1090,Hyderabad,Hyderabad,Telangana Gw,17.333,78.484,2011-10-01,2011,10,Post-Monsoon,9.3
TSGWD_1090,Hyderabad,Hyderabad,Telangana Gw,17.333,78.484,2011-11-01,2011,11,Post-Monsoon,9.5
TSGWD_1090,Hyderabad,Hyderabad,Telangana Gw,17.333,78.484,2011-12-01,2011,12,Post-Monsoon,9.6
TSGWD_1090,Hyderabad,Hyderabad,Telangana Gw,17.333,78.484,2012-01-01,2012,1,Rabi,9.6
TSGWD_1090,Hyderabad,Hyderabad,Telangana Gw,17.333,78.484,2012-02-01,2012,2,Rabi,9.75
TSGWD_1090,Hyderabad,Hyderabad,Telangana Gw,17.333,78.484,2012-03-01,2012,3,Pre-Monsoon,9.9
TSGWD_1090,Hyderabad,Hyderabad,Telangana Gw,17.333,78.484,2012-04-01,2012,4,Pre-Monsoon,10.15
TSGWD_1090,Hyderabad,Hyderabad,Telangana Gw,17.333,78.484,2012-05-01,2012,5,Pre-Monsoon,10.55
TSGWD_1090,Hyderabad,Hyderabad,Telangana Gw,17.333,78.484,2012-06-01,2012,6,Kharif,10.2
TSGWD_1090,Hyderabad,Hyderabad,Telangana Gw,17.333,78.484,2012-07-01,2012,7,Kharif,7.8
TSGWD_1090,Hyderabad,Hyderabad,Telangana Gw,17.333,78.484,2012-08-01,2012,8,Kharif,8.55
TSGWD_1090,Hyderabad,Hyderabad,Telangana Gw,17.333,78.484,2012-09-01,2012,9,Kharif,7.7
TSGWD_1090,Hyderabad,Hyderabad,Telangana Gw,17.333,78.484,2012-10-01,2012,10,Post-Monsoon,7.55
TSGWD_1090,Hyderabad,Hyderabad,Telangana Gw,17.333,78.484,2012-11-01,2012,11,Post-Monsoon,7.6
TSGWD_1090,Hyderabad,Hyderabad,Telangana Gw,17.333,78.484,2012-12-01,2012,12,Post-Monsoon,8.2
TSGWD_1090,Hyderabad,Hyderabad,Telangana Gw,17.333,78.484,2013-01-01,2013,1,Rabi,9.05
TSGWD_1090,Hyderabad,Hyderabad,Telangana Gw,17.333,78.484,2013-02-01,2013,2,Rabi,9.1
TSGWD_1090,Hyderabad,Hyderabad,Telangana Gw,17.333,78.484,2013-03-01,2013,3,Pre-Monsoon,9.5
TSGWD_1090,Hyderabad,Hyderabad,Telangana Gw,17.333,78.484,2013-04-01,2013,4,Pre-Monsoon,10.5
TSGWD_1090,Hyderabad,Hyderabad,Telangana Gw,17.333,78.484,2013-05-01,2013,5,Pre-Monsoon,10.9
TSGWD_1090,Hyderabad,Hyderabad,Telangana Gw,17.333,78.484,2013-06-01,2013,6,Kharif,10.25
TSGWD_1090,Hyderabad,Hyderabad,Telangana Gw,17.333,78.484,2013-07-01,2013,7,Kharif,8.2
TSGWD_1090,Hyderabad,Hyderabad,Telangana Gw,17.333,78.484,2013-08-01,2013,8,Kharif,7.8
TSGWD_1090,Hyderabad,Hyderabad,Telangana Gw,17.333,78.484,2013-09-01,2013,9,Kharif,6.9
TSGWD_1090,Hyderabad,Hyderabad,Telangana Gw,17.333,78.484,2013-10-01,2013,10,Post-Monsoon,5.6
TSGWD_1090,Hyderabad,Hyderabad,Telangana Gw,17.333,78.484,2013-11-01,2013,11,Post-Monsoon,7.0
TSGWD_1090,Hyderabad,Hyderabad,Telangana Gw,17.333,78.484,2013-12-01,2013,12,Post-Monsoon,7.85
TSGWD_1090,Hyderabad,Hyderabad,Telangana Gw,17.333,78.484,2014-01-01,2014,1,Rabi,8.0
TSGWD_1090,Hyderabad,Hyderabad,Telangana Gw,17.333,78.484,2014-02-01,2014,2,Rabi,9.0
TSGWD_1090,Hyderabad,Hyderabad,Telangana Gw,17.333,78.484,2014-03-01,2014,3,Pre-Monsoon,9.15
TSGWD_1090,Hyderabad,Hyderabad,Telangana Gw,17.333,78.484,2014-04-01,2014,4,Pre-Monsoon,9.6
TSGWD_1090,Hyderabad,Hyderabad,Telangana Gw,17.333,78.484,2014-05-01,2014,5,Pre-Monsoon,10.5
TSGWD_1090,Hyderabad,Hyderabad,Telangana Gw,17.333,78.484,2014-06-01,2014,6,Kharif,10.95
TSGWD_1090,Hyderabad,Hyderabad,Telangana Gw,17.333,78.484,2014-07-01,2014,7,Kharif,10.6
TSGWD_1090,Hyderabad,Hyderabad,Telangana Gw,17.333,78.484,2014-08-01,2014,8,Kharif,11.77
TSGWD_1090,Hyderabad,Hyderabad,Telangana Gw,17.333,78.484,2014-09-01,2014,9,Kharif,9.6
TSGWD_1090,Hyderabad,Hyderabad,Telangana Gw,17.333,78.484,2014-10-01,2014,10,Post-Monsoon,9.9
TSGWD_1090,Hyderabad,Hyderabad,Telangana Gw,17.333,78.484,2014-11-01,2014,11,Post-Monsoon,9.86
TSGWD_1090,Hyderabad,Hyderabad,Telangana Gw,17.333,78.484,2014-12-01,2014,12,Post-Monsoon,10.15
TSGWD_1090,Hyderabad,Hyderabad,Telangana Gw,17.333,78.484,2015-01-01,2015,1,Rabi,10.4
TSGWD_1090,Hyderabad,Hyderabad,Telangana Gw,17.333,78.484,2015-02-01,2015,2,Rabi,10.7
TSGWD_1090,Hyderabad,Hyderabad,Telangana Gw,17.333,78.484,2015-03-01,2015,3,Pre-Monsoon,10.8
TSGWD_1090,Hyderabad,Hyderabad,Telangana Gw,17.333,78.484,2015-04-01,2015,4,Pre-Monsoon,10.4
TSGWD_1090,Hyderabad,Hyderabad,Telangana Gw,17.333,78.484,2015-05-01,2015,5,Pre-Monsoon,12.3
TSGWD_1090,Hyderabad,Hyderabad,Telangana Gw,17.333,78.484,2015-06-01,2015,6,Kharif,10.5
TSGWD_1090,Hyderabad,Hyderabad,Telangana Gw,17.333,78.484,2015-07-01,2015,7,Kharif,10.9
TSGWD_1090,Hyderabad,Hyderabad,Telangana Gw,17.333,78.484,2015-08-01,2015,8,Kharif,10.19
TSGWD_1090,Hyderabad,Hyderabad,Telangana Gw,17.333,78.484,2015-09-01,2015,9,Kharif,9.2
TSGWD_1090,Hyderabad,Hyderabad,Telangana Gw,17.333,78.484,2015-10-01,2015,10,Post-Monsoon,9.5
TSGWD_1090,Hyderabad,Hyderabad,Telangana Gw,17.333,78.484,2015-11-01,2015,11,Post-Monsoon,10.2
TSGWD_1090,Hyderabad,Hyderabad,Telangana Gw,17.333,78.484,2015-12-01,2015,12,Post-Monsoon,10.5
TSGWD_1090,Hyderabad,Hyderabad,Telangana Gw,17.333,78.484,2016-01-01,2016,1,Rabi,10.55
TSGWD_1090,Hyderabad,Hyderabad,Telangana Gw,17.333,78.484,2016-02-01,2016,2,Rabi,11.3
TSGWD_1090,Hyderabad,Hyderabad,Telangana Gw,17.333,78.484,2016-03-01,2016,3,Pre-Monsoon,11.5
TSGWD_1090,Hyderabad,Hyderabad,Telangana Gw,17.333,78.484,2016-04-01,2016,4,Pre-Monsoon,11.95
TSGWD_1090,Hyderabad,Hyderabad,Telangana Gw,17.333,78.484,2016-05-01,2016,5,Pre-Monsoon,11.15
TSGWD_1090,Hyderabad,Hyderabad,Telangana Gw,17.333,78.484,2016-06-01,2016,6,Kharif,10.55
TSGWD_1090,Hyderabad,Hyderabad,Telangana Gw,17.333,78.484,2016-07-01,2016,7,Kharif,11.48
TSGWD_1090,Hyderabad,Hyderabad,Telangana Gw,17.333,78.484,2016-08-01,2016,8,Kharif,11.45
TSGWD_1090,Hyderabad,Hyderabad,Telangana Gw,17.333,78.484,2016-09-01,2016,9,Kharif,6.95
TSGWD_1090,Hyderabad,Hyderabad,Telangana Gw,17.333,78.484,2016-10-01,2016,10,Post-Monsoon,7.5
TSGWD_1090,Hyderabad,Hyderabad,Telangana Gw,17.333,78.484,2016-11-01,2016,11,Post-Monsoon,7.9
TSGWD_1090,Hyderabad,Hyderabad,Telangana Gw,17.333,78.484,2016-12-01,2016,12,Post-Monsoon,9.35
TSGWD_1090,Hyderabad,Hyderabad,Telangana Gw,17.333,78.484,2017-01-01,2017,1,Rabi,9.7
TSGWD_1090,Hyderabad,Hyderabad,Telangana Gw,17.333,78.484,2017-02-01,2017,2,Rabi,9.8
TSGWD_1090,Hyderabad,Hyderabad,Telangana Gw,17.333,78.484,2017-03-01,2017,3,Pre-Monsoon,11.4
TSGWD_1090,Hyderabad,Hyderabad,Telangana Gw,17.333,78.484,2017-04-01,2017,4,Pre-Monsoon,12.5
TSGWD_1090,Hyderabad,Hyderabad,Telangana Gw,17.333,78.484,2017-05-01,2017,5,Pre-Monsoon,13.2
TSGWD_1090,Hyderabad,Hyderabad,Telangana Gw,17.333,78.484,2017-06-01,2017,6,Kharif,11.47
TSGWD_1090,Hyderabad,Hyderabad,Telangana Gw,17.333,78.484,2017-07-01,2017,7,Kharif,10.95
TSGWD_1090,Hyderabad,Hyderabad,Telangana Gw,17.333,78.484,2017-08-01,2017,8,Kharif,9.8
TSGWD_1090,Hyderabad,Hyderabad,Telangana Gw,17.333,78.484,2017-09-01,2017,9,Kharif,10.0
TSGWD_1090,Hyderabad,Hyderabad,Telangana Gw,17.333,78.484,2017-10-01,2017,10,Post-Monsoon,6.92
TSGWD_1090,Hyderabad,Hyderabad,Telangana Gw,17.333,78.484,2017-11-01,2017,11,Post-Monsoon,9.0
TSGWD_1090,Hyderabad,Hyderabad,Telangana Gw,17.333,78.484,2017-12-01,2017,12,Post-Monsoon,9.6
TSGWD_1090,Hyderabad,Hyderabad,Telangana Gw,17.333,78.484,2018-01-18,2018,1,Rabi,10.2
TSGWD_1090,Hyderabad,Hyderabad,Telangana Gw,17.333,78.484,2018-02-18,2018,2,Rabi,10.86
TSGWD_1090,Hyderabad,Hyderabad,Telangana Gw,17.333,78.484,2018-03-18,2018,3,Pre-Monsoon,12.31
TSGWD_1090,Hyderabad,Hyderabad,Telangana Gw,17.333,78.484,2018-04-18,2018,4,Pre-Monsoon,12.6
TSGWD_1090,Hyderabad,Hyderabad,Telangana Gw,17.333,78.484,2018-05-18,2018,5,Pre-Monsoon,12.7
TSGWD_1090,Hyderabad,Hyderabad,Telangana Gw,17.333,78.484,2018-06-18,2018,6,Kharif,13.15
TSGWD_1090,Hyderabad,Hyderabad,Telangana Gw,17.333,78.484,2018-07-18,2018,7,Kharif,11.78
TSGWD_1090,Hyderabad,Hyderabad,Telangana Gw,17.333,78.484,2018-08-18,2018,8,Kharif,10.26
TSGWD_1090,Hyderabad,Hyderabad,Telangana Gw,17.333,78.484,2018-09-18,2018,9,Kharif,8.89
TSGWD_1090,Hyderabad,Hyderabad,Telangana Gw,17.333,78.484,2018-10-18,2018,10,Post-Monsoon,8.31
TSGWD_1090,Hyderabad,Hyderabad,Telangana Gw,17.333,78.484,2018-11-18,2018,11,Post-Monsoon,9.78
TSGWD_1090,Hyderabad,Hyderabad,Telangana Gw,17.333,78.484,2018-12-18,2018,12,Post-Monsoon,10.23
TSGWD_1090,Hyderabad,Hyderabad,Telangana Gw,17.333,78.484,2019-01-18,2019,1,Rabi,11.06
TSGWD_1090,Hyderabad,Hyderabad,Telangana Gw,17.333,78.484,2019-02-01,2019,2,Rabi,11.38
TSGWD_1090,Hyderabad,Hyderabad,Telangana Gw,17.333,78.484,2019-03-01,2019,3,Pre-Monsoon,13.25
TSGWD_1090,Hyderabad,Hyderabad,Telangana Gw,17.333,78.484,2019-04-01,2019,4,Pre-Monsoon,14.13
TSGWD_1090,Hyderabad,Hyderabad,Telangana Gw,17.333,78.484,2019-05-19,2019,5,Pre-Monsoon,15.38
TSGWD_1090,Hyderabad,Hyderabad,Telangana Gw,17.333,78.484,2019-06-19,2019,6,Kharif,15.61
TSGWD_1090,Hyderabad,Hyderabad,Telangana Gw,17.333,78.484,2019-07-01,2019,7,Kharif,15.09
TSGWD_1090,Hyderabad,Hyderabad,Telangana Gw,17.333,78.484,2019-08-01,2019,8,Kharif,12.95
TSGWD_1090,Hyderabad,Hyderabad,Telangana Gw,17.333,78.484,2019-09-01,2019,9,Kharif,11.2
TSGWD_1090,Hyderabad,Hyderabad,Telangana Gw,17.333,78.484,2019-10-22,2019,10,Post-Monsoon,14.15
TSGWD_1090,Hyderabad,Hyderabad,Telangana Gw,17.333,78.484,2019-11-22,2019,11,Post-Monsoon,10.35
TSGWD_1090,Hyderabad,Hyderabad,Telangana Gw,17.333,78.484,2019-12-22,2019,12,Post-Monsoon,11.21
TSGWD_1091,Hyderabad,Hyderabad,Telangana Gw,17.351,78.458,2007-05-01,2007,5,Pre-Monsoon,0.0
TSGWD_1091,Hyderabad,Hyderabad,Telangana Gw,17.351,78.458,2007-06-01,2007,6,Kharif,0.0
TSGWD_1091,Hyderabad,Hyderabad,Telangana Gw,17.351,78.458,2007-07-01,2007,7,Kharif,0.0
TSGWD_1091,Hyderabad,Hyderabad,Telangana Gw,17.351,78.458,2007-08-01,2007,8,Kharif,0.0
TSGWD_1091,Hyderabad,Hyderabad,Telangana Gw,17.351,78.458,2007-09-01,2007,9,Kharif,0.0
TSGWD_1091,Hyderabad,Hyderabad,Telangana Gw,17.351,78.458,2007-10-01,2007,10,Post-Monsoon,0.0
TSGWD_1091,Hyderabad,Hyderabad,Telangana Gw,17.351,78.458,2007-11-01,2007,11,Post-Monsoon,0.0
TSGWD_1091,Hyderabad,Hyderabad,Telangana Gw,17.351,78.458,2007-12-01,2007,12,Post-Monsoon,0.0
TSGWD_1091,Hyderabad,Hyderabad,Telangana Gw,17.351,78.458,2008-01-01,2008,1,Rabi,0.0
TSGWD_1091,Hyderabad,Hyderabad,Telangana Gw,17.351,78.458,2008-02-01,2008,2,Rabi,0.0
TSGWD_1091,Hyderabad,Hyderabad,Telangana Gw,17.351,78.458,2008-03-01,2008,3,Pre-Monsoon,0.0
TSGWD_1091,Hyderabad,Hyderabad,Telangana Gw,17.351,78.458,2008-04-01,2008,4,Pre-Monsoon,0.0
TSGWD_1091,Hyderabad,Hyderabad,Telangana Gw,17.351,78.458,2008-05-01,2008,5,Pre-Monsoon,0.0
TSGWD_1091,Hyderabad,Hyderabad,Telangana Gw,17.351,78.458,2008-06-01,2008,6,Kharif,0.0
TSGWD_1091,Hyderabad,Hyderabad,Telangana Gw,17.351,78.458,2008-07-01,2008,7,Kharif,0.0
TSGWD_1091,Hyderabad,Hyderabad,Telangana Gw,17.351,78.458,2008-08-01,2008,8,Kharif,0.0
TSGWD_1091,Hyderabad,Hyderabad,Telangana Gw,17.351,78.458,2008-09-01,2008,9,Kharif,0.0
TSGWD_1091,Hyderabad,Hyderabad,Telangana Gw,17.351,78.458,2008-10-01,2008,10,Post-Monsoon,0.0
TSGWD_1091,Hyderabad,Hyderabad,Telangana Gw,17.351,78.458,2008-11-01,2008,11,Post-Monsoon,0.0
TSGWD_1091,Hyderabad,Hyderabad,Telangana Gw,17.351,78.458,2008-12-01,2008,12,Post-Monsoon,0.0
TSGWD_1091,Hyderabad,Hyderabad,Telangana Gw,17.351,78.458,2009-01-01,2009,1,Rabi,0.0
TSGWD_1091,Hyderabad,Hyderabad,Telangana Gw,17.351,78.458,2009-02-01,2009,2,Rabi,0.0
TSGWD_1091,Hyderabad,Hyderabad,Telangana Gw,17.351,78.458,2009-03-01,2009,3,Pre-Monsoon,0.0
TSGWD_1091,Hyderabad,Hyderabad,Telangana Gw,17.351,78.458,2009-04-01,2009,4,Pre-Monsoon,4.48
TSGWD_1091,Hyderabad,Hyderabad,Telangana Gw,17.351,78.458,2009-05-01,2009,5,Pre-Monsoon,4.45
TSGWD_1091,Hyderabad,Hyderabad,Telangana Gw,17.351,78.458,2009-06-01,2009,6,Kharif,5.0
TSGWD_1091,Hyderabad,Hyderabad,Telangana Gw,17.351,78.458,2009-07-01,2009,7,Kharif,2.8
TSGWD_1091,Hyderabad,Hyderabad,Telangana Gw,17.351,78.458,2009-08-01,2009,8,Kharif,2.0
TSGWD_1091,Hyderabad,Hyderabad,Telangana Gw,17.351,78.458,2009-09-01,2009,9,Kharif,3.15
TSGWD_1091,Hyderabad,Hyderabad,Telangana Gw,17.351,78.458,2009-10-01,2009,10,Post-Monsoon,2.2
TSGWD_1091,Hyderabad,Hyderabad,Telangana Gw,17.351,78.458,2009-11-01,2009,11,Post-Monsoon,3.0
TSGWD_1091,Hyderabad,Hyderabad,Telangana Gw,17.351,78.458,2009-12-01,2009,12,Post-Monsoon,3.45
TSGWD_1091,Hyderabad,Hyderabad,Telangana Gw,17.351,78.458,2010-01-01,2010,1,Rabi,3.56
TSGWD_1091,Hyderabad,Hyderabad,Telangana Gw,17.351,78.458,2010-02-01,2010,2,Rabi,3.82
TSGWD_1091,Hyderabad,Hyderabad,Telangana Gw,17.351,78.458,2010-03-01,2010,3,Pre-Monsoon,4.05
TSGWD_1091,Hyderabad,Hyderabad,Telangana Gw,17.351,78.458,2010-04-01,2010,4,Pre-Monsoon,13.24
TSGWD_1091,Hyderabad,Hyderabad,Telangana Gw,17.351,78.458,2010-05-01,2010,5,Pre-Monsoon,5.13
TSGWD_1091,Hyderabad,Hyderabad,Telangana Gw,17.351,78.458,2010-06-01,2010,6,Kharif,3.22
TSGWD_1091,Hyderabad,Hyderabad,Telangana Gw,17.351,78.458,2010-07-01,2010,7,Kharif,2.19
TSGWD_1091,Hyderabad,Hyderabad,Telangana Gw,17.351,78.458,2010-08-01,2010,8,Kharif,1.6
TSGWD_1091,Hyderabad,Hyderabad,Telangana Gw,17.351,78.458,2010-09-01,2010,9,Kharif,1.4
TSGWD_1091,Hyderabad,Hyderabad,Telangana Gw,17.351,78.458,2010-10-01,2010,10,Post-Monsoon,2.0
TSGWD_1091,Hyderabad,Hyderabad,Telangana Gw,17.351,78.458,2010-11-01,2010,11,Post-Monsoon,3.05
TSGWD_1091,Hyderabad,Hyderabad,Telangana Gw,17.351,78.458,2010-12-01,2010,12,Post-Monsoon,3.35
TSGWD_1091,Hyderabad,Hyderabad,Telangana Gw,17.351,78.458,2011-01-01,2011,1,Rabi,3.6
TSGWD_1091,Hyderabad,Hyderabad,Telangana Gw,17.351,78.458,2011-02-01,2011,2,Rabi,3.25
TSGWD_1091,Hyderabad,Hyderabad,Telangana Gw,17.351,78.458,2011-03-01,2011,3,Pre-Monsoon,3.7
TSGWD_1091,Hyderabad,Hyderabad,Telangana Gw,17.351,78.458,2011-04-01,2011,4,Pre-Monsoon,4.2
TSGWD_1091,Hyderabad,Hyderabad,Telangana Gw,17.351,78.458,2011-05-01,2011,5,Pre-Monsoon,4.6
TSGWD_1091,Hyderabad,Hyderabad,Telangana Gw,17.351,78.458,2011-06-01,2011,6,Kharif,4.15
TSGWD_1091,Hyderabad,Hyderabad,Telangana Gw,17.351,78.458,2011-07-01,2011,7,Kharif,3.0
TSGWD_1091,Hyderabad,Hyderabad,Telangana Gw,17.351,78.458,2011-08-01,2011,8,Kharif,1.9
TSGWD_1091,Hyderabad,Hyderabad,Telangana Gw,17.351,78.458,2011-09-01,2011,9,Kharif,0.0
TSGWD_1091,Hyderabad,Hyderabad,Telangana Gw,17.351,78.458,2011-10-01,2011,10,Post-Monsoon,2.35
TSGWD_1091,Hyderabad,Hyderabad,Telangana Gw,17.351,78.458,2011-11-01,2011,11,Post-Monsoon,3.85
TSGWD_1091,Hyderabad,Hyderabad,Telangana Gw,17.351,78.458,2011-12-01,2011,12,Post-Monsoon,3.9
TSGWD_1091,Hyderabad,Hyderabad,Telangana Gw,17.351,78.458,2012-01-01,2012,1,Rabi,3.95
TSGWD_1091,Hyderabad,Hyderabad,Telangana Gw,17.351,78.458,2012-02-01,2012,2,Rabi,4.0
TSGWD_1091,Hyderabad,Hyderabad,Telangana Gw,17.351,78.458,2012-03-01,2012,3,Pre-Monsoon,4.3
TSGWD_1091,Hyderabad,Hyderabad,Telangana Gw,17.351,78.458,2012-04-01,2012,4,Pre-Monsoon,4.0
TSGWD_1091,Hyderabad,Hyderabad,Telangana Gw,17.351,78.458,2012-05-01,2012,5,Pre-Monsoon,4.2
TSGWD_1091,Hyderabad,Hyderabad,Telangana Gw,17.351,78.458,2012-06-01,2012,6,Kharif,3.6
TSGWD_1091,Hyderabad,Hyderabad,Telangana Gw,17.351,78.458,2012-07-01,2012,7,Kharif,2.2
TSGWD_1091,Hyderabad,Hyderabad,Telangana Gw,17.351,78.458,2012-08-01,2012,8,Kharif,2.7
TSGWD_1091,Hyderabad,Hyderabad,Telangana Gw,17.351,78.458,2012-09-01,2012,9,Kharif,2.4
TSGWD_1091,Hyderabad,Hyderabad,Telangana Gw,17.351,78.458,2012-10-01,2012,10,Post-Monsoon,2.1
TSGWD_1091,Hyderabad,Hyderabad,Telangana Gw,17.351,78.458,2012-11-01,2012,11,Post-Monsoon,2.34
TSGWD_1091,Hyderabad,Hyderabad,Telangana Gw,17.351,78.458,2012-12-01,2012,12,Post-Monsoon,2.8
TSGWD_1091,Hyderabad,Hyderabad,Telangana Gw,17.351,78.458,2013-01-01,2013,1,Rabi,4.9
TSGWD_1091,Hyderabad,Hyderabad,Telangana Gw,17.351,78.458,2013-02-01,2013,2,Rabi,4.7
TSGWD_1091,Hyderabad,Hyderabad,Telangana Gw,17.351,78.458,2013-03-01,2013,3,Pre-Monsoon,4.85
TSGWD_1091,Hyderabad,Hyderabad,Telangana Gw,17.351,78.458,2013-04-01,2013,4,Pre-Monsoon,4.9
TSGWD_1091,Hyderabad,Hyderabad,Telangana Gw,17.351,78.458,2013-05-01,2013,5,Pre-Monsoon,5.2
TSGWD_1091,Hyderabad,Hyderabad,Telangana Gw,17.351,78.458,2013-06-01,2013,6,Kharif,4.4
TSGWD_1091,Hyderabad,Hyderabad,Telangana Gw,17.351,78.458,2013-07-01,2013,7,Kharif,1.1
TSGWD_1091,Hyderabad,Hyderabad,Telangana Gw,17.351,78.458,2013-08-01,2013,8,Kharif,0.9
TSGWD_1091,Hyderabad,Hyderabad,Telangana Gw,17.351,78.458,2013-09-01,2013,9,Kharif,0.8
TSGWD_1091,Hyderabad,Hyderabad,Telangana Gw,17.351,78.458,2013-10-01,2013,10,Post-Monsoon,0.7
TSGWD_1091,Hyderabad,Hyderabad,Telangana Gw,17.351,78.458,2013-11-01,2013,11,Post-Monsoon,1.3
TSGWD_1091,Hyderabad,Hyderabad,Telangana Gw,17.351,78.458,2013-12-01,2013,12,Post-Monsoon,2.15
TSGWD_1091,Hyderabad,Hyderabad,Telangana Gw,17.351,78.458,2014-01-01,2014,1,Rabi,1.8
TSGWD_1091,Hyderabad,Hyderabad,Telangana Gw,17.351,78.458,2014-02-01,2014,2,Rabi,2.1
TSGWD_1091,Hyderabad,Hyderabad,Telangana Gw,17.351,78.458,2014-03-01,2014,3,Pre-Monsoon,2.2
TSGWD_1091,Hyderabad,Hyderabad,Telangana Gw,17.351,78.458,2014-04-01,2014,4,Pre-Monsoon,2.4
TSGWD_1091,Hyderabad,Hyderabad,Telangana Gw,17.351,78.458,2014-05-01,2014,5,Pre-Monsoon,2.14
TSGWD_1091,Hyderabad,Hyderabad,Telangana Gw,17.351,78.458,2014-06-01,2014,6,Kharif,2.2
TSGWD_1091,Hyderabad,Hyderabad,Telangana Gw,17.351,78.458,2014-07-01,2014,7,Kharif,1.67
TSGWD_1091,Hyderabad,Hyderabad,Telangana Gw,17.351,78.458,2014-08-01,2014,8,Kharif,2.96
TSGWD_1091,Hyderabad,Hyderabad,Telangana Gw,17.351,78.458,2014-09-01,2014,9,Kharif,1.55
TSGWD_1091,Hyderabad,Hyderabad,Telangana Gw,17.351,78.458,2014-10-01,2014,10,Post-Monsoon,1.3
TSGWD_1091,Hyderabad,Hyderabad,Telangana Gw,17.351,78.458,2014-11-01,2014,11,Post-Monsoon,1.55
TSGWD_1091,Hyderabad,Hyderabad,Telangana Gw,17.351,78.458,2014-12-01,2014,12,Post-Monsoon,1.55
TSGWD_1091,Hyderabad,Hyderabad,Telangana Gw,17.351,78.458,2015-01-01,2015,1,Rabi,1.55
TSGWD_1091,Hyderabad,Hyderabad,Telangana Gw,17.351,78.458,2015-02-01,2015,2,Rabi,12.7
TSGWD_1091,Hyderabad,Hyderabad,Telangana Gw,17.351,78.458,2015-03-01,2015,3,Pre-Monsoon,1.75
TSGWD_1091,Hyderabad,Hyderabad,Telangana Gw,17.351,78.458,2015-04-01,2015,4,Pre-Monsoon,1.6
TSGWD_1091,Hyderabad,Hyderabad,Telangana Gw,17.351,78.458,2015-05-01,2015,5,Pre-Monsoon,3.15
TSGWD_1091,Hyderabad,Hyderabad,Telangana Gw,17.351,78.458,2015-06-01,2015,6,Kharif,1.85
TSGWD_1091,Hyderabad,Hyderabad,Telangana Gw,17.351,78.458,2015-07-01,2015,7,Kharif,2.15
TSGWD_1091,Hyderabad,Hyderabad,Telangana Gw,17.351,78.458,2015-08-01,2015,8,Kharif,1.6
TSGWD_1091,Hyderabad,Hyderabad,Telangana Gw,17.351,78.458,2015-09-01,2015,9,Kharif,2.05
TSGWD_1091,Hyderabad,Hyderabad,Telangana Gw,17.351,78.458,2015-10-01,2015,10,Post-Monsoon,2.1
TSGWD_1091,Hyderabad,Hyderabad,Telangana Gw,17.351,78.458,2015-11-01,2015,11,Post-Monsoon,3.13
TSGWD_1091,Hyderabad,Hyderabad,Telangana Gw,17.351,78.458,2015-12-01,2015,12,Post-Monsoon,2.8
TSGWD_1091,Hyderabad,Hyderabad,Telangana Gw,17.351,78.458,2016-01-01,2016,1,Rabi,2.9
TSGWD_1091,Hyderabad,Hyderabad,Telangana Gw,17.351,78.458,2016-02-01,2016,2,Rabi,16.6
TSGWD_1091,Hyderabad,Hyderabad,Telangana Gw,17.351,78.458,2016-03-01,2016,3,Pre-Monsoon,3.0
TSGWD_1091,Hyderabad,Hyderabad,Telangana Gw,17.351,78.458,2016-04-01,2016,4,Pre-Monsoon,3.2
TSGWD_1091,Hyderabad,Hyderabad,Telangana Gw,17.351,78.458,2016-05-01,2016,5,Pre-Monsoon,2.69
TSGWD_1091,Hyderabad,Hyderabad,Telangana Gw,17.351,78.458,2016-06-01,2016,6,Kharif,2.9
TSGWD_1091,Hyderabad,Hyderabad,Telangana Gw,17.351,78.458,2016-07-01,2016,7,Kharif,15.55
TSGWD_1091,Hyderabad,Hyderabad,Telangana Gw,17.351,78.458,2016-08-01,2016,8,Kharif,14.2
TSGWD_1091,Hyderabad,Hyderabad,Telangana Gw,17.351,78.458,2016-09-01,2016,9,Kharif,11.35
TSGWD_1091,Hyderabad,Hyderabad,Telangana Gw,17.351,78.458,2016-10-01,2016,10,Post-Monsoon,1.7
TSGWD_1091,Hyderabad,Hyderabad,Telangana Gw,17.351,78.458,2016-11-01,2016,11,Post-Monsoon,1.75
TSGWD_1091,Hyderabad,Hyderabad,Telangana Gw,17.351,78.458,2016-12-01,2016,12,Post-Monsoon,2.2
TSGWD_1091,Hyderabad,Hyderabad,Telangana Gw,17.351,78.458,2017-01-01,2017,1,Rabi,2.3
TSGWD_1091,Hyderabad,Hyderabad,Telangana Gw,17.351,78.458,2017-02-01,2017,2,Rabi,2.6
TSGWD_1091,Hyderabad,Hyderabad,Telangana Gw,17.351,78.458,2017-03-01,2017,3,Pre-Monsoon,2.7
TSGWD_1091,Hyderabad,Hyderabad,Telangana Gw,17.351,78.458,2017-04-01,2017,4,Pre-Monsoon,2.8
TSGWD_1091,Hyderabad,Hyderabad,Telangana Gw,17.351,78.458,2017-05-01,2017,5,Pre-Monsoon,2.3
TSGWD_1091,Hyderabad,Hyderabad,Telangana Gw,17.351,78.458,2017-06-01,2017,6,Kharif,1.56
TSGWD_1091,Hyderabad,Hyderabad,Telangana Gw,17.351,78.458,2017-07-01,2017,7,Kharif,1.41
TSGWD_1091,Hyderabad,Hyderabad,Telangana Gw,17.351,78.458,2017-08-01,2017,8,Kharif,1.0
TSGWD_1091,Hyderabad,Hyderabad,Telangana Gw,17.351,78.458,2017-09-01,2017,9,Kharif,1.2
TSGWD_1091,Hyderabad,Hyderabad,Telangana Gw,17.351,78.458,2017-10-01,2017,10,Post-Monsoon,0.85
TSGWD_1091,Hyderabad,Hyderabad,Telangana Gw,17.351,78.458,2017-11-01,2017,11,Post-Monsoon,1.45
TSGWD_1091,Hyderabad,Hyderabad,Telangana Gw,17.351,78.458,2017-12-01,2017,12,Post-Monsoon,1.75
TSGWD_1091,Hyderabad,Hyderabad,Telangana Gw,17.351,78.458,2018-01-18,2018,1,Rabi,1.7
TSGWD_1091,Hyderabad,Hyderabad,Telangana Gw,17.351,78.458,2018-02-18,2018,2,Rabi,1.8
TSGWD_1091,Hyderabad,Hyderabad,Telangana Gw,17.351,78.458,2018-03-18,2018,3,Pre-Monsoon,1.71
TSGWD_1091,Hyderabad,Hyderabad,Telangana Gw,17.351,78.458,2018-04-18,2018,4,Pre-Monsoon,1.8
TSGWD_1091,Hyderabad,Hyderabad,Telangana Gw,17.351,78.458,2018-05-18,2018,5,Pre-Monsoon,2.1
TSGWD_1091,Hyderabad,Hyderabad,Telangana Gw,17.351,78.458,2018-06-18,2018,6,Kharif,2.4
TSGWD_1091,Hyderabad,Hyderabad,Telangana Gw,17.351,78.458,2018-07-18,2018,7,Kharif,1.44
TSGWD_1091,Hyderabad,Hyderabad,Telangana Gw,17.351,78.458,2018-08-18,2018,8,Kharif,1.42
TSGWD_1091,Hyderabad,Hyderabad,Telangana Gw,17.351,78.458,2018-09-18,2018,9,Kharif,1.32
TSGWD_1091,Hyderabad,Hyderabad,Telangana Gw,17.351,78.458,2018-10-18,2018,10,Post-Monsoon,1.27
TSGWD_1091,Hyderabad,Hyderabad,Telangana Gw,17.351,78.458,2018-11-18,2018,11,Post-Monsoon,1.74
TSGWD_1091,Hyderabad,Hyderabad,Telangana Gw,17.351,78.458,2018-12-18,2018,12,Post-Monsoon,1.81
TSGWD_1091,Hyderabad,Hyderabad,Telangana Gw,17.351,78.458,2019-01-18,2019,1,Rabi,1.88
TSGWD_1091,Hyderabad,Hyderabad,Telangana Gw,17.351,78.458,2019-02-01,2019,2,Rabi,1.91
TSGWD_1091,Hyderabad,Hyderabad,Telangana Gw,17.351,78.458,2019-03-01,2019,3,Pre-Monsoon,2.19
TSGWD_1091,Hyderabad,Hyderabad,Telangana Gw,17.351,78.458,2019-04-01,2019,4,Pre-Monsoon,2.23
TSGWD_1091,Hyderabad,Hyderabad,Telangana Gw,17.351,78.458,2019-05-19,2019,5,Pre-Monsoon,2.31
TSGWD_1091,Hyderabad,Hyderabad,Telangana Gw,17.351,78.458,2019-06-19,2019,6,Kharif,2.03
TSGWD_1091,Hyderabad,Hyderabad,Telangana Gw,17.351,78.458,2019-07-01,2019,7,Kharif,2.36
TSGWD_1091,Hyderabad,Hyderabad,Telangana Gw,17.351,78.458,2019-08-01,2019,8,Kharif,2.0
TSGWD_1091,Hyderabad,Hyderabad,Telangana Gw,17.351,78.458,2019-09-01,2019,9,Kharif,0.75
TSGWD_1091,Hyderabad,Hyderabad,Telangana Gw,17.351,78.458,2019-10-22,2019,10,Post-Monsoon,2.93
TSGWD_1091,Hyderabad,Hyderabad,Telangana Gw,17.351,78.458,2019-11-22,2019,11,Post-Monsoon,2.0
TSGWD_1091,Hyderabad,Hyderabad,Telangana Gw,17.351,78.458,2019-12-22,2019,12,Post-Monsoon,2.41
TSGWD_1092,Hyderabad,Hyderabad,Telangana Gw,17.381,78.485,2007-05-01,2007,5,Pre-Monsoon,8.78
TSGWD_1092,Hyderabad,Hyderabad,Telangana Gw,17.381,78.485,2007-06-01,2007,6,Kharif,7.35
TSGWD_1092,Hyderabad,Hyderabad,Telangana Gw,17.381,78.485,2007-07-01,2007,7,Kharif,7.5
TSGWD_1092,Hyderabad,Hyderabad,Telangana Gw,17.381,78.485,2007-08-01,2007,8,Kharif,6.1
TSGWD_1092,Hyderabad,Hyderabad,Telangana Gw,17.381,78.485,2007-09-01,2007,9,Kharif,4.31
TSGWD_1092,Hyderabad,Hyderabad,Telangana Gw,17.381,78.485,2007-10-01,2007,10,Post-Monsoon,4.8
TSGWD_1092,Hyderabad,Hyderabad,Telangana Gw,17.381,78.485,2007-11-01,2007,11,Post-Monsoon,5.02
TSGWD_1092,Hyderabad,Hyderabad,Telangana Gw,17.381,78.485,2007-12-01,2007,12,Post-Monsoon,5.96
TSGWD_1092,Hyderabad,Hyderabad,Telangana Gw,17.381,78.485,2008-01-01,2008,1,Rabi,6.03
TSGWD_1092,Hyderabad,Hyderabad,Telangana Gw,17.381,78.485,2008-02-01,2008,2,Rabi,5.25
TSGWD_1092,Hyderabad,Hyderabad,Telangana Gw,17.381,78.485,2008-03-01,2008,3,Pre-Monsoon,4.1
TSGWD_1092,Hyderabad,Hyderabad,Telangana Gw,17.381,78.485,2008-04-01,2008,4,Pre-Monsoon,4.63
TSGWD_1092,Hyderabad,Hyderabad,Telangana Gw,17.381,78.485,2008-05-01,2008,5,Pre-Monsoon,5.52
TSGWD_1092,Hyderabad,Hyderabad,Telangana Gw,17.381,78.485,2008-06-01,2008,6,Kharif,5.13
TSGWD_1092,Hyderabad,Hyderabad,Telangana Gw,17.381,78.485,2008-07-01,2008,7,Kharif,5.56
TSGWD_1092,Hyderabad,Hyderabad,Telangana Gw,17.381,78.485,2008-08-01,2008,8,Kharif,1.8
TSGWD_1092,Hyderabad,Hyderabad,Telangana Gw,17.381,78.485,2008-09-01,2008,9,Kharif,2.14
TSGWD_1092,Hyderabad,Hyderabad,Telangana Gw,17.381,78.485,2008-10-01,2008,10,Post-Monsoon,3.46
TSGWD_1092,Hyderabad,Hyderabad,Telangana Gw,17.381,78.485,2008-11-01,2008,11,Post-Monsoon,4.4
TSGWD_1092,Hyderabad,Hyderabad,Telangana Gw,17.381,78.485,2008-12-01,2008,12,Post-Monsoon,4.4
TSGWD_1092,Hyderabad,Hyderabad,Telangana Gw,17.381,78.485,2009-01-01,2009,1,Rabi,4.31
TSGWD_1092,Hyderabad,Hyderabad,Telangana Gw,17.381,78.485,2009-02-01,2009,2,Rabi,4.4
TSGWD_1092,Hyderabad,Hyderabad,Telangana Gw,17.381,78.485,2009-03-01,2009,3,Pre-Monsoon,4.5
TSGWD_1092,Hyderabad,Hyderabad,Telangana Gw,17.381,78.485,2009-04-01,2009,4,Pre-Monsoon,4.9
TSGWD_1092,Hyderabad,Hyderabad,Telangana Gw,17.381,78.485,2009-05-01,2009,5,Pre-Monsoon,5.8
TSGWD_1092,Hyderabad,Hyderabad,Telangana Gw,17.381,78.485,2009-06-01,2009,6,Kharif,5.7
TSGWD_1092,Hyderabad,Hyderabad,Telangana Gw,17.381,78.485,2009-07-01,2009,7,Kharif,5.42
TSGWD_1092,Hyderabad,Hyderabad,Telangana Gw,17.381,78.485,2009-08-01,2009,8,Kharif,4.5
TSGWD_1092,Hyderabad,Hyderabad,Telangana Gw,17.381,78.485,2009-09-01,2009,9,Kharif,0.0
TSGWD_1092,Hyderabad,Hyderabad,Telangana Gw,17.381,78.485,2009-10-01,2009,10,Post-Monsoon,0.0
TSGWD_1092,Hyderabad,Hyderabad,Telangana Gw,17.381,78.485,2009-11-01,2009,11,Post-Monsoon,0.0
TSGWD_1092,Hyderabad,Hyderabad,Telangana Gw,17.381,78.485,2009-12-01,2009,12,Post-Monsoon,0.0
TSGWD_1092,Hyderabad,Hyderabad,Telangana Gw,17.381,78.485,2010-01-01,2010,1,Rabi,7.4
TSGWD_1092,Hyderabad,Hyderabad,Telangana Gw,17.381,78.485,2010-02-01,2010,2,Rabi,4.3
TSGWD_1092,Hyderabad,Hyderabad,Telangana Gw,17.381,78.485,2010-03-01,2010,3,Pre-Monsoon,4.72
TSGWD_1092,Hyderabad,Hyderabad,Telangana Gw,17.381,78.485,2010-04-01,2010,4,Pre-Monsoon,4.98
TSGWD_1092,Hyderabad,Hyderabad,Telangana Gw,17.381,78.485,2010-05-01,2010,5,Pre-Monsoon,4.64
TSGWD_1092,Hyderabad,Hyderabad,Telangana Gw,17.381,78.485,2010-06-01,2010,6,Kharif,5.26
TSGWD_1092,Hyderabad,Hyderabad,Telangana Gw,17.381,78.485,2010-07-01,2010,7,Kharif,2.34
TSGWD_1092,Hyderabad,Hyderabad,Telangana Gw,17.381,78.485,2010-08-01,2010,8,Kharif,1.9
TSGWD_1092,Hyderabad,Hyderabad,Telangana Gw,17.381,78.485,2010-09-01,2010,9,Kharif,2.0
TSGWD_1092,Hyderabad,Hyderabad,Telangana Gw,17.381,78.485,2010-10-01,2010,10,Post-Monsoon,2.3
TSGWD_1092,Hyderabad,Hyderabad,Telangana Gw,17.381,78.485,2010-11-01,2010,11,Post-Monsoon,2.52
TSGWD_1092,Hyderabad,Hyderabad,Telangana Gw,17.381,78.485,2010-12-01,2010,12,Post-Monsoon,3.0
TSGWD_1092,Hyderabad,Hyderabad,Telangana Gw,17.381,78.485,2011-01-01,2011,1,Rabi,0.0
TSGWD_1092,Hyderabad,Hyderabad,Telangana Gw,17.381,78.485,2011-02-01,2011,2,Rabi,3.82
TSGWD_1092,Hyderabad,Hyderabad,Telangana Gw,17.381,78.485,2011-03-01,2011,3,Pre-Monsoon,5.0
TSGWD_1092,Hyderabad,Hyderabad,Telangana Gw,17.381,78.485,2011-04-01,2011,4,Pre-Monsoon,8.5
TSGWD_1092,Hyderabad,Hyderabad,Telangana Gw,17.381,78.485,2011-05-01,2011,5,Pre-Monsoon,7.5
TSGWD_1092,Hyderabad,Hyderabad,Telangana Gw,17.381,78.485,2011-06-01,2011,6,Kharif,8.5
TSGWD_1092,Hyderabad,Hyderabad,Telangana Gw,17.381,78.485,2011-07-01,2011,7,Kharif,8.7
TSGWD_1092,Hyderabad,Hyderabad,Telangana Gw,17.381,78.485,2011-08-01,2011,8,Kharif,3.4
TSGWD_1092,Hyderabad,Hyderabad,Telangana Gw,17.381,78.485,2011-09-01,2011,9,Kharif,0.0
TSGWD_1092,Hyderabad,Hyderabad,Telangana Gw,17.381,78.485,2011-10-01,2011,10,Post-Monsoon,8.35
TSGWD_1092,Hyderabad,Hyderabad,Telangana Gw,17.381,78.485,2011-11-01,2011,11,Post-Monsoon,8.55
TSGWD_1092,Hyderabad,Hyderabad,Telangana Gw,17.381,78.485,2011-12-01,2011,12,Post-Monsoon,8.7
TSGWD_1092,Hyderabad,Hyderabad,Telangana Gw,17.381,78.485,2012-01-01,2012,1,Rabi,9.3
TSGWD_1092,Hyderabad,Hyderabad,Telangana Gw,17.381,78.485,2012-02-01,2012,2,Rabi,10.4
TSGWD_1092,Hyderabad,Hyderabad,Telangana Gw,17.381,78.485,2012-03-01,2012,3,Pre-Monsoon,10.8
TSGWD_1092,Hyderabad,Hyderabad,Telangana Gw,17.381,78.485,2012-04-01,2012,4,Pre-Monsoon,11.6
TSGWD_1092,Hyderabad,Hyderabad,Telangana Gw,17.381,78.485,2012-05-01,2012,5,Pre-Monsoon,12.25
TSGWD_1092,Hyderabad,Hyderabad,Telangana Gw,17.381,78.485,2012-06-01,2012,6,Kharif,10.85
TSGWD_1092,Hyderabad,Hyderabad,Telangana Gw,17.381,78.485,2012-07-01,2012,7,Kharif,8.8
TSGWD_1092,Hyderabad,Hyderabad,Telangana Gw,17.381,78.485,2012-08-01,2012,8,Kharif,8.5
TSGWD_1092,Hyderabad,Hyderabad,Telangana Gw,17.381,78.485,2012-09-01,2012,9,Kharif,6.6
TSGWD_1092,Hyderabad,Hyderabad,Telangana Gw,17.381,78.485,2012-10-01,2012,10,Post-Monsoon,6.77
TSGWD_1092,Hyderabad,Hyderabad,Telangana Gw,17.381,78.485,2012-11-01,2012,11,Post-Monsoon,7.9
TSGWD_1092,Hyderabad,Hyderabad,Telangana Gw,17.381,78.485,2012-12-01,2012,12,Post-Monsoon,8.22
TSGWD_1092,Hyderabad,Hyderabad,Telangana Gw,17.381,78.485,2013-01-01,2013,1,Rabi,9.35
TSGWD_1092,Hyderabad,Hyderabad,Telangana Gw,17.381,78.485,2013-02-01,2013,2,Rabi,9.3
TSGWD_1092,Hyderabad,Hyderabad,Telangana Gw,17.381,78.485,2013-03-01,2013,3,Pre-Monsoon,10.3
TSGWD_1092,Hyderabad,Hyderabad,Telangana Gw,17.381,78.485,2013-04-01,2013,4,Pre-Monsoon,1.9
TSGWD_1092,Hyderabad,Hyderabad,Telangana Gw,17.381,78.485,2013-05-01,2013,5,Pre-Monsoon,17.42
TSGWD_1092,Hyderabad,Hyderabad,Telangana Gw,17.381,78.485,2013-06-01,2013,6,Kharif,12.45
TSGWD_1092,Hyderabad,Hyderabad,Telangana Gw,17.381,78.485,2013-07-01,2013,7,Kharif,10.45
TSGWD_1092,Hyderabad,Hyderabad,Telangana Gw,17.381,78.485,2013-08-01,2013,8,Kharif,8.42
TSGWD_1092,Hyderabad,Hyderabad,Telangana Gw,17.381,78.485,2013-09-01,2013,9,Kharif,6.52
TSGWD_1092,Hyderabad,Hyderabad,Telangana Gw,17.381,78.485,2013-10-01,2013,10,Post-Monsoon,5.42
TSGWD_1092,Hyderabad,Hyderabad,Telangana Gw,17.381,78.485,2013-11-01,2013,11,Post-Monsoon,5.6
TSGWD_1092,Hyderabad,Hyderabad,Telangana Gw,17.381,78.485,2013-12-01,2013,12,Post-Monsoon,7.37
TSGWD_1092,Hyderabad,Hyderabad,Telangana Gw,17.381,78.485,2014-01-01,2014,1,Rabi,9.1
TSGWD_1092,Hyderabad,Hyderabad,Telangana Gw,17.381,78.485,2014-02-01,2014,2,Rabi,9.4
TSGWD_1092,Hyderabad,Hyderabad,Telangana Gw,17.381,78.485,2014-03-01,2014,3,Pre-Monsoon,9.4
TSGWD_1092,Hyderabad,Hyderabad,Telangana Gw,17.381,78.485,2014-04-01,2014,4,Pre-Monsoon,9.85
TSGWD_1092,Hyderabad,Hyderabad,Telangana Gw,17.381,78.485,2014-05-01,2014,5,Pre-Monsoon,11.0
TSGWD_1092,Hyderabad,Hyderabad,Telangana Gw,17.381,78.485,2014-06-01,2014,6,Kharif,11.82
TSGWD_1092,Hyderabad,Hyderabad,Telangana Gw,17.381,78.485,2014-07-01,2014,7,Kharif,11.37
TSGWD_1092,Hyderabad,Hyderabad,Telangana Gw,17.381,78.485,2014-08-01,2014,8,Kharif,12.78
TSGWD_1092,Hyderabad,Hyderabad,Telangana Gw,17.381,78.485,2014-09-01,2014,9,Kharif,10.17
TSGWD_1092,Hyderabad,Hyderabad,Telangana Gw,17.381,78.485,2014-10-01,2014,10,Post-Monsoon,11.22
TSGWD_1092,Hyderabad,Hyderabad,Telangana Gw,17.381,78.485,2014-11-01,2014,11,Post-Monsoon,11.27
TSGWD_1092,Hyderabad,Hyderabad,Telangana Gw,17.381,78.485,2014-12-01,2014,12,Post-Monsoon,11.67
TSGWD_1092,Hyderabad,Hyderabad,Telangana Gw,17.381,78.485,2015-01-01,2015,1,Rabi,11.82
TSGWD_1092,Hyderabad,Hyderabad,Telangana Gw,17.381,78.485,2015-02-01,2015,2,Rabi,24.75
TSGWD_1092,Hyderabad,Hyderabad,Telangana Gw,17.381,78.485,2015-03-01,2015,3,Pre-Monsoon,12.82
TSGWD_1092,Hyderabad,Hyderabad,Telangana Gw,17.381,78.485,2015-04-01,2015,4,Pre-Monsoon,11.42
TSGWD_1092,Hyderabad,Hyderabad,Telangana Gw,17.381,78.485,2015-05-01,2015,5,Pre-Monsoon,14.02
TSGWD_1092,Hyderabad,Hyderabad,Telangana Gw,17.381,78.485,2015-06-01,2015,6,Kharif,12.92
TSGWD_1092,Hyderabad,Hyderabad,Telangana Gw,17.381,78.485,2015-07-01,2015,7,Kharif,12.67
TSGWD_1092,Hyderabad,Hyderabad,Telangana Gw,17.381,78.485,2015-08-01,2015,8,Kharif,11.92
TSGWD_1092,Hyderabad,Hyderabad,Telangana Gw,17.381,78.485,2015-09-01,2015,9,Kharif,9.92
TSGWD_1092,Hyderabad,Hyderabad,Telangana Gw,17.381,78.485,2015-10-01,2015,10,Post-Monsoon,10.52
TSGWD_1092,Hyderabad,Hyderabad,Telangana Gw,17.381,78.485,2015-11-01,2015,11,Post-Monsoon,10.9
TSGWD_1092,Hyderabad,Hyderabad,Telangana Gw,17.381,78.485,2015-12-01,2015,12,Post-Monsoon,10.72
TSGWD_1092,Hyderabad,Hyderabad,Telangana Gw,17.381,78.485,2016-01-01,2016,1,Rabi,11.52
TSGWD_1092,Hyderabad,Hyderabad,Telangana Gw,17.381,78.485,2016-02-01,2016,2,Rabi,26.2
TSGWD_1092,Hyderabad,Hyderabad,Telangana Gw,17.381,78.485,2016-03-01,2016,3,Pre-Monsoon,11.77
TSGWD_1092,Hyderabad,Hyderabad,Telangana Gw,17.381,78.485,2016-04-01,2016,4,Pre-Monsoon,12.29
TSGWD_1092,Hyderabad,Hyderabad,Telangana Gw,17.381,78.485,2016-05-01,2016,5,Pre-Monsoon,11.57
TSGWD_1092,Hyderabad,Hyderabad,Telangana Gw,17.381,78.485,2016-06-01,2016,6,Kharif,11.52
TSGWD_1092,Hyderabad,Hyderabad,Telangana Gw,17.381,78.485,2016-07-01,2016,7,Kharif,27.3
TSGWD_1092,Hyderabad,Hyderabad,Telangana Gw,17.381,78.485,2016-08-01,2016,8,Kharif,27.18
TSGWD_1092,Hyderabad,Hyderabad,Telangana Gw,17.381,78.485,2016-09-01,2016,9,Kharif,23.1
TSGWD_1092,Hyderabad,Hyderabad,Telangana Gw,17.381,78.485,2016-10-01,2016,10,Post-Monsoon,5.52
TSGWD_1092,Hyderabad,Hyderabad,Telangana Gw,17.381,78.485,2016-11-01,2016,11,Post-Monsoon,5.82
TSGWD_1092,Hyderabad,Hyderabad,Telangana Gw,17.381,78.485,2016-12-01,2016,12,Post-Monsoon,7.87
TSGWD_1092,Hyderabad,Hyderabad,Telangana Gw,17.381,78.485,2017-01-01,2017,1,Rabi,8.67
TSGWD_1092,Hyderabad,Hyderabad,Telangana Gw,17.381,78.485,2017-02-01,2017,2,Rabi,8.97
TSGWD_1092,Hyderabad,Hyderabad,Telangana Gw,17.381,78.485,2017-03-01,2017,3,Pre-Monsoon,9.7
TSGWD_1092,Hyderabad,Hyderabad,Telangana Gw,17.381,78.485,2017-04-01,2017,4,Pre-Monsoon,8.92
TSGWD_1092,Hyderabad,Hyderabad,Telangana Gw,17.381,78.485,2017-05-01,2017,5,Pre-Monsoon,9.17
TSGWD_1092,Hyderabad,Hyderabad,Telangana Gw,17.381,78.485,2017-06-01,2017,6,Kharif,4.87
TSGWD_1092,Hyderabad,Hyderabad,Telangana Gw,17.381,78.485,2017-07-01,2017,7,Kharif,4.67
TSGWD_1092,Hyderabad,Hyderabad,Telangana Gw,17.381,78.485,2017-08-01,2017,8,Kharif,2.62
TSGWD_1092,Hyderabad,Hyderabad,Telangana Gw,17.381,78.485,2017-09-01,2017,9,Kharif,4.27
TSGWD_1092,Hyderabad,Hyderabad,Telangana Gw,17.381,78.485,2017-10-01,2017,10,Post-Monsoon,3.07
TSGWD_1092,Hyderabad,Hyderabad,Telangana Gw,17.381,78.485,2017-11-01,2017,11,Post-Monsoon,4.57
TSGWD_1092,Hyderabad,Hyderabad,Telangana Gw,17.381,78.485,2017-12-01,2017,12,Post-Monsoon,8.02
TSGWD_1092,Hyderabad,Hyderabad,Telangana Gw,17.381,78.485,2018-01-18,2018,1,Rabi,5.97
TSGWD_1092,Hyderabad,Hyderabad,Telangana Gw,17.381,78.485,2018-02-18,2018,2,Rabi,6.72
TSGWD_1092,Hyderabad,Hyderabad,Telangana Gw,17.381,78.485,2018-03-18,2018,3,Pre-Monsoon,7.43
TSGWD_1092,Hyderabad,Hyderabad,Telangana Gw,17.381,78.485,2018-04-18,2018,4,Pre-Monsoon,7.9
TSGWD_1092,Hyderabad,Hyderabad,Telangana Gw,17.381,78.485,2018-05-18,2018,5,Pre-Monsoon,8.02
TSGWD_1092,Hyderabad,Hyderabad,Telangana Gw,17.381,78.485,2018-06-18,2018,6,Kharif,7.07
TSGWD_1092,Hyderabad,Hyderabad,Telangana Gw,17.381,78.485,2018-07-18,2018,7,Kharif,5.26
TSGWD_1092,Hyderabad,Hyderabad,Telangana Gw,17.381,78.485,2018-08-18,2018,8,Kharif,4.79
TSGWD_1092,Hyderabad,Hyderabad,Telangana Gw,17.381,78.485,2018-09-18,2018,9,Kharif,3.99
TSGWD_1092,Hyderabad,Hyderabad,Telangana Gw,17.381,78.485,2018-10-18,2018,10,Post-Monsoon,4.7
TSGWD_1092,Hyderabad,Hyderabad,Telangana Gw,17.381,78.485,2018-11-18,2018,11,Post-Monsoon,5.65
TSGWD_1092,Hyderabad,Hyderabad,Telangana Gw,17.381,78.485,2018-12-18,2018,12,Post-Monsoon,6.39
TSGWD_1092,Hyderabad,Hyderabad,Telangana Gw,17.381,78.485,2019-01-18,2019,1,Rabi,6.64
TSGWD_1092,Hyderabad,Hyderabad,Telangana Gw,17.381,78.485,2019-02-01,2019,2,Rabi,6.91
TSGWD_1092,Hyderabad,Hyderabad,Telangana Gw,17.381,78.485,2019-03-01,2019,3,Pre-Monsoon,6.92
TSGWD_1092,Hyderabad,Hyderabad,Telangana Gw,17.381,78.485,2019-04-01,2019,4,Pre-Monsoon,6.99
TSGWD_1092,Hyderabad,Hyderabad,Telangana Gw,17.381,78.485,2019-05-19,2019,5,Pre-Monsoon,6.46
TSGWD_1092,Hyderabad,Hyderabad,Telangana Gw,17.381,78.485,2019-06-19,2019,6,Kharif,5.91
TSGWD_1092,Hyderabad,Hyderabad,Telangana Gw,17.381,78.485,2019-07-01,2019,7,Kharif,5.79
TSGWD_1092,Hyderabad,Hyderabad,Telangana Gw,17.381,78.485,2019-08-01,2019,8,Kharif,5.47
TSGWD_1092,Hyderabad,Hyderabad,Telangana Gw,17.381,78.485,2019-09-01,2019,9,Kharif,3.57
TSGWD_1092,Hyderabad,Hyderabad,Telangana Gw,17.381,78.485,2019-10-22,2019,10,Post-Monsoon,9.22
TSGWD_1092,Hyderabad,Hyderabad,Telangana Gw,17.381,78.485,2019-11-22,2019,11,Post-Monsoon,5.3
TSGWD_1092,Hyderabad,Hyderabad,Telangana Gw,17.381,78.485,2019-12-22,2019,12,Post-Monsoon,5.51
TSGWD_1093,Hyderabad,Hyderabad,Telangana Gw,17.409,78.47,2007-05-01,2007,5,Pre-Monsoon,12.01
TSGWD_1093,Hyderabad,Hyderabad,Telangana Gw,17.409,78.47,2007-06-01,2007,6,Kharif,3.62
TSGWD_1093,Hyderabad,Hyderabad,Telangana Gw,17.409,78.47,2007-07-01,2007,7,Kharif,3.67
TSGWD_1093,Hyderabad,Hyderabad,Telangana Gw,17.409,78.47,2007-08-01,2007,8,Kharif,2.61
TSGWD_1093,Hyderabad,Hyderabad,Telangana Gw,17.409,78.47,2007-09-01,2007,9,Kharif,3.08
TSGWD_1093,Hyderabad,Hyderabad,Telangana Gw,17.409,78.47,2007-10-01,2007,10,Post-Monsoon,4.62
TSGWD_1093,Hyderabad,Hyderabad,Telangana Gw,17.409,78.47,2007-11-01,2007,11,Post-Monsoon,5.48
TSGWD_1093,Hyderabad,Hyderabad,Telangana Gw,17.409,78.47,2007-12-01,2007,12,Post-Monsoon,5.68
TSGWD_1093,Hyderabad,Hyderabad,Telangana Gw,17.409,78.47,2008-01-01,2008,1,Rabi,4.02
TSGWD_1093,Hyderabad,Hyderabad,Telangana Gw,17.409,78.47,2008-02-01,2008,2,Rabi,4.02
TSGWD_1093,Hyderabad,Hyderabad,Telangana Gw,17.409,78.47,2008-03-01,2008,3,Pre-Monsoon,4.1
TSGWD_1093,Hyderabad,Hyderabad,Telangana Gw,17.409,78.47,2008-04-01,2008,4,Pre-Monsoon,5.88
TSGWD_1093,Hyderabad,Hyderabad,Telangana Gw,17.409,78.47,2008-05-01,2008,5,Pre-Monsoon,7.25
TSGWD_1093,Hyderabad,Hyderabad,Telangana Gw,17.409,78.47,2008-06-01,2008,6,Kharif,5.71
TSGWD_1093,Hyderabad,Hyderabad,Telangana Gw,17.409,78.47,2008-07-01,2008,7,Kharif,4.97
TSGWD_1093,Hyderabad,Hyderabad,Telangana Gw,17.409,78.47,2008-08-01,2008,8,Kharif,3.91
TSGWD_1093,Hyderabad,Hyderabad,Telangana Gw,17.409,78.47,2008-09-01,2008,9,Kharif,2.98
TSGWD_1093,Hyderabad,Hyderabad,Telangana Gw,17.409,78.47,2008-10-01,2008,10,Post-Monsoon,3.74
TSGWD_1093,Hyderabad,Hyderabad,Telangana Gw,17.409,78.47,2008-11-01,2008,11,Post-Monsoon,3.75
TSGWD_1093,Hyderabad,Hyderabad,Telangana Gw,17.409,78.47,2008-12-01,2008,12,Post-Monsoon,4.0
TSGWD_1093,Hyderabad,Hyderabad,Telangana Gw,17.409,78.47,2009-01-01,2009,1,Rabi,4.4
TSGWD_1093,Hyderabad,Hyderabad,Telangana Gw,17.409,78.47,2009-02-01,2009,2,Rabi,4.47
TSGWD_1093,Hyderabad,Hyderabad,Telangana Gw,17.409,78.47,2009-03-01,2009,3,Pre-Monsoon,5.01
TSGWD_1093,Hyderabad,Hyderabad,Telangana Gw,17.409,78.47,2009-04-01,2009,4,Pre-Monsoon,0.0
TSGWD_1093,Hyderabad,Hyderabad,Telangana Gw,17.409,78.47,2009-05-01,2009,5,Pre-Monsoon,0.0
TSGWD_1093,Hyderabad,Hyderabad,Telangana Gw,17.409,78.47,2009-06-01,2009,6,Kharif,4.6
TSGWD_1093,Hyderabad,Hyderabad,Telangana Gw,17.409,78.47,2009-07-01,2009,7,Kharif,4.7
TSGWD_1093,Hyderabad,Hyderabad,Telangana Gw,17.409,78.47,2009-08-01,2009,8,Kharif,3.8
TSGWD_1093,Hyderabad,Hyderabad,Telangana Gw,17.409,78.47,2009-09-01,2009,9,Kharif,0.0
TSGWD_1093,Hyderabad,Hyderabad,Telangana Gw,17.409,78.47,2009-10-01,2009,10,Post-Monsoon,0.0
TSGWD_1093,Hyderabad,Hyderabad,Telangana Gw,17.409,78.47,2009-11-01,2009,11,Post-Monsoon,0.0
TSGWD_1093,Hyderabad,Hyderabad,Telangana Gw,17.409,78.47,2009-12-01,2009,12,Post-Monsoon,0.0
TSGWD_1093,Hyderabad,Hyderabad,Telangana Gw,17.409,78.47,2010-01-01,2010,1,Rabi,0.0
TSGWD_1093,Hyderabad,Hyderabad,Telangana Gw,17.409,78.47,2010-02-01,2010,2,Rabi,0.0
TSGWD_1093,Hyderabad,Hyderabad,Telangana Gw,17.409,78.47,2010-03-01,2010,3,Pre-Monsoon,3.01
TSGWD_1093,Hyderabad,Hyderabad,Telangana Gw,17.409,78.47,2010-04-01,2010,4,Pre-Monsoon,3.55
TSGWD_1093,Hyderabad,Hyderabad,Telangana Gw,17.409,78.47,2010-05-01,2010,5,Pre-Monsoon,7.53
TSGWD_1093,Hyderabad,Hyderabad,Telangana Gw,17.409,78.47,2010-06-01,2010,6,Kharif,6.26
TSGWD_1093,Hyderabad,Hyderabad,Telangana Gw,17.409,78.47,2010-07-01,2010,7,Kharif,3.65
TSGWD_1093,Hyderabad,Hyderabad,Telangana Gw,17.409,78.47,2010-08-01,2010,8,Kharif,3.0
TSGWD_1093,Hyderabad,Hyderabad,Telangana Gw,17.409,78.47,2010-09-01,2010,9,Kharif,2.9
TSGWD_1093,Hyderabad,Hyderabad,Telangana Gw,17.409,78.47,2010-10-01,2010,10,Post-Monsoon,3.5
TSGWD_1093,Hyderabad,Hyderabad,Telangana Gw,17.409,78.47,2010-11-01,2010,11,Post-Monsoon,3.5
TSGWD_1093,Hyderabad,Hyderabad,Telangana Gw,17.409,78.47,2010-12-01,2010,12,Post-Monsoon,3.65
TSGWD_1093,Hyderabad,Hyderabad,Telangana Gw,17.409,78.47,2011-01-01,2011,1,Rabi,0.0
TSGWD_1093,Hyderabad,Hyderabad,Telangana Gw,17.409,78.47,2011-02-01,2011,2,Rabi,0.0
TSGWD_1093,Hyderabad,Hyderabad,Telangana Gw,17.409,78.47,2011-03-01,2011,3,Pre-Monsoon,0.0
TSGWD_1093,Hyderabad,Hyderabad,Telangana Gw,17.409,78.47,2011-04-01,2011,4,Pre-Monsoon,0.0
TSGWD_1093,Hyderabad,Hyderabad,Telangana Gw,17.409,78.47,2011-05-01,2011,5,Pre-Monsoon,0.0
TSGWD_1093,Hyderabad,Hyderabad,Telangana Gw,17.409,78.47,2011-06-01,2011,6,Kharif,0.0
TSGWD_1093,Hyderabad,Hyderabad,Telangana Gw,17.409,78.47,2011-07-01,2011,7,Kharif,0.0
TSGWD_1093,Hyderabad,Hyderabad,Telangana Gw,17.409,78.47,2011-08-01,2011,8,Kharif,0.0
TSGWD_1093,Hyderabad,Hyderabad,Telangana Gw,17.409,78.47,2011-09-01,2011,9,Kharif,0.0
TSGWD_1093,Hyderabad,Hyderabad,Telangana Gw,17.409,78.47,2011-10-01,2011,10,Post-Monsoon,0.0
TSGWD_1093,Hyderabad,Hyderabad,Telangana Gw,17.409,78.47,2011-11-01,2011,11,Post-Monsoon,0.0
TSGWD_1093,Hyderabad,Hyderabad,Telangana Gw,17.409,78.47,2011-12-01,2011,12,Post-Monsoon,0.0
TSGWD_1093,Hyderabad,Hyderabad,Telangana Gw,17.409,78.47,2012-01-01,2012,1,Rabi,0.0
TSGWD_1093,Hyderabad,Hyderabad,Telangana Gw,17.409,78.47,2012-02-01,2012,2,Rabi,4.25
TSGWD_1093,Hyderabad,Hyderabad,Telangana Gw,17.409,78.47,2012-03-01,2012,3,Pre-Monsoon,4.4
TSGWD_1093,Hyderabad,Hyderabad,Telangana Gw,17.409,78.47,2012-04-01,2012,4,Pre-Monsoon,5.85
TSGWD_1093,Hyderabad,Hyderabad,Telangana Gw,17.409,78.47,2012-05-01,2012,5,Pre-Monsoon,7.1
TSGWD_1093,Hyderabad,Hyderabad,Telangana Gw,17.409,78.47,2012-06-01,2012,6,Kharif,5.7
TSGWD_1093,Hyderabad,Hyderabad,Telangana Gw,17.409,78.47,2012-07-01,2012,7,Kharif,3.4
TSGWD_1093,Hyderabad,Hyderabad,Telangana Gw,17.409,78.47,2012-08-01,2012,8,Kharif,3.25
TSGWD_1093,Hyderabad,Hyderabad,Telangana Gw,17.409,78.47,2012-09-01,2012,9,Kharif,3.7
TSGWD_1093,Hyderabad,Hyderabad,Telangana Gw,17.409,78.47,2012-10-01,2012,10,Post-Monsoon,4.25
TSGWD_1093,Hyderabad,Hyderabad,Telangana Gw,17.409,78.47,2012-11-01,2012,11,Post-Monsoon,4.5
TSGWD_1093,Hyderabad,Hyderabad,Telangana Gw,17.409,78.47,2012-12-01,2012,12,Post-Monsoon,4.75
TSGWD_1093,Hyderabad,Hyderabad,Telangana Gw,17.409,78.47,2013-01-01,2013,1,Rabi,5.1
TSGWD_1093,Hyderabad,Hyderabad,Telangana Gw,17.409,78.47,2013-02-01,2013,2,Rabi,5.8
TSGWD_1093,Hyderabad,Hyderabad,Telangana Gw,17.409,78.47,2013-03-01,2013,3,Pre-Monsoon,6.1
TSGWD_1093,Hyderabad,Hyderabad,Telangana Gw,17.409,78.47,2013-04-01,2013,4,Pre-Monsoon,6.5
TSGWD_1093,Hyderabad,Hyderabad,Telangana Gw,17.409,78.47,2013-05-01,2013,5,Pre-Monsoon,8.2
TSGWD_1093,Hyderabad,Hyderabad,Telangana Gw,17.409,78.47,2013-06-01,2013,6,Kharif,5.8
TSGWD_1093,Hyderabad,Hyderabad,Telangana Gw,17.409,78.47,2013-07-01,2013,7,Kharif,3.75
TSGWD_1093,Hyderabad,Hyderabad,Telangana Gw,17.409,78.47,2013-08-01,2013,8,Kharif,4.3
TSGWD_1093,Hyderabad,Hyderabad,Telangana Gw,17.409,78.47,2013-09-01,2013,9,Kharif,4.1
TSGWD_1093,Hyderabad,Hyderabad,Telangana Gw,17.409,78.47,2013-10-01,2013,10,Post-Monsoon,4.35
TSGWD_1093,Hyderabad,Hyderabad,Telangana Gw,17.409,78.47,2013-11-01,2013,11,Post-Monsoon,4.35
TSGWD_1093,Hyderabad,Hyderabad,Telangana Gw,17.409,78.47,2013-12-01,2013,12,Post-Monsoon,5.25
TSGWD_1093,Hyderabad,Hyderabad,Telangana Gw,17.409,78.47,2014-01-01,2014,1,Rabi,5.5
TSGWD_1093,Hyderabad,Hyderabad,Telangana Gw,17.409,78.47,2014-02-01,2014,2,Rabi,5.65
TSGWD_1093,Hyderabad,Hyderabad,Telangana Gw,17.409,78.47,2014-03-01,2014,3,Pre-Monsoon,5.6
TSGWD_1093,Hyderabad,Hyderabad,Telangana Gw,17.409,78.47,2014-04-01,2014,4,Pre-Monsoon,5.7
TSGWD_1093,Hyderabad,Hyderabad,Telangana Gw,17.409,78.47,2014-05-01,2014,5,Pre-Monsoon,5.7
TSGWD_1093,Hyderabad,Hyderabad,Telangana Gw,17.409,78.47,2014-06-01,2014,6,Kharif,5.9
TSGWD_1093,Hyderabad,Hyderabad,Telangana Gw,17.409,78.47,2014-07-01,2014,7,Kharif,5.5
TSGWD_1093,Hyderabad,Hyderabad,Telangana Gw,17.409,78.47,2014-08-01,2014,8,Kharif,6.4
TSGWD_1093,Hyderabad,Hyderabad,Telangana Gw,17.409,78.47,2014-09-01,2014,9,Kharif,5.4
TSGWD_1093,Hyderabad,Hyderabad,Telangana Gw,17.409,78.47,2014-10-01,2014,10,Post-Monsoon,5.35
TSGWD_1093,Hyderabad,Hyderabad,Telangana Gw,17.409,78.47,2014-11-01,2014,11,Post-Monsoon,5.45
TSGWD_1093,Hyderabad,Hyderabad,Telangana Gw,17.409,78.47,2014-12-01,2014,12,Post-Monsoon,5.8
TSGWD_1093,Hyderabad,Hyderabad,Telangana Gw,17.409,78.47,2015-01-01,2015,1,Rabi,5.85
TSGWD_1093,Hyderabad,Hyderabad,Telangana Gw,17.409,78.47,2015-02-01,2015,2,Rabi,6.0
TSGWD_1093,Hyderabad,Hyderabad,Telangana Gw,17.409,78.47,2015-03-01,2015,3,Pre-Monsoon,6.2
TSGWD_1093,Hyderabad,Hyderabad,Telangana Gw,17.409,78.47,2015-04-01,2015,4,Pre-Monsoon,6.4
TSGWD_1093,Hyderabad,Hyderabad,Telangana Gw,17.409,78.47,2015-05-01,2015,5,Pre-Monsoon,7.5
TSGWD_1093,Hyderabad,Hyderabad,Telangana Gw,17.409,78.47,2015-06-01,2015,6,Kharif,7.0
TSGWD_1093,Hyderabad,Hyderabad,Telangana Gw,17.409,78.47,2015-07-01,2015,7,Kharif,7.05
TSGWD_1093,Hyderabad,Hyderabad,Telangana Gw,17.409,78.47,2015-08-01,2015,8,Kharif,6.94
TSGWD_1093,Hyderabad,Hyderabad,Telangana Gw,17.409,78.47,2015-09-01,2015,9,Kharif,6.0
TSGWD_1093,Hyderabad,Hyderabad,Telangana Gw,17.409,78.47,2015-10-01,2015,10,Post-Monsoon,6.25
TSGWD_1093,Hyderabad,Hyderabad,Telangana Gw,17.409,78.47,2015-11-01,2015,11,Post-Monsoon,6.65
TSGWD_1093,Hyderabad,Hyderabad,Telangana Gw,17.409,78.47,2015-12-01,2015,12,Post-Monsoon,6.83
TSGWD_1093,Hyderabad,Hyderabad,Telangana Gw,17.409,78.47,2016-01-01,2016,1,Rabi,6.9
TSGWD_1093,Hyderabad,Hyderabad,Telangana Gw,17.409,78.47,2016-02-01,2016,2,Rabi,7.78
TSGWD_1093,Hyderabad,Hyderabad,Telangana Gw,17.409,78.47,2016-03-01,2016,3,Pre-Monsoon,8.55
TSGWD_1093,Hyderabad,Hyderabad,Telangana Gw,17.409,78.47,2016-04-01,2016,4,Pre-Monsoon,10.0
TSGWD_1093,Hyderabad,Hyderabad,Telangana Gw,17.409,78.47,2016-05-01,2016,5,Pre-Monsoon,9.4
TSGWD_1093,Hyderabad,Hyderabad,Telangana Gw,17.409,78.47,2016-06-01,2016,6,Kharif,6.9
TSGWD_1093,Hyderabad,Hyderabad,Telangana Gw,17.409,78.47,2016-07-01,2016,7,Kharif,6.47
TSGWD_1093,Hyderabad,Hyderabad,Telangana Gw,17.409,78.47,2016-08-01,2016,8,Kharif,6.0
TSGWD_1093,Hyderabad,Hyderabad,Telangana Gw,17.409,78.47,2016-09-01,2016,9,Kharif,2.45
TSGWD_1093,Hyderabad,Hyderabad,Telangana Gw,17.409,78.47,2016-10-01,2016,10,Post-Monsoon,2.5
TSGWD_1093,Hyderabad,Hyderabad,Telangana Gw,17.409,78.47,2016-11-01,2016,11,Post-Monsoon,4.55
TSGWD_1093,Hyderabad,Hyderabad,Telangana Gw,17.409,78.47,2016-12-01,2016,12,Post-Monsoon,5.1
TSGWD_1093,Hyderabad,Hyderabad,Telangana Gw,17.409,78.47,2017-01-01,2017,1,Rabi,6.35
TSGWD_1093,Hyderabad,Hyderabad,Telangana Gw,17.409,78.47,2017-02-01,2017,2,Rabi,7.1
TSGWD_1093,Hyderabad,Hyderabad,Telangana Gw,17.409,78.47,2017-03-01,2017,3,Pre-Monsoon,7.77
TSGWD_1093,Hyderabad,Hyderabad,Telangana Gw,17.409,78.47,2017-04-01,2017,4,Pre-Monsoon,6.5
TSGWD_1093,Hyderabad,Hyderabad,Telangana Gw,17.409,78.47,2017-05-01,2017,5,Pre-Monsoon,6.21
TSGWD_1093,Hyderabad,Hyderabad,Telangana Gw,17.409,78.47,2017-06-01,2017,6,Kharif,4.12
TSGWD_1093,Hyderabad,Hyderabad,Telangana Gw,17.409,78.47,2017-07-01,2017,7,Kharif,3.49
TSGWD_1093,Hyderabad,Hyderabad,Telangana Gw,17.409,78.47,2017-08-01,2017,8,Kharif,3.2
TSGWD_1093,Hyderabad,Hyderabad,Telangana Gw,17.409,78.47,2017-09-01,2017,9,Kharif,3.7
TSGWD_1093,Hyderabad,Hyderabad,Telangana Gw,17.409,78.47,2017-10-01,2017,10,Post-Monsoon,3.4
TSGWD_1093,Hyderabad,Hyderabad,Telangana Gw,17.409,78.47,2017-11-01,2017,11,Post-Monsoon,4.4
TSGWD_1093,Hyderabad,Hyderabad,Telangana Gw,17.409,78.47,2017-12-01,2017,12,Post-Monsoon,5.3
TSGWD_1093,Hyderabad,Hyderabad,Telangana Gw,17.409,78.47,2018-01-18,2018,1,Rabi,6.34
TSGWD_1093,Hyderabad,Hyderabad,Telangana Gw,17.409,78.47,2018-02-18,2018,2,Rabi,6.3
TSGWD_1093,Hyderabad,Hyderabad,Telangana Gw,17.409,78.47,2018-03-18,2018,3,Pre-Monsoon,7.02
TSGWD_1093,Hyderabad,Hyderabad,Telangana Gw,17.409,78.47,2018-04-18,2018,4,Pre-Monsoon,7.2
TSGWD_1093,Hyderabad,Hyderabad,Telangana Gw,17.409,78.47,2018-05-18,2018,5,Pre-Monsoon,6.35
TSGWD_1093,Hyderabad,Hyderabad,Telangana Gw,17.409,78.47,2018-06-18,2018,6,Kharif,6.24
TSGWD_1093,Hyderabad,Hyderabad,Telangana Gw,17.409,78.47,2018-07-18,2018,7,Kharif,5.62
TSGWD_1093,Hyderabad,Hyderabad,Telangana Gw,17.409,78.47,2018-08-18,2018,8,Kharif,4.95
TSGWD_1093,Hyderabad,Hyderabad,Telangana Gw,17.409,78.47,2018-09-18,2018,9,Kharif,4.65
TSGWD_1093,Hyderabad,Hyderabad,Telangana Gw,17.409,78.47,2018-10-18,2018,10,Post-Monsoon,4.55
TSGWD_1093,Hyderabad,Hyderabad,Telangana Gw,17.409,78.47,2018-11-18,2018,11,Post-Monsoon,5.19
TSGWD_1093,Hyderabad,Hyderabad,Telangana Gw,17.409,78.47,2018-12-18,2018,12,Post-Monsoon,5.71
TSGWD_1093,Hyderabad,Hyderabad,Telangana Gw,17.409,78.47,2019-01-18,2019,1,Rabi,6.32
TSGWD_1093,Hyderabad,Hyderabad,Telangana Gw,17.409,78.47,2019-02-01,2019,2,Rabi,6.56
TSGWD_1093,Hyderabad,Hyderabad,Telangana Gw,17.409,78.47,2019-03-01,2019,3,Pre-Monsoon,7.72
TSGWD_1093,Hyderabad,Hyderabad,Telangana Gw,17.409,78.47,2019-04-01,2019,4,Pre-Monsoon,7.79
TSGWD_1093,Hyderabad,Hyderabad,Telangana Gw,17.409,78.47,2019-05-19,2019,5,Pre-Monsoon,7.81
TSGWD_1093,Hyderabad,Hyderabad,Telangana Gw,17.409,78.47,2019-06-19,2019,6,Kharif,7.1
TSGWD_1093,Hyderabad,Hyderabad,Telangana Gw,17.409,78.47,2019-07-01,2019,7,Kharif,5.99
TSGWD_1093,Hyderabad,Hyderabad,Telangana Gw,17.409,78.47,2019-08-01,2019,8,Kharif,5.41
TSGWD_1093,Hyderabad,Hyderabad,Telangana Gw,17.409,78.47,2019-09-01,2019,9,Kharif,5.3
TSGWD_1093,Hyderabad,Hyderabad,Telangana Gw,17.409,78.47,2019-10-22,2019,10,Post-Monsoon,9.2
TSGWD_1094,Hyderabad,Hyderabad,Telangana Gw,17.411,78.461,2007-05-01,2007,5,Pre-Monsoon,12.01
TSGWD_1094,Hyderabad,Hyderabad,Telangana Gw,17.411,78.461,2007-06-01,2007,6,Kharif,9.45
TSGWD_1094,Hyderabad,Hyderabad,Telangana Gw,17.411,78.461,2007-07-01,2007,7,Kharif,9.04
TSGWD_1094,Hyderabad,Hyderabad,Telangana Gw,17.411,78.461,2007-08-01,2007,8,Kharif,4.31
TSGWD_1094,Hyderabad,Hyderabad,Telangana Gw,17.411,78.461,2007-09-01,2007,9,Kharif,1.33
TSGWD_1094,Hyderabad,Hyderabad,Telangana Gw,17.411,78.461,2007-10-01,2007,10,Post-Monsoon,2.62
TSGWD_1094,Hyderabad,Hyderabad,Telangana Gw,17.411,78.461,2007-11-01,2007,11,Post-Monsoon,3.95
TSGWD_1094,Hyderabad,Hyderabad,Telangana Gw,17.411,78.461,2007-12-01,2007,12,Post-Monsoon,6.01
TSGWD_1094,Hyderabad,Hyderabad,Telangana Gw,17.411,78.461,2008-01-01,2008,1,Rabi,7.49
TSGWD_1094,Hyderabad,Hyderabad,Telangana Gw,17.411,78.461,2008-02-01,2008,2,Rabi,7.3
TSGWD_1094,Hyderabad,Hyderabad,Telangana Gw,17.411,78.461,2008-03-01,2008,3,Pre-Monsoon,5.3
TSGWD_1094,Hyderabad,Hyderabad,Telangana Gw,17.411,78.461,2008-04-01,2008,4,Pre-Monsoon,6.2
TSGWD_1094,Hyderabad,Hyderabad,Telangana Gw,17.411,78.461,2008-05-01,2008,5,Pre-Monsoon,7.69
TSGWD_1094,Hyderabad,Hyderabad,Telangana Gw,17.411,78.461,2008-06-01,2008,6,Kharif,8.27
TSGWD_1094,Hyderabad,Hyderabad,Telangana Gw,17.411,78.461,2008-07-01,2008,7,Kharif,8.4
TSGWD_1094,Hyderabad,Hyderabad,Telangana Gw,17.411,78.461,2008-08-01,2008,8,Kharif,6.2
TSGWD_1094,Hyderabad,Hyderabad,Telangana Gw,17.411,78.461,2008-09-01,2008,9,Kharif,5.5
TSGWD_1094,Hyderabad,Hyderabad,Telangana Gw,17.411,78.461,2008-10-01,2008,10,Post-Monsoon,5.02
TSGWD_1094,Hyderabad,Hyderabad,Telangana Gw,17.411,78.461,2008-11-01,2008,11,Post-Monsoon,0.0
TSGWD_1094,Hyderabad,Hyderabad,Telangana Gw,17.411,78.461,2008-12-01,2008,12,Post-Monsoon,0.0
TSGWD_1094,Hyderabad,Hyderabad,Telangana Gw,17.411,78.461,2009-01-01,2009,1,Rabi,0.0
TSGWD_1094,Hyderabad,Hyderabad,Telangana Gw,17.411,78.461,2009-02-01,2009,2,Rabi,0.0
TSGWD_1094,Hyderabad,Hyderabad,Telangana Gw,17.411,78.461,2009-03-01,2009,3,Pre-Monsoon,0.0
TSGWD_1094,Hyderabad,Hyderabad,Telangana Gw,17.411,78.461,2009-04-01,2009,4,Pre-Monsoon,0.0
TSGWD_1094,Hyderabad,Hyderabad,Telangana Gw,17.411,78.461,2009-05-01,2009,5,Pre-Monsoon,0.0
TSGWD_1094,Hyderabad,Hyderabad,Telangana Gw,17.411,78.461,2009-06-01,2009,6,Kharif,0.0
TSGWD_1094,Hyderabad,Hyderabad,Telangana Gw,17.411,78.461,2009-07-01,2009,7,Kharif,0.0
TSGWD_1094,Hyderabad,Hyderabad,Telangana Gw,17.411,78.461,2009-08-01,2009,8,Kharif,0.0
TSGWD_1094,Hyderabad,Hyderabad,Telangana Gw,17.411,78.461,2009-09-01,2009,9,Kharif,0.0
TSGWD_1094,Hyderabad,Hyderabad,Telangana Gw,17.411,78.461,2009-10-01,2009,10,Post-Monsoon,0.0
TSGWD_1094,Hyderabad,Hyderabad,Telangana Gw,17.411,78.461,2009-11-01,2009,11,Post-Monsoon,0.0
TSGWD_1094,Hyderabad,Hyderabad,Telangana Gw,17.411,78.461,2009-12-01,2009,12,Post-Monsoon,9.4
TSGWD_1094,Hyderabad,Hyderabad,Telangana Gw,17.411,78.461,2010-01-01,2010,1,Rabi,9.81
TSGWD_1094,Hyderabad,Hyderabad,Telangana Gw,17.411,78.461,2010-02-01,2010,2,Rabi,11.05
TSGWD_1094,Hyderabad,Hyderabad,Telangana Gw,17.411,78.461,2010-03-01,2010,3,Pre-Monsoon,12.52
TSGWD_1094,Hyderabad,Hyderabad,Telangana Gw,17.411,78.461,2010-04-01,2010,4,Pre-Monsoon,12.87
TSGWD_1094,Hyderabad,Hyderabad,Telangana Gw,17.411,78.461,2010-05-01,2010,5,Pre-Monsoon,13.65
TSGWD_1094,Hyderabad,Hyderabad,Telangana Gw,17.411,78.461,2010-06-01,2010,6,Kharif,13.7
TSGWD_1094,Hyderabad,Hyderabad,Telangana Gw,17.411,78.461,2010-07-01,2010,7,Kharif,8.0
TSGWD_1094,Hyderabad,Hyderabad,Telangana Gw,17.411,78.461,2010-08-01,2010,8,Kharif,5.2
TSGWD_1094,Hyderabad,Hyderabad,Telangana Gw,17.411,78.461,2010-09-01,2010,9,Kharif,3.06
TSGWD_1094,Hyderabad,Hyderabad,Telangana Gw,17.411,78.461,2010-10-01,2010,10,Post-Monsoon,4.4
TSGWD_1094,Hyderabad,Hyderabad,Telangana Gw,17.411,78.461,2010-11-01,2010,11,Post-Monsoon,6.14
TSGWD_1094,Hyderabad,Hyderabad,Telangana Gw,17.411,78.461,2010-12-01,2010,12,Post-Monsoon,7.86
TSGWD_1094,Hyderabad,Hyderabad,Telangana Gw,17.411,78.461,2011-01-01,2011,1,Rabi,9.2
TSGWD_1094,Hyderabad,Hyderabad,Telangana Gw,17.411,78.461,2011-02-01,2011,2,Rabi,9.59
TSGWD_1094,Hyderabad,Hyderabad,Telangana Gw,17.411,78.461,2011-03-01,2011,3,Pre-Monsoon,11.4
TSGWD_1094,Hyderabad,Hyderabad,Telangana Gw,17.411,78.461,2011-04-01,2011,4,Pre-Monsoon,13.4
TSGWD_1094,Hyderabad,Hyderabad,Telangana Gw,17.411,78.461,2011-05-01,2011,5,Pre-Monsoon,15.8
TSGWD_1094,Hyderabad,Hyderabad,Telangana Gw,17.411,78.461,2011-06-01,2011,6,Kharif,16.2
TSGWD_1094,Hyderabad,Hyderabad,Telangana Gw,17.411,78.461,2011-07-01,2011,7,Kharif,12.1
TSGWD_1094,Hyderabad,Hyderabad,Telangana Gw,17.411,78.461,2011-08-01,2011,8,Kharif,4.65
TSGWD_1094,Hyderabad,Hyderabad,Telangana Gw,17.411,78.461,2011-09-01,2011,9,Kharif,0.0
TSGWD_1094,Hyderabad,Hyderabad,Telangana Gw,17.411,78.461,2011-10-01,2011,10,Post-Monsoon,0.0
TSGWD_1094,Hyderabad,Hyderabad,Telangana Gw,17.411,78.461,2011-11-01,2011,11,Post-Monsoon,0.0
TSGWD_1094,Hyderabad,Hyderabad,Telangana Gw,17.411,78.461,2011-12-01,2011,12,Post-Monsoon,0.0
TSGWD_1094,Hyderabad,Hyderabad,Telangana Gw,17.411,78.461,2012-01-01,2012,1,Rabi,0.0
TSGWD_1094,Hyderabad,Hyderabad,Telangana Gw,17.411,78.461,2012-02-01,2012,2,Rabi,0.0
TSGWD_1094,Hyderabad,Hyderabad,Telangana Gw,17.411,78.461,2012-03-01,2012,3,Pre-Monsoon,0.0
TSGWD_1094,Hyderabad,Hyderabad,Telangana Gw,17.411,78.461,2012-04-01,2012,4,Pre-Monsoon,0.0
TSGWD_1094,Hyderabad,Hyderabad,Telangana Gw,17.411,78.461,2012-05-01,2012,5,Pre-Monsoon,0.0
TSGWD_1094,Hyderabad,Hyderabad,Telangana Gw,17.411,78.461,2012-06-01,2012,6,Kharif,0.0
TSGWD_1094,Hyderabad,Hyderabad,Telangana Gw,17.411,78.461,2012-07-01,2012,7,Kharif,0.0
TSGWD_1094,Hyderabad,Hyderabad,Telangana Gw,17.411,78.461,2012-08-01,2012,8,Kharif,0.0
TSGWD_1094,Hyderabad,Hyderabad,Telangana Gw,17.411,78.461,2012-09-01,2012,9,Kharif,0.0
TSGWD_1094,Hyderabad,Hyderabad,Telangana Gw,17.411,78.461,2012-10-01,2012,10,Post-Monsoon,0.0
TSGWD_1094,Hyderabad,Hyderabad,Telangana Gw,17.411,78.461,2012-11-01,2012,11,Post-Monsoon,0.0
TSGWD_1094,Hyderabad,Hyderabad,Telangana Gw,17.411,78.461,2012-12-01,2012,12,Post-Monsoon,0.0
TSGWD_1094,Hyderabad,Hyderabad,Telangana Gw,17.411,78.461,2013-01-01,2013,1,Rabi,0.0
TSGWD_1094,Hyderabad,Hyderabad,Telangana Gw,17.411,78.461,2013-02-01,2013,2,Rabi,0.0
TSGWD_1094,Hyderabad,Hyderabad,Telangana Gw,17.411,78.461,2013-03-01,2013,3,Pre-Monsoon,0.0
TSGWD_1094,Hyderabad,Hyderabad,Telangana Gw,17.411,78.461,2013-04-01,2013,4,Pre-Monsoon,0.0
TSGWD_1094,Hyderabad,Hyderabad,Telangana Gw,17.411,78.461,2013-05-01,2013,5,Pre-Monsoon,0.0
TSGWD_1094,Hyderabad,Hyderabad,Telangana Gw,17.411,78.461,2013-06-01,2013,6,Kharif,0.0
TSGWD_1094,Hyderabad,Hyderabad,Telangana Gw,17.411,78.461,2013-07-01,2013,7,Kharif,0.0
TSGWD_1094,Hyderabad,Hyderabad,Telangana Gw,17.411,78.461,2013-08-01,2013,8,Kharif,0.0
TSGWD_1094,Hyderabad,Hyderabad,Telangana Gw,17.411,78.461,2013-09-01,2013,9,Kharif,0.0
TSGWD_1094,Hyderabad,Hyderabad,Telangana Gw,17.411,78.461,2013-10-01,2013,10,Post-Monsoon,0.0
TSGWD_1094,Hyderabad,Hyderabad,Telangana Gw,17.411,78.461,2013-11-01,2013,11,Post-Monsoon,0.0
TSGWD_1094,Hyderabad,Hyderabad,Telangana Gw,17.411,78.461,2013-12-01,2013,12,Post-Monsoon,0.0
TSGWD_1094,Hyderabad,Hyderabad,Telangana Gw,17.411,78.461,2014-01-01,2014,1,Rabi,0.0
TSGWD_1094,Hyderabad,Hyderabad,Telangana Gw,17.411,78.461,2014-02-01,2014,2,Rabi,0.0
TSGWD_1094,Hyderabad,Hyderabad,Telangana Gw,17.411,78.461,2014-03-01,2014,3,Pre-Monsoon,0.0
TSGWD_1094,Hyderabad,Hyderabad,Telangana Gw,17.411,78.461,2014-04-01,2014,4,Pre-Monsoon,0.0
TSGWD_1094,Hyderabad,Hyderabad,Telangana Gw,17.411,78.461,2014-05-01,2014,5,Pre-Monsoon,0.0
TSGWD_1094,Hyderabad,Hyderabad,Telangana Gw,17.411,78.461,2014-06-01,2014,6,Kharif,0.0
TSGWD_1094,Hyderabad,Hyderabad,Telangana Gw,17.411,78.461,2014-07-01,2014,7,Kharif,0.0
TSGWD_1094,Hyderabad,Hyderabad,Telangana Gw,17.411,78.461,2014-08-01,2014,8,Kharif,0.0
TSGWD_1094,Hyderabad,Hyderabad,Telangana Gw,17.411,78.461,2014-09-01,2014,9,Kharif,0.0
TSGWD_1094,Hyderabad,Hyderabad,Telangana Gw,17.411,78.461,2014-10-01,2014,10,Post-Monsoon,0.0
TSGWD_1094,Hyderabad,Hyderabad,Telangana Gw,17.411,78.461,2014-11-01,2014,11,Post-Monsoon,0.0
TSGWD_1094,Hyderabad,Hyderabad,Telangana Gw,17.411,78.461,2014-12-01,2014,12,Post-Monsoon,0.0
TSGWD_1094,Hyderabad,Hyderabad,Telangana Gw,17.411,78.461,2015-01-01,2015,1,Rabi,0.0
TSGWD_1094,Hyderabad,Hyderabad,Telangana Gw,17.411,78.461,2015-02-01,2015,2,Rabi,0.0
TSGWD_1094,Hyderabad,Hyderabad,Telangana Gw,17.411,78.461,2015-03-01,2015,3,Pre-Monsoon,0.0
TSGWD_1094,Hyderabad,Hyderabad,Telangana Gw,17.411,78.461,2015-04-01,2015,4,Pre-Monsoon,0.0
TSGWD_1094,Hyderabad,Hyderabad,Telangana Gw,17.411,78.461,2015-05-01,2015,5,Pre-Monsoon,0.0
TSGWD_1094,Hyderabad,Hyderabad,Telangana Gw,17.411,78.461,2015-06-01,2015,6,Kharif,0.0
TSGWD_1094,Hyderabad,Hyderabad,Telangana Gw,17.411,78.461,2015-07-01,2015,7,Kharif,0.0
TSGWD_1094,Hyderabad,Hyderabad,Telangana Gw,17.411,78.461,2015-08-01,2015,8,Kharif,0.0
TSGWD_1094,Hyderabad,Hyderabad,Telangana Gw,17.411,78.461,2015-09-01,2015,9,Kharif,0.0
TSGWD_1094,Hyderabad,Hyderabad,Telangana Gw,17.411,78.461,2015-10-01,2015,10,Post-Monsoon,0.0
TSGWD_1094,Hyderabad,Hyderabad,Telangana Gw,17.411,78.461,2015-11-01,2015,11,Post-Monsoon,11.6
TSGWD_1094,Hyderabad,Hyderabad,Telangana Gw,17.411,78.461,2015-12-01,2015,12,Post-Monsoon,11.65
TSGWD_1094,Hyderabad,Hyderabad,Telangana Gw,17.411,78.461,2016-01-01,2016,1,Rabi,11.98
TSGWD_1094,Hyderabad,Hyderabad,Telangana Gw,17.411,78.461,2016-02-01,2016,2,Rabi,0.0
TSGWD_1094,Hyderabad,Hyderabad,Telangana Gw,17.411,78.461,2016-03-01,2016,3,Pre-Monsoon,17.0
TSGWD_1094,Hyderabad,Hyderabad,Telangana Gw,17.411,78.461,2016-04-01,2016,4,Pre-Monsoon,18.4
TSGWD_1094,Hyderabad,Hyderabad,Telangana Gw,17.411,78.461,2016-05-01,2016,5,Pre-Monsoon,17.0
TSGWD_1094,Hyderabad,Hyderabad,Telangana Gw,17.411,78.461,2016-06-01,2016,6,Kharif,0.0
TSGWD_1094,Hyderabad,Hyderabad,Telangana Gw,17.411,78.461,2016-07-01,2016,7,Kharif,0.0
TSGWD_1094,Hyderabad,Hyderabad,Telangana Gw,17.411,78.461,2016-08-01,2016,8,Kharif,0.0
TSGWD_1094,Hyderabad,Hyderabad,Telangana Gw,17.411,78.461,2016-09-01,2016,9,Kharif,0.0
TSGWD_1094,Hyderabad,Hyderabad,Telangana Gw,17.411,78.461,2016-10-01,2016,10,Post-Monsoon,3.32
TSGWD_1094,Hyderabad,Hyderabad,Telangana Gw,17.411,78.461,2016-11-01,2016,11,Post-Monsoon,5.7
TSGWD_1094,Hyderabad,Hyderabad,Telangana Gw,17.411,78.461,2016-12-01,2016,12,Post-Monsoon,7.1
TSGWD_1094,Hyderabad,Hyderabad,Telangana Gw,17.411,78.461,2017-01-01,2017,1,Rabi,8.28
TSGWD_1094,Hyderabad,Hyderabad,Telangana Gw,17.411,78.461,2017-02-01,2017,2,Rabi,11.65
TSGWD_1094,Hyderabad,Hyderabad,Telangana Gw,17.411,78.461,2017-03-01,2017,3,Pre-Monsoon,13.2
TSGWD_1094,Hyderabad,Hyderabad,Telangana Gw,17.411,78.461,2017-04-01,2017,4,Pre-Monsoon,15.95
TSGWD_1094,Hyderabad,Hyderabad,Telangana Gw,17.411,78.461,2017-05-01,2017,5,Pre-Monsoon,14.45
TSGWD_1094,Hyderabad,Hyderabad,Telangana Gw,17.411,78.461,2017-06-01,2017,6,Kharif,9.4
TSGWD_1094,Hyderabad,Hyderabad,Telangana Gw,17.411,78.461,2017-07-01,2017,7,Kharif,6.7
TSGWD_1094,Hyderabad,Hyderabad,Telangana Gw,17.411,78.461,2017-08-01,2017,8,Kharif,2.7
TSGWD_1094,Hyderabad,Hyderabad,Telangana Gw,17.411,78.461,2017-09-01,2017,9,Kharif,3.1
TSGWD_1094,Hyderabad,Hyderabad,Telangana Gw,17.411,78.461,2017-10-01,2017,10,Post-Monsoon,2.31
TSGWD_1094,Hyderabad,Hyderabad,Telangana Gw,17.411,78.461,2018-02-18,2018,2,Rabi,0.0
TSGWD_1094,Hyderabad,Hyderabad,Telangana Gw,17.411,78.461,2018-03-18,2018,3,Pre-Monsoon,0.0
TSGWD_1094,Hyderabad,Hyderabad,Telangana Gw,17.411,78.461,2018-04-18,2018,4,Pre-Monsoon,0.0
TSGWD_1094,Hyderabad,Hyderabad,Telangana Gw,17.411,78.461,2018-05-18,2018,5,Pre-Monsoon,0.0
TSGWD_1094,Hyderabad,Hyderabad,Telangana Gw,17.411,78.461,2018-06-18,2018,6,Kharif,0.0
TSGWD_1094,Hyderabad,Hyderabad,Telangana Gw,17.411,78.461,2018-07-18,2018,7,Kharif,0.0
TSGWD_1094,Hyderabad,Hyderabad,Telangana Gw,17.411,78.461,2018-08-18,2018,8,Kharif,0.0
TSGWD_1094,Hyderabad,Hyderabad,Telangana Gw,17.411,78.461,2018-09-18,2018,9,Kharif,0.0
TSGWD_1094,Hyderabad,Hyderabad,Telangana Gw,17.411,78.461,2018-10-18,2018,10,Post-Monsoon,0.0
TSGWD_1094,Hyderabad,Hyderabad,Telangana Gw,17.411,78.461,2018-11-18,2018,11,Post-Monsoon,0.0
TSGWD_1094,Hyderabad,Hyderabad,Telangana Gw,17.411,78.461,2018-12-18,2018,12,Post-Monsoon,0.0
TSGWD_1094,Hyderabad,Hyderabad,Telangana Gw,17.411,78.461,2019-01-18,2019,1,Rabi,0.0
TSGWD_1094,Hyderabad,Hyderabad,Telangana Gw,17.411,78.461,2019-02-01,2019,2,Rabi,0.0
TSGWD_1094,Hyderabad,Hyderabad,Telangana Gw,17.411,78.461,2019-03-01,2019,3,Pre-Monsoon,0.0
TSGWD_1094,Hyderabad,Hyderabad,Telangana Gw,17.411,78.461,2019-04-01,2019,4,Pre-Monsoon,0.0
TSGWD_1094,Hyderabad,Hyderabad,Telangana Gw,17.411,78.461,2019-05-19,2019,5,Pre-Monsoon,0.0
TSGWD_1094,Hyderabad,Hyderabad,Telangana Gw,17.411,78.461,2019-06-19,2019,6,Kharif,0.0
TSGWD_1094,Hyderabad,Hyderabad,Telangana Gw,17.411,78.461,2019-07-01,2019,7,Kharif,0.0
TSGWD_1094,Hyderabad,Hyderabad,Telangana Gw,17.411,78.461,2019-08-01,2019,8,Kharif,0.0
TSGWD_1094,Hyderabad,Hyderabad,Telangana Gw,17.411,78.461,2019-09-01,2019,9,Kharif,0.0
TSGWD_1095,Hyderabad,Hyderabad,Telangana Gw,17.441,78.509,2007-05-01,2007,5,Pre-Monsoon,24.3
TSGWD_1095,Hyderabad,Hyderabad,Telangana Gw,17.441,78.509,2007-06-01,2007,6,Kharif,24.75
TSGWD_1095,Hyderabad,Hyderabad,Telangana Gw,17.441,78.509,2007-07-01,2007,7,Kharif,24.22
TSGWD_1095,Hyderabad,Hyderabad,Telangana Gw,17.441,78.509,2007-08-01,2007,8,Kharif,20.86
TSGWD_1095,Hyderabad,Hyderabad,Telangana Gw,17.441,78.509,2007-09-01,2007,9,Kharif,15.07
TSGWD_1095,Hyderabad,Hyderabad,Telangana Gw,17.441,78.509,2007-10-01,2007,10,Post-Monsoon,13.65
TSGWD_1095,Hyderabad,Hyderabad,Telangana Gw,17.441,78.509,2007-11-01,2007,11,Post-Monsoon,15.05
TSGWD_1095,Hyderabad,Hyderabad,Telangana Gw,17.441,78.509,2007-12-01,2007,12,Post-Monsoon,17.09
TSGWD_1095,Hyderabad,Hyderabad,Telangana Gw,17.441,78.509,2008-01-01,2008,1,Rabi,18.28
TSGWD_1095,Hyderabad,Hyderabad,Telangana Gw,17.441,78.509,2008-02-01,2008,2,Rabi,19.18
TSGWD_1095,Hyderabad,Hyderabad,Telangana Gw,17.441,78.509,2008-03-01,2008,3,Pre-Monsoon,18.75
TSGWD_1095,Hyderabad,Hyderabad,Telangana Gw,17.441,78.509,2008-04-01,2008,4,Pre-Monsoon,18.07
TSGWD_1095,Hyderabad,Hyderabad,Telangana Gw,17.441,78.509,2008-05-01,2008,5,Pre-Monsoon,20.86
TSGWD_1095,Hyderabad,Hyderabad,Telangana Gw,17.441,78.509,2008-06-01,2008,6,Kharif,22.5
TSGWD_1095,Hyderabad,Hyderabad,Telangana Gw,17.441,78.509,2008-07-01,2008,7,Kharif,24.67
TSGWD_1095,Hyderabad,Hyderabad,Telangana Gw,17.441,78.509,2008-08-01,2008,8,Kharif,11.34
TSGWD_1095,Hyderabad,Hyderabad,Telangana Gw,17.441,78.509,2008-09-01,2008,9,Kharif,4.6
TSGWD_1095,Hyderabad,Hyderabad,Telangana Gw,17.441,78.509,2008-10-01,2008,10,Post-Monsoon,7.93
TSGWD_1095,Hyderabad,Hyderabad,Telangana Gw,17.441,78.509,2008-11-01,2008,11,Post-Monsoon,10.7
TSGWD_1095,Hyderabad,Hyderabad,Telangana Gw,17.441,78.509,2008-12-01,2008,12,Post-Monsoon,11.4
TSGWD_1095,Hyderabad,Hyderabad,Telangana Gw,17.441,78.509,2009-01-01,2009,1,Rabi,11.98
TSGWD_1095,Hyderabad,Hyderabad,Telangana Gw,17.441,78.509,2009-02-01,2009,2,Rabi,14.3
TSGWD_1095,Hyderabad,Hyderabad,Telangana Gw,17.441,78.509,2009-03-01,2009,3,Pre-Monsoon,16.2
TSGWD_1095,Hyderabad,Hyderabad,Telangana Gw,17.441,78.509,2009-04-01,2009,4,Pre-Monsoon,18.9
TSGWD_1095,Hyderabad,Hyderabad,Telangana Gw,17.441,78.509,2009-05-01,2009,5,Pre-Monsoon,21.1
TSGWD_1095,Hyderabad,Hyderabad,Telangana Gw,17.441,78.509,2009-06-01,2009,6,Kharif,23.0
TSGWD_1095,Hyderabad,Hyderabad,Telangana Gw,17.441,78.509,2009-07-01,2009,7,Kharif,24.2
TSGWD_1095,Hyderabad,Hyderabad,Telangana Gw,17.441,78.509,2009-08-01,2009,8,Kharif,22.6
TSGWD_1095,Hyderabad,Hyderabad,Telangana Gw,17.441,78.509,2009-09-01,2009,9,Kharif,12.9
TSGWD_1095,Hyderabad,Hyderabad,Telangana Gw,17.441,78.509,2009-10-01,2009,10,Post-Monsoon,10.3
TSGWD_1095,Hyderabad,Hyderabad,Telangana Gw,17.441,78.509,2009-11-01,2009,11,Post-Monsoon,11.5
TSGWD_1095,Hyderabad,Hyderabad,Telangana Gw,17.441,78.509,2009-12-01,2009,12,Post-Monsoon,14.25
TSGWD_1095,Hyderabad,Hyderabad,Telangana Gw,17.441,78.509,2010-01-01,2010,1,Rabi,14.8
TSGWD_1095,Hyderabad,Hyderabad,Telangana Gw,17.441,78.509,2010-02-01,2010,2,Rabi,16.0
TSGWD_1095,Hyderabad,Hyderabad,Telangana Gw,17.441,78.509,2010-03-01,2010,3,Pre-Monsoon,16.95
TSGWD_1095,Hyderabad,Hyderabad,Telangana Gw,17.441,78.509,2010-04-01,2010,4,Pre-Monsoon,17.67
TSGWD_1095,Hyderabad,Hyderabad,Telangana Gw,17.441,78.509,2010-05-01,2010,5,Pre-Monsoon,24.52
TSGWD_1095,Hyderabad,Hyderabad,Telangana Gw,17.441,78.509,2010-06-01,2010,6,Kharif,24.48
TSGWD_1095,Hyderabad,Hyderabad,Telangana Gw,17.441,78.509,2010-07-01,2010,7,Kharif,16.0
TSGWD_1095,Hyderabad,Hyderabad,Telangana Gw,17.441,78.509,2010-08-01,2010,8,Kharif,13.95
TSGWD_1095,Hyderabad,Hyderabad,Telangana Gw,17.441,78.509,2010-09-01,2010,9,Kharif,12.3
TSGWD_1095,Hyderabad,Hyderabad,Telangana Gw,17.441,78.509,2010-10-01,2010,10,Post-Monsoon,13.7
TSGWD_1095,Hyderabad,Hyderabad,Telangana Gw,17.441,78.509,2010-11-01,2010,11,Post-Monsoon,14.0
TSGWD_1095,Hyderabad,Hyderabad,Telangana Gw,17.441,78.509,2010-12-01,2010,12,Post-Monsoon,14.51
TSGWD_1095,Hyderabad,Hyderabad,Telangana Gw,17.441,78.509,2011-01-01,2011,1,Rabi,15.45
TSGWD_1095,Hyderabad,Hyderabad,Telangana Gw,17.441,78.509,2011-02-01,2011,2,Rabi,17.03
TSGWD_1095,Hyderabad,Hyderabad,Telangana Gw,17.441,78.509,2011-03-01,2011,3,Pre-Monsoon,19.0
TSGWD_1095,Hyderabad,Hyderabad,Telangana Gw,17.441,78.509,2011-04-01,2011,4,Pre-Monsoon,21.35
TSGWD_1095,Hyderabad,Hyderabad,Telangana Gw,17.441,78.509,2011-05-01,2011,5,Pre-Monsoon,23.55
TSGWD_1095,Hyderabad,Hyderabad,Telangana Gw,17.441,78.509,2011-06-01,2011,6,Kharif,24.0
TSGWD_1095,Hyderabad,Hyderabad,Telangana Gw,17.441,78.509,2011-07-01,2011,7,Kharif,0.0
TSGWD_1095,Hyderabad,Hyderabad,Telangana Gw,17.441,78.509,2011-08-01,2011,8,Kharif,20.35
TSGWD_1095,Hyderabad,Hyderabad,Telangana Gw,17.441,78.509,2011-09-01,2011,9,Kharif,0.0
TSGWD_1095,Hyderabad,Hyderabad,Telangana Gw,17.441,78.509,2011-10-01,2011,10,Post-Monsoon,20.75
TSGWD_1095,Hyderabad,Hyderabad,Telangana Gw,17.441,78.509,2011-11-01,2011,11,Post-Monsoon,22.1
TSGWD_1095,Hyderabad,Hyderabad,Telangana Gw,17.441,78.509,2011-12-01,2011,12,Post-Monsoon,24.0
TSGWD_1095,Hyderabad,Hyderabad,Telangana Gw,17.441,78.509,2012-01-01,2012,1,Rabi,24.55
TSGWD_1095,Hyderabad,Hyderabad,Telangana Gw,17.441,78.509,2012-02-01,2012,2,Rabi,25.35
TSGWD_1095,Hyderabad,Hyderabad,Telangana Gw,17.441,78.509,2012-03-01,2012,3,Pre-Monsoon,25.7
TSGWD_1095,Hyderabad,Hyderabad,Telangana Gw,17.441,78.509,2012-04-01,2012,4,Pre-Monsoon,26.2
TSGWD_1095,Hyderabad,Hyderabad,Telangana Gw,17.441,78.509,2012-05-01,2012,5,Pre-Monsoon,27.15
TSGWD_1095,Hyderabad,Hyderabad,Telangana Gw,17.441,78.509,2012-06-01,2012,6,Kharif,25.0
TSGWD_1095,Hyderabad,Hyderabad,Telangana Gw,17.441,78.509,2012-07-01,2012,7,Kharif,21.1
TSGWD_1095,Hyderabad,Hyderabad,Telangana Gw,17.441,78.509,2012-08-01,2012,8,Kharif,20.9
TSGWD_1095,Hyderabad,Hyderabad,Telangana Gw,17.441,78.509,2012-09-01,2012,9,Kharif,17.8
TSGWD_1095,Hyderabad,Hyderabad,Telangana Gw,17.441,78.509,2012-10-01,2012,10,Post-Monsoon,17.45
TSGWD_1095,Hyderabad,Hyderabad,Telangana Gw,17.441,78.509,2012-11-01,2012,11,Post-Monsoon,17.9
TSGWD_1095,Hyderabad,Hyderabad,Telangana Gw,17.441,78.509,2012-12-01,2012,12,Post-Monsoon,19.65
TSGWD_1095,Hyderabad,Hyderabad,Telangana Gw,17.441,78.509,2013-01-01,2013,1,Rabi,21.8
TSGWD_1095,Hyderabad,Hyderabad,Telangana Gw,17.441,78.509,2013-02-01,2013,2,Rabi,22.7
TSGWD_1095,Hyderabad,Hyderabad,Telangana Gw,17.441,78.509,2013-03-01,2013,3,Pre-Monsoon,22.56
TSGWD_1095,Hyderabad,Hyderabad,Telangana Gw,17.441,78.509,2013-04-01,2013,4,Pre-Monsoon,23.6
TSGWD_1095,Hyderabad,Hyderabad,Telangana Gw,17.441,78.509,2013-05-01,2013,5,Pre-Monsoon,24.75
TSGWD_1095,Hyderabad,Hyderabad,Telangana Gw,17.441,78.509,2013-06-01,2013,6,Kharif,24.25
TSGWD_1095,Hyderabad,Hyderabad,Telangana Gw,17.441,78.509,2013-07-01,2013,7,Kharif,22.05
TSGWD_1095,Hyderabad,Hyderabad,Telangana Gw,17.441,78.509,2013-08-01,2013,8,Kharif,18.7
TSGWD_1095,Hyderabad,Hyderabad,Telangana Gw,17.441,78.509,2013-09-01,2013,9,Kharif,17.25
TSGWD_1095,Hyderabad,Hyderabad,Telangana Gw,17.441,78.509,2013-10-01,2013,10,Post-Monsoon,16.6
TSGWD_1095,Hyderabad,Hyderabad,Telangana Gw,17.441,78.509,2013-11-01,2013,11,Post-Monsoon,14.4
TSGWD_1095,Hyderabad,Hyderabad,Telangana Gw,17.441,78.509,2013-12-01,2013,12,Post-Monsoon,19.7
TSGWD_1095,Hyderabad,Hyderabad,Telangana Gw,17.441,78.509,2014-01-01,2014,1,Rabi,19.8
TSGWD_1095,Hyderabad,Hyderabad,Telangana Gw,17.441,78.509,2014-02-01,2014,2,Rabi,21.15
TSGWD_1095,Hyderabad,Hyderabad,Telangana Gw,17.441,78.509,2014-03-01,2014,3,Pre-Monsoon,21.25
TSGWD_1095,Hyderabad,Hyderabad,Telangana Gw,17.441,78.509,2014-04-01,2014,4,Pre-Monsoon,22.0
TSGWD_1095,Hyderabad,Hyderabad,Telangana Gw,17.441,78.509,2014-05-01,2014,5,Pre-Monsoon,22.8
TSGWD_1095,Hyderabad,Hyderabad,Telangana Gw,17.441,78.509,2014-06-01,2014,6,Kharif,23.45
TSGWD_1095,Hyderabad,Hyderabad,Telangana Gw,17.441,78.509,2014-07-01,2014,7,Kharif,25.25
TSGWD_1095,Hyderabad,Hyderabad,Telangana Gw,17.441,78.509,2014-08-01,2014,8,Kharif,22.5
TSGWD_1095,Hyderabad,Hyderabad,Telangana Gw,17.441,78.509,2014-09-01,2014,9,Kharif,19.95
TSGWD_1095,Hyderabad,Hyderabad,Telangana Gw,17.441,78.509,2014-10-01,2014,10,Post-Monsoon,21.2
TSGWD_1095,Hyderabad,Hyderabad,Telangana Gw,17.441,78.509,2014-11-01,2014,11,Post-Monsoon,21.9
TSGWD_1095,Hyderabad,Hyderabad,Telangana Gw,17.441,78.509,2014-12-01,2014,12,Post-Monsoon,22.5
TSGWD_1095,Hyderabad,Hyderabad,Telangana Gw,17.441,78.509,2015-01-01,2015,1,Rabi,23.31
TSGWD_1095,Hyderabad,Hyderabad,Telangana Gw,17.441,78.509,2015-02-01,2015,2,Rabi,23.7
TSGWD_1095,Hyderabad,Hyderabad,Telangana Gw,17.441,78.509,2015-03-01,2015,3,Pre-Monsoon,24.45
TSGWD_1095,Hyderabad,Hyderabad,Telangana Gw,17.441,78.509,2015-04-01,2015,4,Pre-Monsoon,25.5
TSGWD_1095,Hyderabad,Hyderabad,Telangana Gw,17.441,78.509,2015-05-01,2015,5,Pre-Monsoon,24.25
TSGWD_1095,Hyderabad,Hyderabad,Telangana Gw,17.441,78.509,2015-06-01,2015,6,Kharif,20.55
TSGWD_1095,Hyderabad,Hyderabad,Telangana Gw,17.441,78.509,2015-07-01,2015,7,Kharif,29.5
TSGWD_1095,Hyderabad,Hyderabad,Telangana Gw,17.441,78.509,2015-08-01,2015,8,Kharif,26.8
TSGWD_1095,Hyderabad,Hyderabad,Telangana Gw,17.441,78.509,2015-09-01,2015,9,Kharif,21.05
TSGWD_1095,Hyderabad,Hyderabad,Telangana Gw,17.441,78.509,2015-10-01,2015,10,Post-Monsoon,18.7
TSGWD_1095,Hyderabad,Hyderabad,Telangana Gw,17.441,78.509,2015-11-01,2015,11,Post-Monsoon,19.53
TSGWD_1095,Hyderabad,Hyderabad,Telangana Gw,17.441,78.509,2015-12-01,2015,12,Post-Monsoon,20.45
TSGWD_1095,Hyderabad,Hyderabad,Telangana Gw,17.441,78.509,2016-01-01,2016,1,Rabi,21.65
TSGWD_1095,Hyderabad,Hyderabad,Telangana Gw,17.441,78.509,2016-02-01,2016,2,Rabi,23.4
TSGWD_1095,Hyderabad,Hyderabad,Telangana Gw,17.441,78.509,2016-03-01,2016,3,Pre-Monsoon,23.45
TSGWD_1095,Hyderabad,Hyderabad,Telangana Gw,17.441,78.509,2016-04-01,2016,4,Pre-Monsoon,23.5
TSGWD_1095,Hyderabad,Hyderabad,Telangana Gw,17.441,78.509,2016-05-01,2016,5,Pre-Monsoon,22.4
TSGWD_1095,Hyderabad,Hyderabad,Telangana Gw,17.441,78.509,2016-06-01,2016,6,Kharif,21.65
TSGWD_1095,Hyderabad,Hyderabad,Telangana Gw,17.441,78.509,2016-07-01,2016,7,Kharif,22.55
TSGWD_1095,Hyderabad,Hyderabad,Telangana Gw,17.441,78.509,2016-08-01,2016,8,Kharif,16.2
TSGWD_1095,Hyderabad,Hyderabad,Telangana Gw,17.441,78.509,2016-09-01,2016,9,Kharif,10.2
TSGWD_1095,Hyderabad,Hyderabad,Telangana Gw,17.441,78.509,2016-10-01,2016,10,Post-Monsoon,4.55
TSGWD_1095,Hyderabad,Hyderabad,Telangana Gw,17.441,78.509,2016-11-01,2016,11,Post-Monsoon,6.8
TSGWD_1095,Hyderabad,Hyderabad,Telangana Gw,17.441,78.509,2016-12-01,2016,12,Post-Monsoon,10.45
TSGWD_1095,Hyderabad,Hyderabad,Telangana Gw,17.441,78.509,2017-01-01,2017,1,Rabi,11.65
TSGWD_1095,Hyderabad,Hyderabad,Telangana Gw,17.441,78.509,2017-02-01,2017,2,Rabi,13.55
TSGWD_1095,Hyderabad,Hyderabad,Telangana Gw,17.441,78.509,2017-03-01,2017,3,Pre-Monsoon,16.55
TSGWD_1095,Hyderabad,Hyderabad,Telangana Gw,17.441,78.509,2017-04-01,2017,4,Pre-Monsoon,21.55
TSGWD_1095,Hyderabad,Hyderabad,Telangana Gw,17.441,78.509,2017-05-01,2017,5,Pre-Monsoon,22.56
TSGWD_1095,Hyderabad,Hyderabad,Telangana Gw,17.441,78.509,2017-06-01,2017,6,Kharif,21.51
TSGWD_1095,Hyderabad,Hyderabad,Telangana Gw,17.441,78.509,2017-07-01,2017,7,Kharif,18.59
TSGWD_1095,Hyderabad,Hyderabad,Telangana Gw,17.441,78.509,2017-08-01,2017,8,Kharif,18.05
TSGWD_1095,Hyderabad,Hyderabad,Telangana Gw,17.441,78.509,2017-09-01,2017,9,Kharif,10.95
TSGWD_1095,Hyderabad,Hyderabad,Telangana Gw,17.441,78.509,2017-10-01,2017,10,Post-Monsoon,3.65
TSGWD_1095,Hyderabad,Hyderabad,Telangana Gw,17.441,78.509,2017-11-01,2017,11,Post-Monsoon,7.25
TSGWD_1095,Hyderabad,Hyderabad,Telangana Gw,17.441,78.509,2017-12-01,2017,12,Post-Monsoon,9.85
TSGWD_1095,Hyderabad,Hyderabad,Telangana Gw,17.441,78.509,2018-01-18,2018,1,Rabi,12.58
TSGWD_1095,Hyderabad,Hyderabad,Telangana Gw,17.441,78.509,2018-02-18,2018,2,Rabi,14.45
TSGWD_1095,Hyderabad,Hyderabad,Telangana Gw,17.441,78.509,2018-03-18,2018,3,Pre-Monsoon,18.24
TSGWD_1095,Hyderabad,Hyderabad,Telangana Gw,17.441,78.509,2018-04-18,2018,4,Pre-Monsoon,19.0
TSGWD_1095,Hyderabad,Hyderabad,Telangana Gw,17.441,78.509,2018-05-18,2018,5,Pre-Monsoon,20.15
TSGWD_1095,Hyderabad,Hyderabad,Telangana Gw,17.441,78.509,2018-06-18,2018,6,Kharif,20.53
TSGWD_1095,Hyderabad,Hyderabad,Telangana Gw,17.441,78.509,2018-07-18,2018,7,Kharif,19.2
TSGWD_1095,Hyderabad,Hyderabad,Telangana Gw,17.441,78.509,2018-08-18,2018,8,Kharif,18.15
TSGWD_1095,Hyderabad,Hyderabad,Telangana Gw,17.441,78.509,2018-09-18,2018,9,Kharif,17.84
TSGWD_1095,Hyderabad,Hyderabad,Telangana Gw,17.441,78.509,2018-10-18,2018,10,Post-Monsoon,18.15
TSGWD_1095,Hyderabad,Hyderabad,Telangana Gw,17.441,78.509,2018-11-18,2018,11,Post-Monsoon,0.0
TSGWD_1095,Hyderabad,Hyderabad,Telangana Gw,17.441,78.509,2018-12-18,2018,12,Post-Monsoon,0.0
TSGWD_1095,Hyderabad,Hyderabad,Telangana Gw,17.441,78.509,2019-01-18,2019,1,Rabi,0.0
TSGWD_1095,Hyderabad,Hyderabad,Telangana Gw,17.441,78.509,2019-02-01,2019,2,Rabi,0.0
TSGWD_1095,Hyderabad,Hyderabad,Telangana Gw,17.441,78.509,2019-03-01,2019,3,Pre-Monsoon,0.0
TSGWD_1095,Hyderabad,Hyderabad,Telangana Gw,17.441,78.509,2019-04-01,2019,4,Pre-Monsoon,0.0
TSGWD_1095,Hyderabad,Hyderabad,Telangana Gw,17.441,78.509,2019-05-19,2019,5,Pre-Monsoon,0.0
TSGWD_1095,Hyderabad,Hyderabad,Telangana Gw,17.441,78.509,2019-06-19,2019,6,Kharif,0.0
TSGWD_1095,Hyderabad,Hyderabad,Telangana Gw,17.441,78.509,2019-07-01,2019,7,Kharif,0.0
TSGWD_1095,Hyderabad,Hyderabad,Telangana Gw,17.441,78.509,2019-08-01,2019,8,Kharif,21.71
TSGWD_1095,Hyderabad,Hyderabad,Telangana Gw,17.441,78.509,2019-09-01,2019,9,Kharif,17.97
TSGWD_1095,Hyderabad,Hyderabad,Telangana Gw,17.441,78.509,2019-10-22,2019,10,Post-Monsoon,20.9
TSGWD_1095,Hyderabad,Hyderabad,Telangana Gw,17.441,78.509,2019-11-22,2019,11,Post-Monsoon,9.58
TSGWD_1095,Hyderabad,Hyderabad,Telangana Gw,17.441,78.509,2019-12-22,2019,12,Post-Monsoon,10.89
TSGWD_1096,Hyderabad,Hyderabad,Telangana Gw,17.422,78.512,2007-05-01,2007,5,Pre-Monsoon,7.78
TSGWD_1096,Hyderabad,Hyderabad,Telangana Gw,17.422,78.512,2007-06-01,2007,6,Kharif,7.86
TSGWD_1096,Hyderabad,Hyderabad,Telangana Gw,17.422,78.512,2007-07-01,2007,7,Kharif,8.1
TSGWD_1096,Hyderabad,Hyderabad,Telangana Gw,17.422,78.512,2007-08-01,2007,8,Kharif,7.12
TSGWD_1096,Hyderabad,Hyderabad,Telangana Gw,17.422,78.512,2007-09-01,2007,9,Kharif,6.33
TSGWD_1096,Hyderabad,Hyderabad,Telangana Gw,17.422,78.512,2007-10-01,2007,10,Post-Monsoon,7.47
TSGWD_1096,Hyderabad,Hyderabad,Telangana Gw,17.422,78.512,2007-11-01,2007,11,Post-Monsoon,7.0
TSGWD_1096,Hyderabad,Hyderabad,Telangana Gw,17.422,78.512,2007-12-01,2007,12,Post-Monsoon,7.53
TSGWD_1096,Hyderabad,Hyderabad,Telangana Gw,17.422,78.512,2008-01-01,2008,1,Rabi,7.63
TSGWD_1096,Hyderabad,Hyderabad,Telangana Gw,17.422,78.512,2008-02-01,2008,2,Rabi,7.0
TSGWD_1096,Hyderabad,Hyderabad,Telangana Gw,17.422,78.512,2008-03-01,2008,3,Pre-Monsoon,5.2
TSGWD_1096,Hyderabad,Hyderabad,Telangana Gw,17.422,78.512,2008-04-01,2008,4,Pre-Monsoon,6.1
TSGWD_1096,Hyderabad,Hyderabad,Telangana Gw,17.422,78.512,2008-05-01,2008,5,Pre-Monsoon,4.88
TSGWD_1096,Hyderabad,Hyderabad,Telangana Gw,17.422,78.512,2008-06-01,2008,6,Kharif,9.13
TSGWD_1096,Hyderabad,Hyderabad,Telangana Gw,17.422,78.512,2008-07-01,2008,7,Kharif,9.6
TSGWD_1096,Hyderabad,Hyderabad,Telangana Gw,17.422,78.512,2008-08-01,2008,8,Kharif,6.0
TSGWD_1096,Hyderabad,Hyderabad,Telangana Gw,17.422,78.512,2008-09-01,2008,9,Kharif,4.53
TSGWD_1096,Hyderabad,Hyderabad,Telangana Gw,17.422,78.512,2008-10-01,2008,10,Post-Monsoon,5.03
TSGWD_1096,Hyderabad,Hyderabad,Telangana Gw,17.422,78.512,2008-11-01,2008,11,Post-Monsoon,0.0
TSGWD_1096,Hyderabad,Hyderabad,Telangana Gw,17.422,78.512,2008-12-01,2008,12,Post-Monsoon,0.0
TSGWD_1096,Hyderabad,Hyderabad,Telangana Gw,17.422,78.512,2009-01-01,2009,1,Rabi,0.0
TSGWD_1096,Hyderabad,Hyderabad,Telangana Gw,17.422,78.512,2009-02-01,2009,2,Rabi,0.0
TSGWD_1096,Hyderabad,Hyderabad,Telangana Gw,17.422,78.512,2009-03-01,2009,3,Pre-Monsoon,0.0
TSGWD_1096,Hyderabad,Hyderabad,Telangana Gw,17.422,78.512,2009-04-01,2009,4,Pre-Monsoon,0.0
TSGWD_1096,Hyderabad,Hyderabad,Telangana Gw,17.422,78.512,2009-05-01,2009,5,Pre-Monsoon,0.0
TSGWD_1096,Hyderabad,Hyderabad,Telangana Gw,17.422,78.512,2009-06-01,2009,6,Kharif,0.0
TSGWD_1096,Hyderabad,Hyderabad,Telangana Gw,17.422,78.512,2009-07-01,2009,7,Kharif,0.0
TSGWD_1096,Hyderabad,Hyderabad,Telangana Gw,17.422,78.512,2009-08-01,2009,8,Kharif,0.0
TSGWD_1096,Hyderabad,Hyderabad,Telangana Gw,17.422,78.512,2009-09-01,2009,9,Kharif,0.0
TSGWD_1096,Hyderabad,Hyderabad,Telangana Gw,17.422,78.512,2009-10-01,2009,10,Post-Monsoon,0.0
TSGWD_1096,Hyderabad,Hyderabad,Telangana Gw,17.422,78.512,2009-11-01,2009,11,Post-Monsoon,0.0
TSGWD_1096,Hyderabad,Hyderabad,Telangana Gw,17.422,78.512,2009-12-01,2009,12,Post-Monsoon,0.0
TSGWD_1096,Hyderabad,Hyderabad,Telangana Gw,17.422,78.512,2010-01-01,2010,1,Rabi,0.0
TSGWD_1096,Hyderabad,Hyderabad,Telangana Gw,17.422,78.512,2010-02-01,2010,2,Rabi,0.0
TSGWD_1096,Hyderabad,Hyderabad,Telangana Gw,17.422,78.512,2010-03-01,2010,3,Pre-Monsoon,6.3
TSGWD_1096,Hyderabad,Hyderabad,Telangana Gw,17.422,78.512,2010-04-01,2010,4,Pre-Monsoon,6.7
TSGWD_1096,Hyderabad,Hyderabad,Telangana Gw,17.422,78.512,2010-05-01,2010,5,Pre-Monsoon,7.23
TSGWD_1096,Hyderabad,Hyderabad,Telangana Gw,17.422,78.512,2010-06-01,2010,6,Kharif,6.98
TSGWD_1096,Hyderabad,Hyderabad,Telangana Gw,17.422,78.512,2010-07-01,2010,7,Kharif,4.53
TSGWD_1096,Hyderabad,Hyderabad,Telangana Gw,17.422,78.512,2010-08-01,2010,8,Kharif,4.4
TSGWD_1096,Hyderabad,Hyderabad,Telangana Gw,17.422,78.512,2010-09-01,2010,9,Kharif,4.3
TSGWD_1096,Hyderabad,Hyderabad,Telangana Gw,17.422,78.512,2010-10-01,2010,10,Post-Monsoon,4.8
TSGWD_1096,Hyderabad,Hyderabad,Telangana Gw,17.422,78.512,2010-11-01,2010,11,Post-Monsoon,4.83
TSGWD_1096,Hyderabad,Hyderabad,Telangana Gw,17.422,78.512,2010-12-01,2010,12,Post-Monsoon,4.38
TSGWD_1096,Hyderabad,Hyderabad,Telangana Gw,17.422,78.512,2011-01-01,2011,1,Rabi,6.0
TSGWD_1096,Hyderabad,Hyderabad,Telangana Gw,17.422,78.512,2011-02-01,2011,2,Rabi,5.67
TSGWD_1096,Hyderabad,Hyderabad,Telangana Gw,17.422,78.512,2011-03-01,2011,3,Pre-Monsoon,6.1
TSGWD_1096,Hyderabad,Hyderabad,Telangana Gw,17.422,78.512,2011-04-01,2011,4,Pre-Monsoon,6.75
TSGWD_1096,Hyderabad,Hyderabad,Telangana Gw,17.422,78.512,2011-05-01,2011,5,Pre-Monsoon,7.45
TSGWD_1096,Hyderabad,Hyderabad,Telangana Gw,17.422,78.512,2011-06-01,2011,6,Kharif,7.6
TSGWD_1096,Hyderabad,Hyderabad,Telangana Gw,17.422,78.512,2011-07-01,2011,7,Kharif,23.2
TSGWD_1096,Hyderabad,Hyderabad,Telangana Gw,17.422,78.512,2011-08-01,2011,8,Kharif,5.38
TSGWD_1096,Hyderabad,Hyderabad,Telangana Gw,17.422,78.512,2011-09-01,2011,9,Kharif,0.0
TSGWD_1096,Hyderabad,Hyderabad,Telangana Gw,17.422,78.512,2011-10-01,2011,10,Post-Monsoon,0.0
TSGWD_1096,Hyderabad,Hyderabad,Telangana Gw,17.422,78.512,2011-11-01,2011,11,Post-Monsoon,0.0
TSGWD_1096,Hyderabad,Hyderabad,Telangana Gw,17.422,78.512,2011-12-01,2011,12,Post-Monsoon,0.0
TSGWD_1096,Hyderabad,Hyderabad,Telangana Gw,17.422,78.512,2012-01-01,2012,1,Rabi,0.0
TSGWD_1096,Hyderabad,Hyderabad,Telangana Gw,17.422,78.512,2012-02-01,2012,2,Rabi,0.0
TSGWD_1096,Hyderabad,Hyderabad,Telangana Gw,17.422,78.512,2012-03-01,2012,3,Pre-Monsoon,0.0
TSGWD_1096,Hyderabad,Hyderabad,Telangana Gw,17.422,78.512,2012-04-01,2012,4,Pre-Monsoon,0.0
TSGWD_1096,Hyderabad,Hyderabad,Telangana Gw,17.422,78.512,2012-05-01,2012,5,Pre-Monsoon,0.0
TSGWD_1096,Hyderabad,Hyderabad,Telangana Gw,17.422,78.512,2012-06-01,2012,6,Kharif,0.0
TSGWD_1096,Hyderabad,Hyderabad,Telangana Gw,17.422,78.512,2012-07-01,2012,7,Kharif,0.0
TSGWD_1096,Hyderabad,Hyderabad,Telangana Gw,17.422,78.512,2012-08-01,2012,8,Kharif,0.0
TSGWD_1096,Hyderabad,Hyderabad,Telangana Gw,17.422,78.512,2012-09-01,2012,9,Kharif,0.0
TSGWD_1096,Hyderabad,Hyderabad,Telangana Gw,17.422,78.512,2012-10-01,2012,10,Post-Monsoon,0.0
TSGWD_1096,Hyderabad,Hyderabad,Telangana Gw,17.422,78.512,2012-11-01,2012,11,Post-Monsoon,0.0
TSGWD_1096,Hyderabad,Hyderabad,Telangana Gw,17.422,78.512,2012-12-01,2012,12,Post-Monsoon,0.0
TSGWD_1096,Hyderabad,Hyderabad,Telangana Gw,17.422,78.512,2013-01-01,2013,1,Rabi,0.0
TSGWD_1096,Hyderabad,Hyderabad,Telangana Gw,17.422,78.512,2013-02-01,2013,2,Rabi,0.0
TSGWD_1096,Hyderabad,Hyderabad,Telangana Gw,17.422,78.512,2013-03-01,2013,3,Pre-Monsoon,0.0
TSGWD_1096,Hyderabad,Hyderabad,Telangana Gw,17.422,78.512,2013-04-01,2013,4,Pre-Monsoon,0.0
TSGWD_1096,Hyderabad,Hyderabad,Telangana Gw,17.422,78.512,2013-05-01,2013,5,Pre-Monsoon,0.0
TSGWD_1096,Hyderabad,Hyderabad,Telangana Gw,17.422,78.512,2013-06-01,2013,6,Kharif,0.0
TSGWD_1096,Hyderabad,Hyderabad,Telangana Gw,17.422,78.512,2013-07-01,2013,7,Kharif,0.0
TSGWD_1096,Hyderabad,Hyderabad,Telangana Gw,17.422,78.512,2013-08-01,2013,8,Kharif,0.0
TSGWD_1096,Hyderabad,Hyderabad,Telangana Gw,17.422,78.512,2013-09-01,2013,9,Kharif,0.0
TSGWD_1096,Hyderabad,Hyderabad,Telangana Gw,17.422,78.512,2013-10-01,2013,10,Post-Monsoon,0.0
TSGWD_1096,Hyderabad,Hyderabad,Telangana Gw,17.422,78.512,2013-11-01,2013,11,Post-Monsoon,0.0
TSGWD_1096,Hyderabad,Hyderabad,Telangana Gw,17.422,78.512,2013-12-01,2013,12,Post-Monsoon,0.0
TSGWD_1096,Hyderabad,Hyderabad,Telangana Gw,17.422,78.512,2014-01-01,2014,1,Rabi,0.0
TSGWD_1096,Hyderabad,Hyderabad,Telangana Gw,17.422,78.512,2014-02-01,2014,2,Rabi,0.0
TSGWD_1096,Hyderabad,Hyderabad,Telangana Gw,17.422,78.512,2014-03-01,2014,3,Pre-Monsoon,0.0
TSGWD_1096,Hyderabad,Hyderabad,Telangana Gw,17.422,78.512,2014-04-01,2014,4,Pre-Monsoon,0.0
TSGWD_1096,Hyderabad,Hyderabad,Telangana Gw,17.422,78.512,2014-05-01,2014,5,Pre-Monsoon,0.0
TSGWD_1096,Hyderabad,Hyderabad,Telangana Gw,17.422,78.512,2014-06-01,2014,6,Kharif,0.0
TSGWD_1096,Hyderabad,Hyderabad,Telangana Gw,17.422,78.512,2014-07-01,2014,7,Kharif,0.0
TSGWD_1096,Hyderabad,Hyderabad,Telangana Gw,17.422,78.512,2014-08-01,2014,8,Kharif,0.0
TSGWD_1096,Hyderabad,Hyderabad,Telangana Gw,17.422,78.512,2014-09-01,2014,9,Kharif,0.0
TSGWD_1096,Hyderabad,Hyderabad,Telangana Gw,17.422,78.512,2014-10-01,2014,10,Post-Monsoon,0.0
TSGWD_1096,Hyderabad,Hyderabad,Telangana Gw,17.422,78.512,2014-11-01,2014,11,Post-Monsoon,0.0
TSGWD_1096,Hyderabad,Hyderabad,Telangana Gw,17.422,78.512,2014-12-01,2014,12,Post-Monsoon,0.0
TSGWD_1096,Hyderabad,Hyderabad,Telangana Gw,17.422,78.512,2015-01-01,2015,1,Rabi,0.0
TSGWD_1096,Hyderabad,Hyderabad,Telangana Gw,17.422,78.512,2015-02-01,2015,2,Rabi,0.0
TSGWD_1096,Hyderabad,Hyderabad,Telangana Gw,17.422,78.512,2015-03-01,2015,3,Pre-Monsoon,0.0
TSGWD_1096,Hyderabad,Hyderabad,Telangana Gw,17.422,78.512,2015-04-01,2015,4,Pre-Monsoon,0.0
TSGWD_1096,Hyderabad,Hyderabad,Telangana Gw,17.422,78.512,2015-05-01,2015,5,Pre-Monsoon,0.0
TSGWD_1096,Hyderabad,Hyderabad,Telangana Gw,17.422,78.512,2015-06-01,2015,6,Kharif,0.0
TSGWD_1096,Hyderabad,Hyderabad,Telangana Gw,17.422,78.512,2015-07-01,2015,7,Kharif,0.0
TSGWD_1096,Hyderabad,Hyderabad,Telangana Gw,17.422,78.512,2015-08-01,2015,8,Kharif,0.0
TSGWD_1096,Hyderabad,Hyderabad,Telangana Gw,17.422,78.512,2015-09-01,2015,9,Kharif,0.0
TSGWD_1096,Hyderabad,Hyderabad,Telangana Gw,17.422,78.512,2015-10-01,2015,10,Post-Monsoon,0.0
TSGWD_1096,Hyderabad,Hyderabad,Telangana Gw,17.422,78.512,2015-11-01,2015,11,Post-Monsoon,8.05
TSGWD_1096,Hyderabad,Hyderabad,Telangana Gw,17.422,78.512,2015-12-01,2015,12,Post-Monsoon,8.05
TSGWD_1096,Hyderabad,Hyderabad,Telangana Gw,17.422,78.512,2016-01-01,2016,1,Rabi,9.9
TSGWD_1096,Hyderabad,Hyderabad,Telangana Gw,17.422,78.512,2016-02-01,2016,2,Rabi,0.0
TSGWD_1096,Hyderabad,Hyderabad,Telangana Gw,17.422,78.512,2016-03-01,2016,3,Pre-Monsoon,11.8
TSGWD_1096,Hyderabad,Hyderabad,Telangana Gw,17.422,78.512,2016-04-01,2016,4,Pre-Monsoon,12.6
TSGWD_1096,Hyderabad,Hyderabad,Telangana Gw,17.422,78.512,2016-05-01,2016,5,Pre-Monsoon,12.2
TSGWD_1096,Hyderabad,Hyderabad,Telangana Gw,17.422,78.512,2016-06-01,2016,6,Kharif,0.0
TSGWD_1096,Hyderabad,Hyderabad,Telangana Gw,17.422,78.512,2016-07-01,2016,7,Kharif,0.0
TSGWD_1096,Hyderabad,Hyderabad,Telangana Gw,17.422,78.512,2016-08-01,2016,8,Kharif,0.0
TSGWD_1096,Hyderabad,Hyderabad,Telangana Gw,17.422,78.512,2016-09-01,2016,9,Kharif,0.0
TSGWD_1096,Hyderabad,Hyderabad,Telangana Gw,17.422,78.512,2016-10-01,2016,10,Post-Monsoon,3.9
TSGWD_1096,Hyderabad,Hyderabad,Telangana Gw,17.422,78.512,2016-11-01,2016,11,Post-Monsoon,4.6
TSGWD_1096,Hyderabad,Hyderabad,Telangana Gw,17.422,78.512,2016-12-01,2016,12,Post-Monsoon,5.4
TSGWD_1096,Hyderabad,Hyderabad,Telangana Gw,17.422,78.512,2017-01-01,2017,1,Rabi,5.7
TSGWD_1096,Hyderabad,Hyderabad,Telangana Gw,17.422,78.512,2017-03-01,2017,3,Pre-Monsoon,7.42
TSGWD_1096,Hyderabad,Hyderabad,Telangana Gw,17.422,78.512,2017-04-01,2017,4,Pre-Monsoon,9.2
TSGWD_1096,Hyderabad,Hyderabad,Telangana Gw,17.422,78.512,2017-05-01,2017,5,Pre-Monsoon,10.3
TSGWD_1096,Hyderabad,Hyderabad,Telangana Gw,17.422,78.512,2017-06-01,2017,6,Kharif,8.63
TSGWD_1096,Hyderabad,Hyderabad,Telangana Gw,17.422,78.512,2017-07-01,2017,7,Kharif,7.01
TSGWD_1096,Hyderabad,Hyderabad,Telangana Gw,17.422,78.512,2017-08-01,2017,8,Kharif,6.7
TSGWD_1096,Hyderabad,Hyderabad,Telangana Gw,17.422,78.512,2017-09-01,2017,9,Kharif,5.05
TSGWD_1096,Hyderabad,Hyderabad,Telangana Gw,17.422,78.512,2017-10-01,2017,10,Post-Monsoon,3.31
TSGWD_1096,Hyderabad,Hyderabad,Telangana Gw,17.422,78.512,2017-11-01,2017,11,Post-Monsoon,4.68
TSGWD_1096,Hyderabad,Hyderabad,Telangana Gw,17.422,78.512,2017-12-01,2017,12,Post-Monsoon,5.6
TSGWD_1096,Hyderabad,Hyderabad,Telangana Gw,17.422,78.512,2018-01-18,2018,1,Rabi,6.19
TSGWD_1096,Hyderabad,Hyderabad,Telangana Gw,17.422,78.512,2018-02-18,2018,2,Rabi,6.6
TSGWD_1096,Hyderabad,Hyderabad,Telangana Gw,17.422,78.512,2018-03-18,2018,3,Pre-Monsoon,7.64
TSGWD_1096,Hyderabad,Hyderabad,Telangana Gw,17.422,78.512,2018-04-18,2018,4,Pre-Monsoon,8.39
TSGWD_1096,Hyderabad,Hyderabad,Telangana Gw,17.422,78.512,2018-05-18,2018,5,Pre-Monsoon,9.15
TSGWD_1096,Hyderabad,Hyderabad,Telangana Gw,17.422,78.512,2018-06-18,2018,6,Kharif,0.0
TSGWD_1096,Hyderabad,Hyderabad,Telangana Gw,17.422,78.512,2018-07-18,2018,7,Kharif,0.0
TSGWD_1096,Hyderabad,Hyderabad,Telangana Gw,17.422,78.512,2018-08-18,2018,8,Kharif,9.38
TSGWD_1096,Hyderabad,Hyderabad,Telangana Gw,17.422,78.512,2018-09-18,2018,9,Kharif,8.38
TSGWD_1096,Hyderabad,Hyderabad,Telangana Gw,17.422,78.512,2018-10-18,2018,10,Post-Monsoon,8.31
TSGWD_1096,Hyderabad,Hyderabad,Telangana Gw,17.422,78.512,2018-11-18,2018,11,Post-Monsoon,8.65
TSGWD_1096,Hyderabad,Hyderabad,Telangana Gw,17.422,78.512,2018-12-18,2018,12,Post-Monsoon,9.29
TSGWD_1096,Hyderabad,Hyderabad,Telangana Gw,17.422,78.512,2019-01-18,2019,1,Rabi,9.32
TSGWD_1096,Hyderabad,Hyderabad,Telangana Gw,17.422,78.512,2019-02-01,2019,2,Rabi,9.38
TSGWD_1096,Hyderabad,Hyderabad,Telangana Gw,17.422,78.512,2019-03-01,2019,3,Pre-Monsoon,10.8
TSGWD_1096,Hyderabad,Hyderabad,Telangana Gw,17.422,78.512,2019-04-01,2019,4,Pre-Monsoon,11.24
TSGWD_1096,Hyderabad,Hyderabad,Telangana Gw,17.422,78.512,2019-05-19,2019,5,Pre-Monsoon,11.31
TSGWD_1096,Hyderabad,Hyderabad,Telangana Gw,17.422,78.512,2019-06-19,2019,6,Kharif,10.54
TSGWD_1096,Hyderabad,Hyderabad,Telangana Gw,17.422,78.512,2019-07-01,2019,7,Kharif,10.67
TSGWD_1096,Hyderabad,Hyderabad,Telangana Gw,17.422,78.512,2019-08-01,2019,8,Kharif,9.13
TSGWD_1096,Hyderabad,Hyderabad,Telangana Gw,17.422,78.512,2019-09-01,2019,9,Kharif,8.27
TSGWD_1096,Hyderabad,Hyderabad,Telangana Gw,17.422,78.512,2019-10-22,2019,10,Post-Monsoon,9.22
TSGWD_1096,Hyderabad,Hyderabad,Telangana Gw,17.422,78.512,2019-11-22,2019,11,Post-Monsoon,5.65
TSGWD_1096,Hyderabad,Hyderabad,Telangana Gw,17.422,78.512,2019-12-22,2019,12,Post-Monsoon,5.8
TSGWD_1097,Hyderabad,Hyderabad,Telangana Gw,17.385,78.474,2007-05-01,2007,5,Pre-Monsoon,8.87
TSGWD_1097,Hyderabad,Hyderabad,Telangana Gw,17.385,78.474,2007-06-01,2007,6,Kharif,6.46
TSGWD_1097,Hyderabad,Hyderabad,Telangana Gw,17.385,78.474,2007-07-01,2007,7,Kharif,5.62
TSGWD_1097,Hyderabad,Hyderabad,Telangana Gw,17.385,78.474,2007-08-01,2007,8,Kharif,2.18
TSGWD_1097,Hyderabad,Hyderabad,Telangana Gw,17.385,78.474,2007-09-01,2007,9,Kharif,1.59
TSGWD_1097,Hyderabad,Hyderabad,Telangana Gw,17.385,78.474,2007-10-01,2007,10,Post-Monsoon,1.89
TSGWD_1097,Hyderabad,Hyderabad,Telangana Gw,17.385,78.474,2007-11-01,2007,11,Post-Monsoon,3.36
TSGWD_1097,Hyderabad,Hyderabad,Telangana Gw,17.385,78.474,2007-12-01,2007,12,Post-Monsoon,3.41
TSGWD_1097,Hyderabad,Hyderabad,Telangana Gw,17.385,78.474,2008-01-01,2008,1,Rabi,4.79
TSGWD_1097,Hyderabad,Hyderabad,Telangana Gw,17.385,78.474,2008-02-01,2008,2,Rabi,7.02
TSGWD_1097,Hyderabad,Hyderabad,Telangana Gw,17.385,78.474,2008-03-01,2008,3,Pre-Monsoon,4.55
TSGWD_1097,Hyderabad,Hyderabad,Telangana Gw,17.385,78.474,2008-04-01,2008,4,Pre-Monsoon,6.43
TSGWD_1097,Hyderabad,Hyderabad,Telangana Gw,17.385,78.474,2008-05-01,2008,5,Pre-Monsoon,7.9
TSGWD_1097,Hyderabad,Hyderabad,Telangana Gw,17.385,78.474,2008-06-01,2008,6,Kharif,9.4
TSGWD_1097,Hyderabad,Hyderabad,Telangana Gw,17.385,78.474,2008-07-01,2008,7,Kharif,9.45
TSGWD_1097,Hyderabad,Hyderabad,Telangana Gw,17.385,78.474,2008-08-01,2008,8,Kharif,6.2
TSGWD_1097,Hyderabad,Hyderabad,Telangana Gw,17.385,78.474,2008-09-01,2008,9,Kharif,1.64
TSGWD_1097,Hyderabad,Hyderabad,Telangana Gw,17.385,78.474,2008-10-01,2008,10,Post-Monsoon,2.2
TSGWD_1097,Hyderabad,Hyderabad,Telangana Gw,17.385,78.474,2008-11-01,2008,11,Post-Monsoon,2.8
TSGWD_1097,Hyderabad,Hyderabad,Telangana Gw,17.385,78.474,2008-12-01,2008,12,Post-Monsoon,3.8
TSGWD_1097,Hyderabad,Hyderabad,Telangana Gw,17.385,78.474,2009-01-01,2009,1,Rabi,4.84
TSGWD_1097,Hyderabad,Hyderabad,Telangana Gw,17.385,78.474,2009-02-01,2009,2,Rabi,5.4
TSGWD_1097,Hyderabad,Hyderabad,Telangana Gw,17.385,78.474,2009-03-01,2009,3,Pre-Monsoon,8.8
TSGWD_1097,Hyderabad,Hyderabad,Telangana Gw,17.385,78.474,2009-04-01,2009,4,Pre-Monsoon,10.9
TSGWD_1097,Hyderabad,Hyderabad,Telangana Gw,17.385,78.474,2009-05-01,2009,5,Pre-Monsoon,11.3
TSGWD_1097,Hyderabad,Hyderabad,Telangana Gw,17.385,78.474,2009-06-01,2009,6,Kharif,11.7
TSGWD_1097,Hyderabad,Hyderabad,Telangana Gw,17.385,78.474,2009-07-01,2009,7,Kharif,11.87
TSGWD_1097,Hyderabad,Hyderabad,Telangana Gw,17.385,78.474,2009-08-01,2009,8,Kharif,9.1
TSGWD_1097,Hyderabad,Hyderabad,Telangana Gw,17.385,78.474,2009-09-01,2009,9,Kharif,5.3
TSGWD_1097,Hyderabad,Hyderabad,Telangana Gw,17.385,78.474,2009-10-01,2009,10,Post-Monsoon,5.5
TSGWD_1097,Hyderabad,Hyderabad,Telangana Gw,17.385,78.474,2009-11-01,2009,11,Post-Monsoon,5.02
TSGWD_1097,Hyderabad,Hyderabad,Telangana Gw,17.385,78.474,2009-12-01,2009,12,Post-Monsoon,5.4
TSGWD_1097,Hyderabad,Hyderabad,Telangana Gw,17.385,78.474,2010-01-01,2010,1,Rabi,5.9
TSGWD_1097,Hyderabad,Hyderabad,Telangana Gw,17.385,78.474,2010-02-01,2010,2,Rabi,6.87
TSGWD_1097,Hyderabad,Hyderabad,Telangana Gw,17.385,78.474,2010-03-01,2010,3,Pre-Monsoon,8.0
TSGWD_1097,Hyderabad,Hyderabad,Telangana Gw,17.385,78.474,2010-04-01,2010,4,Pre-Monsoon,11.04
TSGWD_1097,Hyderabad,Hyderabad,Telangana Gw,17.385,78.474,2010-05-01,2010,5,Pre-Monsoon,12.13
TSGWD_1097,Hyderabad,Hyderabad,Telangana Gw,17.385,78.474,2010-06-01,2010,6,Kharif,11.2
TSGWD_1097,Hyderabad,Hyderabad,Telangana Gw,17.385,78.474,2010-07-01,2010,7,Kharif,5.93
TSGWD_1097,Hyderabad,Hyderabad,Telangana Gw,17.385,78.474,2010-08-01,2010,8,Kharif,3.4
TSGWD_1097,Hyderabad,Hyderabad,Telangana Gw,17.385,78.474,2010-09-01,2010,9,Kharif,3.0
TSGWD_1097,Hyderabad,Hyderabad,Telangana Gw,17.385,78.474,2010-10-01,2010,10,Post-Monsoon,4.6
TSGWD_1097,Hyderabad,Hyderabad,Telangana Gw,17.385,78.474,2010-11-01,2010,11,Post-Monsoon,3.02
TSGWD_1097,Hyderabad,Hyderabad,Telangana Gw,17.385,78.474,2010-12-01,2010,12,Post-Monsoon,4.34
TSGWD_1097,Hyderabad,Hyderabad,Telangana Gw,17.385,78.474,2011-01-01,2011,1,Rabi,5.6
TSGWD_1097,Hyderabad,Hyderabad,Telangana Gw,17.385,78.474,2011-02-01,2011,2,Rabi,6.29
TSGWD_1097,Hyderabad,Hyderabad,Telangana Gw,17.385,78.474,2011-03-01,2011,3,Pre-Monsoon,8.0
TSGWD_1097,Hyderabad,Hyderabad,Telangana Gw,17.385,78.474,2011-04-01,2011,4,Pre-Monsoon,10.9
TSGWD_1097,Hyderabad,Hyderabad,Telangana Gw,17.385,78.474,2011-05-01,2011,5,Pre-Monsoon,12.1
TSGWD_1097,Hyderabad,Hyderabad,Telangana Gw,17.385,78.474,2011-06-01,2011,6,Kharif,14.0
TSGWD_1097,Hyderabad,Hyderabad,Telangana Gw,17.385,78.474,2011-07-01,2011,7,Kharif,7.12
TSGWD_1097,Hyderabad,Hyderabad,Telangana Gw,17.385,78.474,2011-08-01,2011,8,Kharif,7.77
TSGWD_1097,Hyderabad,Hyderabad,Telangana Gw,17.385,78.474,2011-09-01,2011,9,Kharif,0.0
TSGWD_1097,Hyderabad,Hyderabad,Telangana Gw,17.385,78.474,2011-10-01,2011,10,Post-Monsoon,8.35
TSGWD_1097,Hyderabad,Hyderabad,Telangana Gw,17.385,78.474,2011-11-01,2011,11,Post-Monsoon,8.65
TSGWD_1097,Hyderabad,Hyderabad,Telangana Gw,17.385,78.474,2011-12-01,2011,12,Post-Monsoon,9.2
TSGWD_1097,Hyderabad,Hyderabad,Telangana Gw,17.385,78.474,2012-01-01,2012,1,Rabi,10.8
TSGWD_1097,Hyderabad,Hyderabad,Telangana Gw,17.385,78.474,2012-02-01,2012,2,Rabi,12.3
TSGWD_1097,Hyderabad,Hyderabad,Telangana Gw,17.385,78.474,2012-03-01,2012,3,Pre-Monsoon,12.7
TSGWD_1097,Hyderabad,Hyderabad,Telangana Gw,17.385,78.474,2012-04-01,2012,4,Pre-Monsoon,13.3
TSGWD_1097,Hyderabad,Hyderabad,Telangana Gw,17.385,78.474,2012-05-01,2012,5,Pre-Monsoon,15.1
TSGWD_1097,Hyderabad,Hyderabad,Telangana Gw,17.385,78.474,2012-06-01,2012,6,Kharif,10.8
TSGWD_1097,Hyderabad,Hyderabad,Telangana Gw,17.385,78.474,2012-07-01,2012,7,Kharif,5.35
TSGWD_1097,Hyderabad,Hyderabad,Telangana Gw,17.385,78.474,2012-08-01,2012,8,Kharif,5.2
TSGWD_1097,Hyderabad,Hyderabad,Telangana Gw,17.385,78.474,2012-09-01,2012,9,Kharif,3.95
TSGWD_1097,Hyderabad,Hyderabad,Telangana Gw,17.385,78.474,2012-10-01,2012,10,Post-Monsoon,3.72
TSGWD_1097,Hyderabad,Hyderabad,Telangana Gw,17.385,78.474,2012-11-01,2012,11,Post-Monsoon,4.2
TSGWD_1097,Hyderabad,Hyderabad,Telangana Gw,17.385,78.474,2012-12-01,2012,12,Post-Monsoon,5.2
TSGWD_1097,Hyderabad,Hyderabad,Telangana Gw,17.385,78.474,2013-01-01,2013,1,Rabi,6.87
TSGWD_1097,Hyderabad,Hyderabad,Telangana Gw,17.385,78.474,2013-02-01,2013,2,Rabi,9.5
TSGWD_1097,Hyderabad,Hyderabad,Telangana Gw,17.385,78.474,2013-03-01,2013,3,Pre-Monsoon,10.9
TSGWD_1097,Hyderabad,Hyderabad,Telangana Gw,17.385,78.474,2013-04-01,2013,4,Pre-Monsoon,12.1
TSGWD_1097,Hyderabad,Hyderabad,Telangana Gw,17.385,78.474,2013-05-01,2013,5,Pre-Monsoon,13.87
TSGWD_1097,Hyderabad,Hyderabad,Telangana Gw,17.385,78.474,2013-06-01,2013,6,Kharif,12.6
TSGWD_1097,Hyderabad,Hyderabad,Telangana Gw,17.385,78.474,2013-07-01,2013,7,Kharif,7.0
TSGWD_1097,Hyderabad,Hyderabad,Telangana Gw,17.385,78.474,2013-08-01,2013,8,Kharif,4.9
TSGWD_1097,Hyderabad,Hyderabad,Telangana Gw,17.385,78.474,2013-09-01,2013,9,Kharif,3.2
TSGWD_1097,Hyderabad,Hyderabad,Telangana Gw,17.385,78.474,2013-10-01,2013,10,Post-Monsoon,2.9
TSGWD_1097,Hyderabad,Hyderabad,Telangana Gw,17.385,78.474,2013-11-01,2013,11,Post-Monsoon,2.6
TSGWD_1097,Hyderabad,Hyderabad,Telangana Gw,17.385,78.474,2013-12-01,2013,12,Post-Monsoon,3.0
TSGWD_1097,Hyderabad,Hyderabad,Telangana Gw,17.385,78.474,2014-01-01,2014,1,Rabi,3.7
TSGWD_1097,Hyderabad,Hyderabad,Telangana Gw,17.385,78.474,2014-02-01,2014,2,Rabi,5.0
TSGWD_1097,Hyderabad,Hyderabad,Telangana Gw,17.385,78.474,2014-03-01,2014,3,Pre-Monsoon,5.0
TSGWD_1097,Hyderabad,Hyderabad,Telangana Gw,17.385,78.474,2014-04-01,2014,4,Pre-Monsoon,5.5
TSGWD_1097,Hyderabad,Hyderabad,Telangana Gw,17.385,78.474,2014-05-01,2014,5,Pre-Monsoon,7.3
TSGWD_1097,Hyderabad,Hyderabad,Telangana Gw,17.385,78.474,2014-06-01,2014,6,Kharif,7.47
TSGWD_1097,Hyderabad,Hyderabad,Telangana Gw,17.385,78.474,2014-07-01,2014,7,Kharif,8.77
TSGWD_1097,Hyderabad,Hyderabad,Telangana Gw,17.385,78.474,2014-08-01,2014,8,Kharif,9.97
TSGWD_1097,Hyderabad,Hyderabad,Telangana Gw,17.385,78.474,2014-09-01,2014,9,Kharif,8.27
TSGWD_1097,Hyderabad,Hyderabad,Telangana Gw,17.385,78.474,2014-10-01,2014,10,Post-Monsoon,10.45
TSGWD_1097,Hyderabad,Hyderabad,Telangana Gw,17.385,78.474,2014-11-01,2014,11,Post-Monsoon,11.57
TSGWD_1097,Hyderabad,Hyderabad,Telangana Gw,17.385,78.474,2014-12-01,2014,12,Post-Monsoon,11.77
TSGWD_1097,Hyderabad,Hyderabad,Telangana Gw,17.385,78.474,2015-01-01,2015,1,Rabi,12.67
TSGWD_1097,Hyderabad,Hyderabad,Telangana Gw,17.385,78.474,2015-02-01,2015,2,Rabi,12.77
TSGWD_1097,Hyderabad,Hyderabad,Telangana Gw,17.385,78.474,2015-03-01,2015,3,Pre-Monsoon,13.52
TSGWD_1097,Hyderabad,Hyderabad,Telangana Gw,17.385,78.474,2015-04-01,2015,4,Pre-Monsoon,11.52
TSGWD_1097,Hyderabad,Hyderabad,Telangana Gw,17.385,78.474,2015-05-01,2015,5,Pre-Monsoon,13.77
TSGWD_1097,Hyderabad,Hyderabad,Telangana Gw,17.385,78.474,2015-06-01,2015,6,Kharif,11.77
TSGWD_1097,Hyderabad,Hyderabad,Telangana Gw,17.385,78.474,2015-07-01,2015,7,Kharif,15.52
TSGWD_1097,Hyderabad,Hyderabad,Telangana Gw,17.385,78.474,2015-08-01,2015,8,Kharif,8.47
TSGWD_1097,Hyderabad,Hyderabad,Telangana Gw,17.385,78.474,2015-09-01,2015,9,Kharif,5.17
TSGWD_1097,Hyderabad,Hyderabad,Telangana Gw,17.385,78.474,2015-10-01,2015,10,Post-Monsoon,4.82
TSGWD_1097,Hyderabad,Hyderabad,Telangana Gw,17.385,78.474,2015-11-01,2015,11,Post-Monsoon,8.32
TSGWD_1097,Hyderabad,Hyderabad,Telangana Gw,17.385,78.474,2015-12-01,2015,12,Post-Monsoon,9.62
TSGWD_1097,Hyderabad,Hyderabad,Telangana Gw,17.385,78.474,2016-01-01,2016,1,Rabi,9.02
TSGWD_1097,Hyderabad,Hyderabad,Telangana Gw,17.385,78.474,2016-02-01,2016,2,Rabi,11.47
TSGWD_1097,Hyderabad,Hyderabad,Telangana Gw,17.385,78.474,2016-03-01,2016,3,Pre-Monsoon,9.62
TSGWD_1097,Hyderabad,Hyderabad,Telangana Gw,17.385,78.474,2016-04-01,2016,4,Pre-Monsoon,11.05
TSGWD_1097,Hyderabad,Hyderabad,Telangana Gw,17.385,78.474,2016-05-01,2016,5,Pre-Monsoon,9.47
TSGWD_1097,Hyderabad,Hyderabad,Telangana Gw,17.385,78.474,2016-06-01,2016,6,Kharif,9.02
TSGWD_1097,Hyderabad,Hyderabad,Telangana Gw,17.385,78.474,2016-07-01,2016,7,Kharif,8.73
TSGWD_1097,Hyderabad,Hyderabad,Telangana Gw,17.385,78.474,2016-08-01,2016,8,Kharif,6.62
TSGWD_1097,Hyderabad,Hyderabad,Telangana Gw,17.385,78.474,2016-09-01,2016,9,Kharif,1.57
TSGWD_1097,Hyderabad,Hyderabad,Telangana Gw,17.385,78.474,2016-10-01,2016,10,Post-Monsoon,1.67
TSGWD_1097,Hyderabad,Hyderabad,Telangana Gw,17.385,78.474,2016-11-01,2016,11,Post-Monsoon,1.97
TSGWD_1097,Hyderabad,Hyderabad,Telangana Gw,17.385,78.474,2016-12-01,2016,12,Post-Monsoon,2.37
TSGWD_1097,Hyderabad,Hyderabad,Telangana Gw,17.385,78.474,2017-01-01,2017,1,Rabi,3.37
TSGWD_1097,Hyderabad,Hyderabad,Telangana Gw,17.385,78.474,2017-02-01,2017,2,Rabi,3.62
TSGWD_1097,Hyderabad,Hyderabad,Telangana Gw,17.385,78.474,2017-03-01,2017,3,Pre-Monsoon,3.87
TSGWD_1097,Hyderabad,Hyderabad,Telangana Gw,17.385,78.474,2017-04-01,2017,4,Pre-Monsoon,5.17
TSGWD_1097,Hyderabad,Hyderabad,Telangana Gw,17.385,78.474,2017-05-01,2017,5,Pre-Monsoon,3.12
TSGWD_1097,Hyderabad,Hyderabad,Telangana Gw,17.385,78.474,2017-06-01,2017,6,Kharif,1.58
TSGWD_1097,Hyderabad,Hyderabad,Telangana Gw,17.385,78.474,2017-07-01,2017,7,Kharif,1.49
TSGWD_1097,Hyderabad,Hyderabad,Telangana Gw,17.385,78.474,2017-08-01,2017,8,Kharif,1.27
TSGWD_1097,Hyderabad,Hyderabad,Telangana Gw,17.385,78.474,2017-09-01,2017,9,Kharif,1.57
TSGWD_1097,Hyderabad,Hyderabad,Telangana Gw,17.385,78.474,2017-10-01,2017,10,Post-Monsoon,1.01
TSGWD_1097,Hyderabad,Hyderabad,Telangana Gw,17.385,78.474,2017-11-01,2017,11,Post-Monsoon,2.2
TSGWD_1097,Hyderabad,Hyderabad,Telangana Gw,17.385,78.474,2017-12-01,2017,12,Post-Monsoon,1.77
TSGWD_1097,Hyderabad,Hyderabad,Telangana Gw,17.385,78.474,2018-01-18,2018,1,Rabi,1.87
TSGWD_1097,Hyderabad,Hyderabad,Telangana Gw,17.385,78.474,2018-02-18,2018,2,Rabi,1.92
TSGWD_1097,Hyderabad,Hyderabad,Telangana Gw,17.385,78.474,2018-03-18,2018,3,Pre-Monsoon,2.13
TSGWD_1097,Hyderabad,Hyderabad,Telangana Gw,17.385,78.474,2018-04-18,2018,4,Pre-Monsoon,2.3
TSGWD_1097,Hyderabad,Hyderabad,Telangana Gw,17.385,78.474,2018-05-18,2018,5,Pre-Monsoon,2.37
TSGWD_1097,Hyderabad,Hyderabad,Telangana Gw,17.385,78.474,2018-06-18,2018,6,Kharif,1.82
TSGWD_1097,Hyderabad,Hyderabad,Telangana Gw,17.385,78.474,2018-07-18,2018,7,Kharif,1.8
TSGWD_1097,Hyderabad,Hyderabad,Telangana Gw,17.385,78.474,2018-08-18,2018,8,Kharif,1.79
TSGWD_1097,Hyderabad,Hyderabad,Telangana Gw,17.385,78.474,2018-09-18,2018,9,Kharif,1.62
TSGWD_1097,Hyderabad,Hyderabad,Telangana Gw,17.385,78.474,2018-10-18,2018,10,Post-Monsoon,1.48
TSGWD_1097,Hyderabad,Hyderabad,Telangana Gw,17.385,78.474,2018-11-18,2018,11,Post-Monsoon,2.41
TSGWD_1097,Hyderabad,Hyderabad,Telangana Gw,17.385,78.474,2018-12-18,2018,12,Post-Monsoon,3.04
TSGWD_1097,Hyderabad,Hyderabad,Telangana Gw,17.385,78.474,2019-01-18,2019,1,Rabi,3.91
TSGWD_1097,Hyderabad,Hyderabad,Telangana Gw,17.385,78.474,2019-02-01,2019,2,Rabi,4.2
TSGWD_1097,Hyderabad,Hyderabad,Telangana Gw,17.385,78.474,2019-03-01,2019,3,Pre-Monsoon,4.49
TSGWD_1097,Hyderabad,Hyderabad,Telangana Gw,17.385,78.474,2019-04-01,2019,4,Pre-Monsoon,4.52
TSGWD_1097,Hyderabad,Hyderabad,Telangana Gw,17.385,78.474,2019-05-19,2019,5,Pre-Monsoon,4.95
TSGWD_1097,Hyderabad,Hyderabad,Telangana Gw,17.385,78.474,2019-06-19,2019,6,Kharif,3.71
TSGWD_1097,Hyderabad,Hyderabad,Telangana Gw,17.385,78.474,2019-07-01,2019,7,Kharif,3.41
TSGWD_1097,Hyderabad,Hyderabad,Telangana Gw,17.385,78.474,2019-08-01,2019,8,Kharif,3.26
TSGWD_1097,Hyderabad,Hyderabad,Telangana Gw,17.385,78.474,2019-09-01,2019,9,Kharif,2.0
TSGWD_1097,Hyderabad,Hyderabad,Telangana Gw,17.385,78.474,2019-10-22,2019,10,Post-Monsoon,5.99
TSGWD_1097,Hyderabad,Hyderabad,Telangana Gw,17.385,78.474,2019-11-22,2019,11,Post-Monsoon,2.05
TSGWD_1097,Hyderabad,Hyderabad,Telangana Gw,17.385,78.474,2019-12-22,2019,12,Post-Monsoon,3.57
TSGWD_1098,Hyderabad,Hyderabad,Telangana Gw,17.361,78.508,2007-05-01,2007,5,Pre-Monsoon,6.6
TSGWD_1098,Hyderabad,Hyderabad,Telangana Gw,17.361,78.508,2007-06-01,2007,6,Kharif,4.88
TSGWD_1098,Hyderabad,Hyderabad,Telangana Gw,17.361,78.508,2007-07-01,2007,7,Kharif,7.49
TSGWD_1098,Hyderabad,Hyderabad,Telangana Gw,17.361,78.508,2007-08-01,2007,8,Kharif,5.2
TSGWD_1098,Hyderabad,Hyderabad,Telangana Gw,17.361,78.508,2007-09-01,2007,9,Kharif,3.72
TSGWD_1098,Hyderabad,Hyderabad,Telangana Gw,17.361,78.508,2007-10-01,2007,10,Post-Monsoon,5.16
TSGWD_1098,Hyderabad,Hyderabad,Telangana Gw,17.361,78.508,2007-11-01,2007,11,Post-Monsoon,4.97
TSGWD_1098,Hyderabad,Hyderabad,Telangana Gw,17.361,78.508,2007-12-01,2007,12,Post-Monsoon,5.4
TSGWD_1098,Hyderabad,Hyderabad,Telangana Gw,17.361,78.508,2008-01-01,2008,1,Rabi,5.58
TSGWD_1098,Hyderabad,Hyderabad,Telangana Gw,17.361,78.508,2008-02-01,2008,2,Rabi,4.34
TSGWD_1098,Hyderabad,Hyderabad,Telangana Gw,17.361,78.508,2008-03-01,2008,3,Pre-Monsoon,2.82
TSGWD_1098,Hyderabad,Hyderabad,Telangana Gw,17.361,78.508,2008-04-01,2008,4,Pre-Monsoon,3.72
TSGWD_1098,Hyderabad,Hyderabad,Telangana Gw,17.361,78.508,2008-05-01,2008,5,Pre-Monsoon,4.13
TSGWD_1098,Hyderabad,Hyderabad,Telangana Gw,17.361,78.508,2008-06-01,2008,6,Kharif,4.8
TSGWD_1098,Hyderabad,Hyderabad,Telangana Gw,17.361,78.508,2008-07-01,2008,7,Kharif,5.2
TSGWD_1098,Hyderabad,Hyderabad,Telangana Gw,17.361,78.508,2008-08-01,2008,8,Kharif,4.07
TSGWD_1098,Hyderabad,Hyderabad,Telangana Gw,17.361,78.508,2008-09-01,2008,9,Kharif,5.05
TSGWD_1098,Hyderabad,Hyderabad,Telangana Gw,17.361,78.508,2008-10-01,2008,10,Post-Monsoon,5.7
TSGWD_1098,Hyderabad,Hyderabad,Telangana Gw,17.361,78.508,2008-11-01,2008,11,Post-Monsoon,2.7
TSGWD_1098,Hyderabad,Hyderabad,Telangana Gw,17.361,78.508,2008-12-01,2008,12,Post-Monsoon,3.04
TSGWD_1098,Hyderabad,Hyderabad,Telangana Gw,17.361,78.508,2009-01-01,2009,1,Rabi,3.06
TSGWD_1098,Hyderabad,Hyderabad,Telangana Gw,17.361,78.508,2009-02-01,2009,2,Rabi,3.5
TSGWD_1098,Hyderabad,Hyderabad,Telangana Gw,17.361,78.508,2009-03-01,2009,3,Pre-Monsoon,3.8
TSGWD_1098,Hyderabad,Hyderabad,Telangana Gw,17.361,78.508,2009-04-01,2009,4,Pre-Monsoon,4.5
TSGWD_1098,Hyderabad,Hyderabad,Telangana Gw,17.361,78.508,2009-05-01,2009,5,Pre-Monsoon,4.8
TSGWD_1098,Hyderabad,Hyderabad,Telangana Gw,17.361,78.508,2009-06-01,2009,6,Kharif,5.5
TSGWD_1098,Hyderabad,Hyderabad,Telangana Gw,17.361,78.508,2009-07-01,2009,7,Kharif,6.0
TSGWD_1098,Hyderabad,Hyderabad,Telangana Gw,17.361,78.508,2009-08-01,2009,8,Kharif,8.0
TSGWD_1098,Hyderabad,Hyderabad,Telangana Gw,17.361,78.508,2009-09-01,2009,9,Kharif,8.4
TSGWD_1098,Hyderabad,Hyderabad,Telangana Gw,17.361,78.508,2009-10-01,2009,10,Post-Monsoon,7.0
TSGWD_1098,Hyderabad,Hyderabad,Telangana Gw,17.361,78.508,2009-11-01,2009,11,Post-Monsoon,5.0
TSGWD_1098,Hyderabad,Hyderabad,Telangana Gw,17.361,78.508,2009-12-01,2009,12,Post-Monsoon,5.0
TSGWD_1098,Hyderabad,Hyderabad,Telangana Gw,17.361,78.508,2010-01-01,2010,1,Rabi,5.4
TSGWD_1098,Hyderabad,Hyderabad,Telangana Gw,17.361,78.508,2010-02-01,2010,2,Rabi,5.46
TSGWD_1098,Hyderabad,Hyderabad,Telangana Gw,17.361,78.508,2010-03-01,2010,3,Pre-Monsoon,5.9
TSGWD_1098,Hyderabad,Hyderabad,Telangana Gw,17.361,78.508,2010-04-01,2010,4,Pre-Monsoon,6.45
TSGWD_1098,Hyderabad,Hyderabad,Telangana Gw,17.361,78.508,2010-05-01,2010,5,Pre-Monsoon,6.74
TSGWD_1098,Hyderabad,Hyderabad,Telangana Gw,17.361,78.508,2010-06-01,2010,6,Kharif,5.63
TSGWD_1098,Hyderabad,Hyderabad,Telangana Gw,17.361,78.508,2010-07-01,2010,7,Kharif,3.95
TSGWD_1098,Hyderabad,Hyderabad,Telangana Gw,17.361,78.508,2010-08-01,2010,8,Kharif,2.95
TSGWD_1098,Hyderabad,Hyderabad,Telangana Gw,17.361,78.508,2010-09-01,2010,9,Kharif,2.4
TSGWD_1098,Hyderabad,Hyderabad,Telangana Gw,17.361,78.508,2010-10-01,2010,10,Post-Monsoon,2.5
TSGWD_1098,Hyderabad,Hyderabad,Telangana Gw,17.361,78.508,2010-11-01,2010,11,Post-Monsoon,2.8
TSGWD_1098,Hyderabad,Hyderabad,Telangana Gw,17.361,78.508,2010-12-01,2010,12,Post-Monsoon,2.95
TSGWD_1098,Hyderabad,Hyderabad,Telangana Gw,17.361,78.508,2011-01-01,2011,1,Rabi,3.0
TSGWD_1098,Hyderabad,Hyderabad,Telangana Gw,17.361,78.508,2011-02-01,2011,2,Rabi,3.57
TSGWD_1098,Hyderabad,Hyderabad,Telangana Gw,17.361,78.508,2011-03-01,2011,3,Pre-Monsoon,4.85
TSGWD_1098,Hyderabad,Hyderabad,Telangana Gw,17.361,78.508,2011-04-01,2011,4,Pre-Monsoon,5.5
TSGWD_1098,Hyderabad,Hyderabad,Telangana Gw,17.361,78.508,2011-05-01,2011,5,Pre-Monsoon,5.6
TSGWD_1098,Hyderabad,Hyderabad,Telangana Gw,17.361,78.508,2011-06-01,2011,6,Kharif,6.95
TSGWD_1098,Hyderabad,Hyderabad,Telangana Gw,17.361,78.508,2011-07-01,2011,7,Kharif,5.15
TSGWD_1098,Hyderabad,Hyderabad,Telangana Gw,17.361,78.508,2011-08-01,2011,8,Kharif,4.85
TSGWD_1098,Hyderabad,Hyderabad,Telangana Gw,17.361,78.508,2011-09-01,2011,9,Kharif,0.0
TSGWD_1098,Hyderabad,Hyderabad,Telangana Gw,17.361,78.508,2011-10-01,2011,10,Post-Monsoon,5.05
TSGWD_1098,Hyderabad,Hyderabad,Telangana Gw,17.361,78.508,2011-11-01,2011,11,Post-Monsoon,5.75
TSGWD_1098,Hyderabad,Hyderabad,Telangana Gw,17.361,78.508,2011-12-01,2011,12,Post-Monsoon,5.8
TSGWD_1098,Hyderabad,Hyderabad,Telangana Gw,17.361,78.508,2012-01-01,2012,1,Rabi,5.95
TSGWD_1098,Hyderabad,Hyderabad,Telangana Gw,17.361,78.508,2012-02-01,2012,2,Rabi,6.0
TSGWD_1098,Hyderabad,Hyderabad,Telangana Gw,17.361,78.508,2012-03-01,2012,3,Pre-Monsoon,6.2
TSGWD_1098,Hyderabad,Hyderabad,Telangana Gw,17.361,78.508,2012-04-01,2012,4,Pre-Monsoon,5.7
TSGWD_1098,Hyderabad,Hyderabad,Telangana Gw,17.361,78.508,2012-05-01,2012,5,Pre-Monsoon,5.8
TSGWD_1098,Hyderabad,Hyderabad,Telangana Gw,17.361,78.508,2012-06-01,2012,6,Kharif,5.6
TSGWD_1098,Hyderabad,Hyderabad,Telangana Gw,17.361,78.508,2012-07-01,2012,7,Kharif,3.75
TSGWD_1098,Hyderabad,Hyderabad,Telangana Gw,17.361,78.508,2012-08-01,2012,8,Kharif,4.35
TSGWD_1098,Hyderabad,Hyderabad,Telangana Gw,17.361,78.508,2012-09-01,2012,9,Kharif,2.85
TSGWD_1098,Hyderabad,Hyderabad,Telangana Gw,17.361,78.508,2012-10-01,2012,10,Post-Monsoon,3.5
TSGWD_1098,Hyderabad,Hyderabad,Telangana Gw,17.361,78.508,2012-11-01,2012,11,Post-Monsoon,3.5
TSGWD_1098,Hyderabad,Hyderabad,Telangana Gw,17.361,78.508,2012-12-01,2012,12,Post-Monsoon,3.8
TSGWD_1098,Hyderabad,Hyderabad,Telangana Gw,17.361,78.508,2013-01-01,2013,1,Rabi,4.4
TSGWD_1098,Hyderabad,Hyderabad,Telangana Gw,17.361,78.508,2013-02-01,2013,2,Rabi,4.5
TSGWD_1098,Hyderabad,Hyderabad,Telangana Gw,17.361,78.508,2013-03-01,2013,3,Pre-Monsoon,4.9
TSGWD_1098,Hyderabad,Hyderabad,Telangana Gw,17.361,78.508,2013-04-01,2013,4,Pre-Monsoon,4.95
TSGWD_1098,Hyderabad,Hyderabad,Telangana Gw,17.361,78.508,2013-05-01,2013,5,Pre-Monsoon,7.35
TSGWD_1098,Hyderabad,Hyderabad,Telangana Gw,17.361,78.508,2013-06-01,2013,6,Kharif,5.65
TSGWD_1098,Hyderabad,Hyderabad,Telangana Gw,17.361,78.508,2013-07-01,2013,7,Kharif,2.85
TSGWD_1098,Hyderabad,Hyderabad,Telangana Gw,17.361,78.508,2013-08-01,2013,8,Kharif,2.5
TSGWD_1098,Hyderabad,Hyderabad,Telangana Gw,17.361,78.508,2013-09-01,2013,9,Kharif,2.5
TSGWD_1098,Hyderabad,Hyderabad,Telangana Gw,17.361,78.508,2013-10-01,2013,10,Post-Monsoon,2.6
TSGWD_1098,Hyderabad,Hyderabad,Telangana Gw,17.361,78.508,2013-11-01,2013,11,Post-Monsoon,3.0
TSGWD_1098,Hyderabad,Hyderabad,Telangana Gw,17.361,78.508,2013-12-01,2013,12,Post-Monsoon,3.0
TSGWD_1098,Hyderabad,Hyderabad,Telangana Gw,17.361,78.508,2014-01-01,2014,1,Rabi,4.15
TSGWD_1098,Hyderabad,Hyderabad,Telangana Gw,17.361,78.508,2014-02-01,2014,2,Rabi,5.45
TSGWD_1098,Hyderabad,Hyderabad,Telangana Gw,17.361,78.508,2014-03-01,2014,3,Pre-Monsoon,5.5
TSGWD_1098,Hyderabad,Hyderabad,Telangana Gw,17.361,78.508,2014-04-01,2014,4,Pre-Monsoon,5.65
TSGWD_1098,Hyderabad,Hyderabad,Telangana Gw,17.361,78.508,2014-05-01,2014,5,Pre-Monsoon,6.85
TSGWD_1098,Hyderabad,Hyderabad,Telangana Gw,17.361,78.508,2014-06-01,2014,6,Kharif,6.1
TSGWD_1098,Hyderabad,Hyderabad,Telangana Gw,17.361,78.508,2014-07-01,2014,7,Kharif,7.0
TSGWD_1098,Hyderabad,Hyderabad,Telangana Gw,17.361,78.508,2014-08-01,2014,8,Kharif,8.34
TSGWD_1098,Hyderabad,Hyderabad,Telangana Gw,17.361,78.508,2014-09-01,2014,9,Kharif,6.05
TSGWD_1098,Hyderabad,Hyderabad,Telangana Gw,17.361,78.508,2014-10-01,2014,10,Post-Monsoon,5.7
TSGWD_1098,Hyderabad,Hyderabad,Telangana Gw,17.361,78.508,2014-11-01,2014,11,Post-Monsoon,6.1
TSGWD_1098,Hyderabad,Hyderabad,Telangana Gw,17.361,78.508,2014-12-01,2014,12,Post-Monsoon,6.2
TSGWD_1098,Hyderabad,Hyderabad,Telangana Gw,17.361,78.508,2015-01-01,2015,1,Rabi,6.15
TSGWD_1098,Hyderabad,Hyderabad,Telangana Gw,17.361,78.508,2015-02-01,2015,2,Rabi,6.65
TSGWD_1098,Hyderabad,Hyderabad,Telangana Gw,17.361,78.508,2015-03-01,2015,3,Pre-Monsoon,6.95
TSGWD_1098,Hyderabad,Hyderabad,Telangana Gw,17.361,78.508,2015-04-01,2015,4,Pre-Monsoon,5.35
TSGWD_1098,Hyderabad,Hyderabad,Telangana Gw,17.361,78.508,2015-05-01,2015,5,Pre-Monsoon,7.4
TSGWD_1098,Hyderabad,Hyderabad,Telangana Gw,17.361,78.508,2015-06-01,2015,6,Kharif,4.95
TSGWD_1098,Hyderabad,Hyderabad,Telangana Gw,17.361,78.508,2015-07-01,2015,7,Kharif,5.55
TSGWD_1098,Hyderabad,Hyderabad,Telangana Gw,17.361,78.508,2015-08-01,2015,8,Kharif,4.85
TSGWD_1098,Hyderabad,Hyderabad,Telangana Gw,17.361,78.508,2015-09-01,2015,9,Kharif,2.75
TSGWD_1098,Hyderabad,Hyderabad,Telangana Gw,17.361,78.508,2015-10-01,2015,10,Post-Monsoon,2.4
TSGWD_1098,Hyderabad,Hyderabad,Telangana Gw,17.361,78.508,2015-11-01,2015,11,Post-Monsoon,4.3
TSGWD_1098,Hyderabad,Hyderabad,Telangana Gw,17.361,78.508,2015-12-01,2015,12,Post-Monsoon,5.27
TSGWD_1098,Hyderabad,Hyderabad,Telangana Gw,17.361,78.508,2016-01-01,2016,1,Rabi,4.9
TSGWD_1098,Hyderabad,Hyderabad,Telangana Gw,17.361,78.508,2016-02-01,2016,2,Rabi,5.6
TSGWD_1098,Hyderabad,Hyderabad,Telangana Gw,17.361,78.508,2016-03-01,2016,3,Pre-Monsoon,6.1
TSGWD_1098,Hyderabad,Hyderabad,Telangana Gw,17.361,78.508,2016-04-01,2016,4,Pre-Monsoon,6.11
TSGWD_1098,Hyderabad,Hyderabad,Telangana Gw,17.361,78.508,2016-05-01,2016,5,Pre-Monsoon,5.65
TSGWD_1098,Hyderabad,Hyderabad,Telangana Gw,17.361,78.508,2016-06-01,2016,6,Kharif,0.0
TSGWD_1098,Hyderabad,Hyderabad,Telangana Gw,17.361,78.508,2016-07-01,2016,7,Kharif,5.2
TSGWD_1098,Hyderabad,Hyderabad,Telangana Gw,17.361,78.508,2016-08-01,2016,8,Kharif,4.45
TSGWD_1098,Hyderabad,Hyderabad,Telangana Gw,17.361,78.508,2016-09-01,2016,9,Kharif,0.55
TSGWD_1098,Hyderabad,Hyderabad,Telangana Gw,17.361,78.508,2016-10-01,2016,10,Post-Monsoon,1.85
TSGWD_1098,Hyderabad,Hyderabad,Telangana Gw,17.361,78.508,2016-11-01,2016,11,Post-Monsoon,2.7
TSGWD_1098,Hyderabad,Hyderabad,Telangana Gw,17.361,78.508,2016-12-01,2016,12,Post-Monsoon,3.6
TSGWD_1098,Hyderabad,Hyderabad,Telangana Gw,17.361,78.508,2017-01-01,2017,1,Rabi,3.7
TSGWD_1098,Hyderabad,Hyderabad,Telangana Gw,17.361,78.508,2017-02-01,2017,2,Rabi,5.8
TSGWD_1098,Hyderabad,Hyderabad,Telangana Gw,17.361,78.508,2017-03-01,2017,3,Pre-Monsoon,5.81
TSGWD_1098,Hyderabad,Hyderabad,Telangana Gw,17.361,78.508,2017-04-01,2017,4,Pre-Monsoon,3.9
TSGWD_1098,Hyderabad,Hyderabad,Telangana Gw,17.361,78.508,2017-05-01,2017,5,Pre-Monsoon,4.1
TSGWD_1098,Hyderabad,Hyderabad,Telangana Gw,17.361,78.508,2017-06-01,2017,6,Kharif,1.9
TSGWD_1098,Hyderabad,Hyderabad,Telangana Gw,17.361,78.508,2017-07-01,2017,7,Kharif,1.1
TSGWD_1098,Hyderabad,Hyderabad,Telangana Gw,17.361,78.508,2017-08-01,2017,8,Kharif,1.05
TSGWD_1098,Hyderabad,Hyderabad,Telangana Gw,17.361,78.508,2017-09-01,2017,9,Kharif,1.6
TSGWD_1098,Hyderabad,Hyderabad,Telangana Gw,17.361,78.508,2017-10-01,2017,10,Post-Monsoon,1.51
TSGWD_1098,Hyderabad,Hyderabad,Telangana Gw,17.361,78.508,2017-11-01,2017,11,Post-Monsoon,2.3
TSGWD_1098,Hyderabad,Hyderabad,Telangana Gw,17.361,78.508,2017-12-01,2017,12,Post-Monsoon,3.05
TSGWD_1098,Hyderabad,Hyderabad,Telangana Gw,17.361,78.508,2018-01-18,2018,1,Rabi,3.5
TSGWD_1098,Hyderabad,Hyderabad,Telangana Gw,17.361,78.508,2018-02-18,2018,2,Rabi,3.3
TSGWD_1098,Hyderabad,Hyderabad,Telangana Gw,17.361,78.508,2018-03-18,2018,3,Pre-Monsoon,4.73
TSGWD_1098,Hyderabad,Hyderabad,Telangana Gw,17.361,78.508,2018-04-18,2018,4,Pre-Monsoon,4.75
TSGWD_1098,Hyderabad,Hyderabad,Telangana Gw,17.361,78.508,2018-05-18,2018,5,Pre-Monsoon,6.03
TSGWD_1098,Hyderabad,Hyderabad,Telangana Gw,17.361,78.508,2018-06-18,2018,6,Kharif,6.25
TSGWD_1098,Hyderabad,Hyderabad,Telangana Gw,17.361,78.508,2018-07-18,2018,7,Kharif,4.73
TSGWD_1098,Hyderabad,Hyderabad,Telangana Gw,17.361,78.508,2018-08-18,2018,8,Kharif,3.75
TSGWD_1098,Hyderabad,Hyderabad,Telangana Gw,17.361,78.508,2018-09-18,2018,9,Kharif,3.6
TSGWD_1098,Hyderabad,Hyderabad,Telangana Gw,17.361,78.508,2018-10-18,2018,10,Post-Monsoon,4.05
TSGWD_1098,Hyderabad,Hyderabad,Telangana Gw,17.361,78.508,2018-11-18,2018,11,Post-Monsoon,4.43
TSGWD_1098,Hyderabad,Hyderabad,Telangana Gw,17.361,78.508,2018-12-18,2018,12,Post-Monsoon,5.18
TSGWD_1098,Hyderabad,Hyderabad,Telangana Gw,17.361,78.508,2019-01-18,2019,1,Rabi,5.22
TSGWD_1098,Hyderabad,Hyderabad,Telangana Gw,17.361,78.508,2019-02-01,2019,2,Rabi,5.35
TSGWD_1098,Hyderabad,Hyderabad,Telangana Gw,17.361,78.508,2019-03-01,2019,3,Pre-Monsoon,7.23
TSGWD_1098,Hyderabad,Hyderabad,Telangana Gw,17.361,78.508,2019-04-01,2019,4,Pre-Monsoon,7.59
TSGWD_1098,Hyderabad,Hyderabad,Telangana Gw,17.361,78.508,2019-05-19,2019,5,Pre-Monsoon,7.64
TSGWD_1098,Hyderabad,Hyderabad,Telangana Gw,17.361,78.508,2019-06-19,2019,6,Kharif,7.12
TSGWD_1098,Hyderabad,Hyderabad,Telangana Gw,17.361,78.508,2019-07-01,2019,7,Kharif,6.65
TSGWD_1098,Hyderabad,Hyderabad,Telangana Gw,17.361,78.508,2019-08-01,2019,8,Kharif,4.72
TSGWD_1098,Hyderabad,Hyderabad,Telangana Gw,17.361,78.508,2019-09-01,2019,9,Kharif,3.76
TSGWD_1098,Hyderabad,Hyderabad,Telangana Gw,17.361,78.508,2019-10-22,2019,10,Post-Monsoon,8.11
TSGWD_1098,Hyderabad,Hyderabad,Telangana Gw,17.361,78.508,2019-11-22,2019,11,Post-Monsoon,3.86
TSGWD_1098,Hyderabad,Hyderabad,Telangana Gw,17.361,78.508,2019-12-22,2019,12,Post-Monsoon,5.51
TSGWD_1099,Hyderabad,Hyderabad,Telangana Gw,17.42,78.45,2007-05-01,2007,5,Pre-Monsoon,5.87
TSGWD_1099,Hyderabad,Hyderabad,Telangana Gw,17.42,78.45,2007-06-01,2007,6,Kharif,4.82
TSGWD_1099,Hyderabad,Hyderabad,Telangana Gw,17.42,78.45,2007-07-01,2007,7,Kharif,5.32
TSGWD_1099,Hyderabad,Hyderabad,Telangana Gw,17.42,78.45,2007-08-01,2007,8,Kharif,4.8
TSGWD_1099,Hyderabad,Hyderabad,Telangana Gw,17.42,78.45,2007-09-01,2007,9,Kharif,3.89
TSGWD_1099,Hyderabad,Hyderabad,Telangana Gw,17.42,78.45,2007-10-01,2007,10,Post-Monsoon,4.34
TSGWD_1099,Hyderabad,Hyderabad,Telangana Gw,17.42,78.45,2007-11-01,2007,11,Post-Monsoon,4.5
TSGWD_1099,Hyderabad,Hyderabad,Telangana Gw,17.42,78.45,2007-12-01,2007,12,Post-Monsoon,0.0
TSGWD_1099,Hyderabad,Hyderabad,Telangana Gw,17.42,78.45,2008-01-01,2008,1,Rabi,0.0
TSGWD_1099,Hyderabad,Hyderabad,Telangana Gw,17.42,78.45,2008-02-01,2008,2,Rabi,0.0
TSGWD_1099,Hyderabad,Hyderabad,Telangana Gw,17.42,78.45,2008-03-01,2008,3,Pre-Monsoon,0.0
TSGWD_1099,Hyderabad,Hyderabad,Telangana Gw,17.42,78.45,2008-04-01,2008,4,Pre-Monsoon,0.0
TSGWD_1099,Hyderabad,Hyderabad,Telangana Gw,17.42,78.45,2008-05-01,2008,5,Pre-Monsoon,0.0
TSGWD_1099,Hyderabad,Hyderabad,Telangana Gw,17.42,78.45,2008-06-01,2008,6,Kharif,0.0
TSGWD_1099,Hyderabad,Hyderabad,Telangana Gw,17.42,78.45,2008-07-01,2008,7,Kharif,0.0
TSGWD_1099,Hyderabad,Hyderabad,Telangana Gw,17.42,78.45,2008-08-01,2008,8,Kharif,0.0
TSGWD_1099,Hyderabad,Hyderabad,Telangana Gw,17.42,78.45,2008-09-01,2008,9,Kharif,0.0
TSGWD_1099,Hyderabad,Hyderabad,Telangana Gw,17.42,78.45,2008-10-01,2008,10,Post-Monsoon,0.0
TSGWD_1099,Hyderabad,Hyderabad,Telangana Gw,17.42,78.45,2008-11-01,2008,11,Post-Monsoon,0.0
TSGWD_1099,Hyderabad,Hyderabad,Telangana Gw,17.42,78.45,2008-12-01,2008,12,Post-Monsoon,0.0
TSGWD_1099,Hyderabad,Hyderabad,Telangana Gw,17.42,78.45,2009-01-01,2009,1,Rabi,0.0
TSGWD_1099,Hyderabad,Hyderabad,Telangana Gw,17.42,78.45,2009-02-01,2009,2,Rabi,0.0
TSGWD_1099,Hyderabad,Hyderabad,Telangana Gw,17.42,78.45,2009-03-01,2009,3,Pre-Monsoon,0.0
TSGWD_1099,Hyderabad,Hyderabad,Telangana Gw,17.42,78.45,2009-04-01,2009,4,Pre-Monsoon,0.0
TSGWD_1099,Hyderabad,Hyderabad,Telangana Gw,17.42,78.45,2009-05-01,2009,5,Pre-Monsoon,0.0
TSGWD_1099,Hyderabad,Hyderabad,Telangana Gw,17.42,78.45,2009-06-01,2009,6,Kharif,0.0
TSGWD_1099,Hyderabad,Hyderabad,Telangana Gw,17.42,78.45,2009-07-01,2009,7,Kharif,0.0
TSGWD_1099,Hyderabad,Hyderabad,Telangana Gw,17.42,78.45,2009-08-01,2009,8,Kharif,0.0
TSGWD_1099,Hyderabad,Hyderabad,Telangana Gw,17.42,78.45,2009-09-01,2009,9,Kharif,0.0
TSGWD_1099,Hyderabad,Hyderabad,Telangana Gw,17.42,78.45,2009-10-01,2009,10,Post-Monsoon,0.0
TSGWD_1099,Hyderabad,Hyderabad,Telangana Gw,17.42,78.45,2009-11-01,2009,11,Post-Monsoon,0.0
TSGWD_1099,Hyderabad,Hyderabad,Telangana Gw,17.42,78.45,2009-12-01,2009,12,Post-Monsoon,0.0
TSGWD_1099,Hyderabad,Hyderabad,Telangana Gw,17.42,78.45,2010-01-01,2010,1,Rabi,0.0
TSGWD_1099,Hyderabad,Hyderabad,Telangana Gw,17.42,78.45,2010-02-01,2010,2,Rabi,0.0
TSGWD_1099,Hyderabad,Hyderabad,Telangana Gw,17.42,78.45,2010-03-01,2010,3,Pre-Monsoon,0.0
TSGWD_1099,Hyderabad,Hyderabad,Telangana Gw,17.42,78.45,2010-04-01,2010,4,Pre-Monsoon,0.0
TSGWD_1099,Hyderabad,Hyderabad,Telangana Gw,17.42,78.45,2010-05-01,2010,5,Pre-Monsoon,0.0
TSGWD_1099,Hyderabad,Hyderabad,Telangana Gw,17.42,78.45,2010-06-01,2010,6,Kharif,0.0
TSGWD_1099,Hyderabad,Hyderabad,Telangana Gw,17.42,78.45,2010-07-01,2010,7,Kharif,0.0
TSGWD_1099,Hyderabad,Hyderabad,Telangana Gw,17.42,78.45,2010-08-01,2010,8,Kharif,0.0
TSGWD_1099,Hyderabad,Hyderabad,Telangana Gw,17.42,78.45,2010-09-01,2010,9,Kharif,0.0
TSGWD_1099,Hyderabad,Hyderabad,Telangana Gw,17.42,78.45,2010-10-01,2010,10,Post-Monsoon,0.0
TSGWD_1099,Hyderabad,Hyderabad,Telangana Gw,17.42,78.45,2010-11-01,2010,11,Post-Monsoon,0.0
TSGWD_1099,Hyderabad,Hyderabad,Telangana Gw,17.42,78.45,2010-12-01,2010,12,Post-Monsoon,0.0
TSGWD_1099,Hyderabad,Hyderabad,Telangana Gw,17.42,78.45,2011-01-01,2011,1,Rabi,0.0
TSGWD_1099,Hyderabad,Hyderabad,Telangana Gw,17.42,78.45,2011-02-01,2011,2,Rabi,0.0
TSGWD_1099,Hyderabad,Hyderabad,Telangana Gw,17.42,78.45,2011-03-01,2011,3,Pre-Monsoon,0.0
TSGWD_1099,Hyderabad,Hyderabad,Telangana Gw,17.42,78.45,2011-04-01,2011,4,Pre-Monsoon,0.0
TSGWD_1099,Hyderabad,Hyderabad,Telangana Gw,17.42,78.45,2011-05-01,2011,5,Pre-Monsoon,0.0
TSGWD_1099,Hyderabad,Hyderabad,Telangana Gw,17.42,78.45,2011-06-01,2011,6,Kharif,0.0
TSGWD_1099,Hyderabad,Hyderabad,Telangana Gw,17.42,78.45,2011-07-01,2011,7,Kharif,0.0
TSGWD_1099,Hyderabad,Hyderabad,Telangana Gw,17.42,78.45,2011-08-01,2011,8,Kharif,0.0
TSGWD_1099,Hyderabad,Hyderabad,Telangana Gw,17.42,78.45,2011-09-01,2011,9,Kharif,0.0
TSGWD_1099,Hyderabad,Hyderabad,Telangana Gw,17.42,78.45,2011-10-01,2011,10,Post-Monsoon,0.0
TSGWD_1099,Hyderabad,Hyderabad,Telangana Gw,17.42,78.45,2011-11-01,2011,11,Post-Monsoon,0.0
TSGWD_1099,Hyderabad,Hyderabad,Telangana Gw,17.42,78.45,2011-12-01,2011,12,Post-Monsoon,0.0
TSGWD_1099,Hyderabad,Hyderabad,Telangana Gw,17.42,78.45,2012-01-01,2012,1,Rabi,0.0
TSGWD_1099,Hyderabad,Hyderabad,Telangana Gw,17.42,78.45,2012-02-01,2012,2,Rabi,0.0
TSGWD_1099,Hyderabad,Hyderabad,Telangana Gw,17.42,78.45,2012-03-01,2012,3,Pre-Monsoon,0.0
TSGWD_1099,Hyderabad,Hyderabad,Telangana Gw,17.42,78.45,2012-04-01,2012,4,Pre-Monsoon,0.0
TSGWD_1099,Hyderabad,Hyderabad,Telangana Gw,17.42,78.45,2012-05-01,2012,5,Pre-Monsoon,0.0
TSGWD_1099,Hyderabad,Hyderabad,Telangana Gw,17.42,78.45,2012-06-01,2012,6,Kharif,0.0
TSGWD_1099,Hyderabad,Hyderabad,Telangana Gw,17.42,78.45,2012-07-01,2012,7,Kharif,0.0
TSGWD_1099,Hyderabad,Hyderabad,Telangana Gw,17.42,78.45,2012-08-01,2012,8,Kharif,0.0
TSGWD_1099,Hyderabad,Hyderabad,Telangana Gw,17.42,78.45,2012-09-01,2012,9,Kharif,0.0
TSGWD_1099,Hyderabad,Hyderabad,Telangana Gw,17.42,78.45,2012-10-01,2012,10,Post-Monsoon,0.0
TSGWD_1099,Hyderabad,Hyderabad,Telangana Gw,17.42,78.45,2012-11-01,2012,11,Post-Monsoon,0.0
TSGWD_1099,Hyderabad,Hyderabad,Telangana Gw,17.42,78.45,2012-12-01,2012,12,Post-Monsoon,0.0
TSGWD_1099,Hyderabad,Hyderabad,Telangana Gw,17.42,78.45,2013-01-01,2013,1,Rabi,0.0
TSGWD_1099,Hyderabad,Hyderabad,Telangana Gw,17.42,78.45,2013-02-01,2013,2,Rabi,0.0
TSGWD_1099,Hyderabad,Hyderabad,Telangana Gw,17.42,78.45,2013-03-01,2013,3,Pre-Monsoon,0.0
TSGWD_1099,Hyderabad,Hyderabad,Telangana Gw,17.42,78.45,2013-04-01,2013,4,Pre-Monsoon,0.0
TSGWD_1099,Hyderabad,Hyderabad,Telangana Gw,17.42,78.45,2013-05-01,2013,5,Pre-Monsoon,0.0
TSGWD_1099,Hyderabad,Hyderabad,Telangana Gw,17.42,78.45,2013-06-01,2013,6,Kharif,0.0
TSGWD_1099,Hyderabad,Hyderabad,Telangana Gw,17.42,78.45,2013-07-01,2013,7,Kharif,0.0
TSGWD_1099,Hyderabad,Hyderabad,Telangana Gw,17.42,78.45,2013-08-01,2013,8,Kharif,0.0
TSGWD_1099,Hyderabad,Hyderabad,Telangana Gw,17.42,78.45,2013-09-01,2013,9,Kharif,0.0
TSGWD_1099,Hyderabad,Hyderabad,Telangana Gw,17.42,78.45,2013-10-01,2013,10,Post-Monsoon,0.0
TSGWD_1099,Hyderabad,Hyderabad,Telangana Gw,17.42,78.45,2013-11-01,2013,11,Post-Monsoon,0.0
TSGWD_1099,Hyderabad,Hyderabad,Telangana Gw,17.42,78.45,2013-12-01,2013,12,Post-Monsoon,0.0
TSGWD_1099,Hyderabad,Hyderabad,Telangana Gw,17.42,78.45,2014-01-01,2014,1,Rabi,0.0
TSGWD_1099,Hyderabad,Hyderabad,Telangana Gw,17.42,78.45,2014-02-01,2014,2,Rabi,0.0
TSGWD_1099,Hyderabad,Hyderabad,Telangana Gw,17.42,78.45,2014-03-01,2014,3,Pre-Monsoon,0.0
TSGWD_1099,Hyderabad,Hyderabad,Telangana Gw,17.42,78.45,2014-04-01,2014,4,Pre-Monsoon,0.0
TSGWD_1099,Hyderabad,Hyderabad,Telangana Gw,17.42,78.45,2014-05-01,2014,5,Pre-Monsoon,0.0
TSGWD_1099,Hyderabad,Hyderabad,Telangana Gw,17.42,78.45,2014-06-01,2014,6,Kharif,0.0
TSGWD_1099,Hyderabad,Hyderabad,Telangana Gw,17.42,78.45,2014-07-01,2014,7,Kharif,0.0
TSGWD_1099,Hyderabad,Hyderabad,Telangana Gw,17.42,78.45,2014-08-01,2014,8,Kharif,0.0
TSGWD_1099,Hyderabad,Hyderabad,Telangana Gw,17.42,78.45,2014-09-01,2014,9,Kharif,0.0
TSGWD_1099,Hyderabad,Hyderabad,Telangana Gw,17.42,78.45,2014-10-01,2014,10,Post-Monsoon,0.0
TSGWD_1099,Hyderabad,Hyderabad,Telangana Gw,17.42,78.45,2014-11-01,2014,11,Post-Monsoon,0.0
TSGWD_1099,Hyderabad,Hyderabad,Telangana Gw,17.42,78.45,2014-12-01,2014,12,Post-Monsoon,0.0
TSGWD_1099,Hyderabad,Hyderabad,Telangana Gw,17.42,78.45,2015-01-01,2015,1,Rabi,0.0
TSGWD_1099,Hyderabad,Hyderabad,Telangana Gw,17.42,78.45,2015-02-01,2015,2,Rabi,0.0
TSGWD_1099,Hyderabad,Hyderabad,Telangana Gw,17.42,78.45,2015-03-01,2015,3,Pre-Monsoon,0.0
TSGWD_1099,Hyderabad,Hyderabad,Telangana Gw,17.42,78.45,2015-04-01,2015,4,Pre-Monsoon,0.0
TSGWD_1099,Hyderabad,Hyderabad,Telangana Gw,17.42,78.45,2015-05-01,2015,5,Pre-Monsoon,0.0
TSGWD_1099,Hyderabad,Hyderabad,Telangana Gw,17.42,78.45,2015-06-01,2015,6,Kharif,0.0
TSGWD_1099,Hyderabad,Hyderabad,Telangana Gw,17.42,78.45,2015-07-01,2015,7,Kharif,0.0
TSGWD_1099,Hyderabad,Hyderabad,Telangana Gw,17.42,78.45,2015-08-01,2015,8,Kharif,0.0
TSGWD_1099,Hyderabad,Hyderabad,Telangana Gw,17.42,78.45,2015-09-01,2015,9,Kharif,0.0
TSGWD_1099,Hyderabad,Hyderabad,Telangana Gw,17.42,78.45,2015-10-01,2015,10,Post-Monsoon,0.0
TSGWD_1099,Hyderabad,Hyderabad,Telangana Gw,17.42,78.45,2015-11-01,2015,11,Post-Monsoon,4.51
TSGWD_1099,Hyderabad,Hyderabad,Telangana Gw,17.42,78.45,2015-12-01,2015,12,Post-Monsoon,6.18
TSGWD_1099,Hyderabad,Hyderabad,Telangana Gw,17.42,78.45,2016-01-01,2016,1,Rabi,7.75
TSGWD_1099,Hyderabad,Hyderabad,Telangana Gw,17.42,78.45,2016-02-01,2016,2,Rabi,0.0
TSGWD_1099,Hyderabad,Hyderabad,Telangana Gw,17.42,78.45,2016-03-01,2016,3,Pre-Monsoon,9.05
TSGWD_1099,Hyderabad,Hyderabad,Telangana Gw,17.42,78.45,2016-04-01,2016,4,Pre-Monsoon,10.31
TSGWD_1099,Hyderabad,Hyderabad,Telangana Gw,17.42,78.45,2016-05-01,2016,5,Pre-Monsoon,6.3
TSGWD_1099,Hyderabad,Hyderabad,Telangana Gw,17.42,78.45,2016-06-01,2016,6,Kharif,0.0
TSGWD_1099,Hyderabad,Hyderabad,Telangana Gw,17.42,78.45,2016-07-01,2016,7,Kharif,0.0
TSGWD_1099,Hyderabad,Hyderabad,Telangana Gw,17.42,78.45,2016-08-01,2016,8,Kharif,0.0
TSGWD_1099,Hyderabad,Hyderabad,Telangana Gw,17.42,78.45,2016-09-01,2016,9,Kharif,0.0
TSGWD_1099,Hyderabad,Hyderabad,Telangana Gw,17.42,78.45,2016-10-01,2016,10,Post-Monsoon,3.35
TSGWD_1099,Hyderabad,Hyderabad,Telangana Gw,17.42,78.45,2016-11-01,2016,11,Post-Monsoon,4.5
TSGWD_1099,Hyderabad,Hyderabad,Telangana Gw,17.42,78.45,2016-12-01,2016,12,Post-Monsoon,5.85
TSGWD_1099,Hyderabad,Hyderabad,Telangana Gw,17.42,78.45,2017-01-01,2017,1,Rabi,4.75
TSGWD_1099,Hyderabad,Hyderabad,Telangana Gw,17.42,78.45,2017-03-01,2017,3,Pre-Monsoon,5.55
TSGWD_1099,Hyderabad,Hyderabad,Telangana Gw,17.42,78.45,2017-04-01,2017,4,Pre-Monsoon,6.0
TSGWD_1099,Hyderabad,Hyderabad,Telangana Gw,17.42,78.45,2017-05-01,2017,5,Pre-Monsoon,4.1
TSGWD_1099,Hyderabad,Hyderabad,Telangana Gw,17.42,78.45,2017-06-01,2017,6,Kharif,3.27
TSGWD_1099,Hyderabad,Hyderabad,Telangana Gw,17.42,78.45,2017-07-01,2017,7,Kharif,2.3
TSGWD_1099,Hyderabad,Hyderabad,Telangana Gw,17.42,78.45,2017-08-01,2017,8,Kharif,1.95
TSGWD_1099,Hyderabad,Hyderabad,Telangana Gw,17.42,78.45,2017-09-01,2017,9,Kharif,3.2
TSGWD_1099,Hyderabad,Hyderabad,Telangana Gw,17.42,78.45,2017-10-01,2017,10,Post-Monsoon,2.63
TSGWD_1099,Hyderabad,Hyderabad,Telangana Gw,17.42,78.45,2018-02-18,2018,2,Rabi,0.0
TSGWD_1099,Hyderabad,Hyderabad,Telangana Gw,17.42,78.45,2018-03-18,2018,3,Pre-Monsoon,0.0
TSGWD_1099,Hyderabad,Hyderabad,Telangana Gw,17.42,78.45,2018-04-18,2018,4,Pre-Monsoon,0.0
TSGWD_1099,Hyderabad,Hyderabad,Telangana Gw,17.42,78.45,2018-05-18,2018,5,Pre-Monsoon,0.0
TSGWD_1099,Hyderabad,Hyderabad,Telangana Gw,17.42,78.45,2018-06-18,2018,6,Kharif,0.0
TSGWD_1099,Hyderabad,Hyderabad,Telangana Gw,17.42,78.45,2018-07-18,2018,7,Kharif,0.0
TSGWD_1099,Hyderabad,Hyderabad,Telangana Gw,17.42,78.45,2018-08-18,2018,8,Kharif,0.0
TSGWD_1099,Hyderabad,Hyderabad,Telangana Gw,17.42,78.45,2018-09-18,2018,9,Kharif,0.0
TSGWD_1099,Hyderabad,Hyderabad,Telangana Gw,17.42,78.45,2018-10-18,2018,10,Post-Monsoon,0.0
TSGWD_1099,Hyderabad,Hyderabad,Telangana Gw,17.42,78.45,2018-11-18,2018,11,Post-Monsoon,0.0
TSGWD_1099,Hyderabad,Hyderabad,Telangana Gw,17.42,78.45,2018-12-18,2018,12,Post-Monsoon,0.0
TSGWD_1099,Hyderabad,Hyderabad,Telangana Gw,17.42,78.45,2019-01-18,2019,1,Rabi,0.0
TSGWD_1099,Hyderabad,Hyderabad,Telangana Gw,17.42,78.45,2019-02-01,2019,2,Rabi,0.0
TSGWD_1099,Hyderabad,Hyderabad,Telangana Gw,17.42,78.45,2019-03-01,2019,3,Pre-Monsoon,0.0
TSGWD_1099,Hyderabad,Hyderabad,Telangana Gw,17.42,78.45,2019-04-01,2019,4,Pre-Monsoon,0.0
TSGWD_1099,Hyderabad,Hyderabad,Telangana Gw,17.42,78.45,2019-05-19,2019,5,Pre-Monsoon,0.0
TSGWD_1099,Hyderabad,Hyderabad,Telangana Gw,17.42,78.45,2019-06-19,2019,6,Kharif,0.0
TSGWD_1099,Hyderabad,Hyderabad,Telangana Gw,17.42,78.45,2019-07-01,2019,7,Kharif,0.0
TSGWD_1099,Hyderabad,Hyderabad,Telangana Gw,17.42,78.45,2019-08-01,2019,8,Kharif,0.0
TSGWD_1099,Hyderabad,Hyderabad,Telangana Gw,17.42,78.45,2019-09-01,2019,9,Kharif,0.0
TSGWD_3053,Hyderabad,Hyderabad,Telangana Gw,17.445016,78.45018,2007-05-01,2007,5,Pre-Monsoon,0.0
TSGWD_3053,Hyderabad,Hyderabad,Telangana Gw,17.445016,78.45018,2007-06-01,2007,6,Kharif,0.0
TSGWD_3053,Hyderabad,Hyderabad,Telangana Gw,17.445016,78.45018,2007-07-01,2007,7,Kharif,0.0
TSGWD_3053,Hyderabad,Hyderabad,Telangana Gw,17.445016,78.45018,2007-08-01,2007,8,Kharif,0.0
TSGWD_3053,Hyderabad,Hyderabad,Telangana Gw,17.445016,78.45018,2007-09-01,2007,9,Kharif,0.0
TSGWD_3053,Hyderabad,Hyderabad,Telangana Gw,17.445016,78.45018,2007-10-01,2007,10,Post-Monsoon,0.0
TSGWD_3053,Hyderabad,Hyderabad,Telangana Gw,17.445016,78.45018,2007-11-01,2007,11,Post-Monsoon,0.0
TSGWD_3053,Hyderabad,Hyderabad,Telangana Gw,17.445016,78.45018,2007-12-01,2007,12,Post-Monsoon,0.0
TSGWD_3053,Hyderabad,Hyderabad,Telangana Gw,17.445016,78.45018,2008-01-01,2008,1,Rabi,0.0
TSGWD_3053,Hyderabad,Hyderabad,Telangana Gw,17.445016,78.45018,2008-02-01,2008,2,Rabi,0.0
TSGWD_3053,Hyderabad,Hyderabad,Telangana Gw,17.445016,78.45018,2008-03-01,2008,3,Pre-Monsoon,0.0
TSGWD_3053,Hyderabad,Hyderabad,Telangana Gw,17.445016,78.45018,2008-04-01,2008,4,Pre-Monsoon,0.0
TSGWD_3053,Hyderabad,Hyderabad,Telangana Gw,17.445016,78.45018,2008-05-01,2008,5,Pre-Monsoon,0.0
TSGWD_3053,Hyderabad,Hyderabad,Telangana Gw,17.445016,78.45018,2008-06-01,2008,6,Kharif,0.0
TSGWD_3053,Hyderabad,Hyderabad,Telangana Gw,17.445016,78.45018,2008-07-01,2008,7,Kharif,0.0
TSGWD_3053,Hyderabad,Hyderabad,Telangana Gw,17.445016,78.45018,2008-08-01,2008,8,Kharif,0.0
TSGWD_3053,Hyderabad,Hyderabad,Telangana Gw,17.445016,78.45018,2008-09-01,2008,9,Kharif,0.0
TSGWD_3053,Hyderabad,Hyderabad,Telangana Gw,17.445016,78.45018,2008-10-01,2008,10,Post-Monsoon,0.0
TSGWD_3053,Hyderabad,Hyderabad,Telangana Gw,17.445016,78.45018,2008-11-01,2008,11,Post-Monsoon,0.0
TSGWD_3053,Hyderabad,Hyderabad,Telangana Gw,17.445016,78.45018,2008-12-01,2008,12,Post-Monsoon,0.0
TSGWD_3053,Hyderabad,Hyderabad,Telangana Gw,17.445016,78.45018,2009-01-01,2009,1,Rabi,0.0
TSGWD_3053,Hyderabad,Hyderabad,Telangana Gw,17.445016,78.45018,2009-02-01,2009,2,Rabi,0.0
TSGWD_3053,Hyderabad,Hyderabad,Telangana Gw,17.445016,78.45018,2009-03-01,2009,3,Pre-Monsoon,0.0
TSGWD_3053,Hyderabad,Hyderabad,Telangana Gw,17.445016,78.45018,2009-04-01,2009,4,Pre-Monsoon,0.0
TSGWD_3053,Hyderabad,Hyderabad,Telangana Gw,17.445016,78.45018,2009-05-01,2009,5,Pre-Monsoon,0.0
TSGWD_3053,Hyderabad,Hyderabad,Telangana Gw,17.445016,78.45018,2009-06-01,2009,6,Kharif,0.0
TSGWD_3053,Hyderabad,Hyderabad,Telangana Gw,17.445016,78.45018,2009-07-01,2009,7,Kharif,0.0
TSGWD_3053,Hyderabad,Hyderabad,Telangana Gw,17.445016,78.45018,2009-08-01,2009,8,Kharif,0.0
TSGWD_3053,Hyderabad,Hyderabad,Telangana Gw,17.445016,78.45018,2009-09-01,2009,9,Kharif,0.0
TSGWD_3053,Hyderabad,Hyderabad,Telangana Gw,17.445016,78.45018,2009-10-01,2009,10,Post-Monsoon,0.0
TSGWD_3053,Hyderabad,Hyderabad,Telangana Gw,17.445016,78.45018,2009-11-01,2009,11,Post-Monsoon,0.0
TSGWD_3053,Hyderabad,Hyderabad,Telangana Gw,17.445016,78.45018,2009-12-01,2009,12,Post-Monsoon,0.0
TSGWD_3053,Hyderabad,Hyderabad,Telangana Gw,17.445016,78.45018,2010-01-01,2010,1,Rabi,0.0
TSGWD_3053,Hyderabad,Hyderabad,Telangana Gw,17.445016,78.45018,2010-02-01,2010,2,Rabi,0.0
TSGWD_3053,Hyderabad,Hyderabad,Telangana Gw,17.445016,78.45018,2010-03-01,2010,3,Pre-Monsoon,0.0
TSGWD_3053,Hyderabad,Hyderabad,Telangana Gw,17.445016,78.45018,2010-04-01,2010,4,Pre-Monsoon,0.0
TSGWD_3053,Hyderabad,Hyderabad,Telangana Gw,17.445016,78.45018,2010-05-01,2010,5,Pre-Monsoon,0.0
TSGWD_3053,Hyderabad,Hyderabad,Telangana Gw,17.445016,78.45018,2010-06-01,2010,6,Kharif,0.0
TSGWD_3053,Hyderabad,Hyderabad,Telangana Gw,17.445016,78.45018,2010-07-01,2010,7,Kharif,0.0
TSGWD_3053,Hyderabad,Hyderabad,Telangana Gw,17.445016,78.45018,2010-08-01,2010,8,Kharif,0.0
TSGWD_3053,Hyderabad,Hyderabad,Telangana Gw,17.445016,78.45018,2010-09-01,2010,9,Kharif,0.0
TSGWD_3053,Hyderabad,Hyderabad,Telangana Gw,17.445016,78.45018,2010-10-01,2010,10,Post-Monsoon,0.0
TSGWD_3053,Hyderabad,Hyderabad,Telangana Gw,17.445016,78.45018,2010-11-01,2010,11,Post-Monsoon,0.0
TSGWD_3053,Hyderabad,Hyderabad,Telangana Gw,17.445016,78.45018,2010-12-01,2010,12,Post-Monsoon,0.0
TSGWD_3053,Hyderabad,Hyderabad,Telangana Gw,17.445016,78.45018,2011-01-01,2011,1,Rabi,0.0
TSGWD_3053,Hyderabad,Hyderabad,Telangana Gw,17.445016,78.45018,2011-02-01,2011,2,Rabi,0.0
TSGWD_3053,Hyderabad,Hyderabad,Telangana Gw,17.445016,78.45018,2011-03-01,2011,3,Pre-Monsoon,0.0
TSGWD_3053,Hyderabad,Hyderabad,Telangana Gw,17.445016,78.45018,2011-04-01,2011,4,Pre-Monsoon,0.0
TSGWD_3053,Hyderabad,Hyderabad,Telangana Gw,17.445016,78.45018,2011-05-01,2011,5,Pre-Monsoon,0.0
TSGWD_3053,Hyderabad,Hyderabad,Telangana Gw,17.445016,78.45018,2011-06-01,2011,6,Kharif,0.0
TSGWD_3053,Hyderabad,Hyderabad,Telangana Gw,17.445016,78.45018,2011-07-01,2011,7,Kharif,0.0
TSGWD_3053,Hyderabad,Hyderabad,Telangana Gw,17.445016,78.45018,2011-08-01,2011,8,Kharif,0.0
TSGWD_3053,Hyderabad,Hyderabad,Telangana Gw,17.445016,78.45018,2011-09-01,2011,9,Kharif,0.0
TSGWD_3053,Hyderabad,Hyderabad,Telangana Gw,17.445016,78.45018,2011-10-01,2011,10,Post-Monsoon,0.0
TSGWD_3053,Hyderabad,Hyderabad,Telangana Gw,17.445016,78.45018,2011-11-01,2011,11,Post-Monsoon,0.0
TSGWD_3053,Hyderabad,Hyderabad,Telangana Gw,17.445016,78.45018,2011-12-01,2011,12,Post-Monsoon,0.0
TSGWD_3053,Hyderabad,Hyderabad,Telangana Gw,17.445016,78.45018,2012-01-01,2012,1,Rabi,0.0
TSGWD_3053,Hyderabad,Hyderabad,Telangana Gw,17.445016,78.45018,2012-02-01,2012,2,Rabi,0.0
TSGWD_3053,Hyderabad,Hyderabad,Telangana Gw,17.445016,78.45018,2012-03-01,2012,3,Pre-Monsoon,0.0
TSGWD_3053,Hyderabad,Hyderabad,Telangana Gw,17.445016,78.45018,2012-04-01,2012,4,Pre-Monsoon,0.0
TSGWD_3053,Hyderabad,Hyderabad,Telangana Gw,17.445016,78.45018,2012-05-01,2012,5,Pre-Monsoon,0.0
TSGWD_3053,Hyderabad,Hyderabad,Telangana Gw,17.445016,78.45018,2012-06-01,2012,6,Kharif,0.0
TSGWD_3053,Hyderabad,Hyderabad,Telangana Gw,17.445016,78.45018,2012-07-01,2012,7,Kharif,0.0
TSGWD_3053,Hyderabad,Hyderabad,Telangana Gw,17.445016,78.45018,2012-08-01,2012,8,Kharif,0.0
TSGWD_3053,Hyderabad,Hyderabad,Telangana Gw,17.445016,78.45018,2012-09-01,2012,9,Kharif,0.0
TSGWD_3053,Hyderabad,Hyderabad,Telangana Gw,17.445016,78.45018,2012-10-01,2012,10,Post-Monsoon,0.0
TSGWD_3053,Hyderabad,Hyderabad,Telangana Gw,17.445016,78.45018,2012-11-01,2012,11,Post-Monsoon,0.0
TSGWD_3053,Hyderabad,Hyderabad,Telangana Gw,17.445016,78.45018,2012-12-01,2012,12,Post-Monsoon,0.0
TSGWD_3053,Hyderabad,Hyderabad,Telangana Gw,17.445016,78.45018,2013-01-01,2013,1,Rabi,0.0
TSGWD_3053,Hyderabad,Hyderabad,Telangana Gw,17.445016,78.45018,2013-02-01,2013,2,Rabi,0.0
TSGWD_3053,Hyderabad,Hyderabad,Telangana Gw,17.445016,78.45018,2013-03-01,2013,3,Pre-Monsoon,0.0
TSGWD_3053,Hyderabad,Hyderabad,Telangana Gw,17.445016,78.45018,2013-04-01,2013,4,Pre-Monsoon,0.0
TSGWD_3053,Hyderabad,Hyderabad,Telangana Gw,17.445016,78.45018,2013-05-01,2013,5,Pre-Monsoon,0.0
TSGWD_3053,Hyderabad,Hyderabad,Telangana Gw,17.445016,78.45018,2013-06-01,2013,6,Kharif,0.0
TSGWD_3053,Hyderabad,Hyderabad,Telangana Gw,17.445016,78.45018,2013-07-01,2013,7,Kharif,0.0
TSGWD_3053,Hyderabad,Hyderabad,Telangana Gw,17.445016,78.45018,2013-08-01,2013,8,Kharif,0.0
TSGWD_3053,Hyderabad,Hyderabad,Telangana Gw,17.445016,78.45018,2013-09-01,2013,9,Kharif,0.0
TSGWD_3053,Hyderabad,Hyderabad,Telangana Gw,17.445016,78.45018,2013-10-01,2013,10,Post-Monsoon,0.0
TSGWD_3053,Hyderabad,Hyderabad,Telangana Gw,17.445016,78.45018,2013-11-01,2013,11,Post-Monsoon,0.0
TSGWD_3053,Hyderabad,Hyderabad,Telangana Gw,17.445016,78.45018,2013-12-01,2013,12,Post-Monsoon,0.0
TSGWD_3053,Hyderabad,Hyderabad,Telangana Gw,17.445016,78.45018,2014-01-01,2014,1,Rabi,0.0
TSGWD_3053,Hyderabad,Hyderabad,Telangana Gw,17.445016,78.45018,2014-02-01,2014,2,Rabi,0.0
TSGWD_3053,Hyderabad,Hyderabad,Telangana Gw,17.445016,78.45018,2014-03-01,2014,3,Pre-Monsoon,0.0
TSGWD_3053,Hyderabad,Hyderabad,Telangana Gw,17.445016,78.45018,2014-04-01,2014,4,Pre-Monsoon,0.0
TSGWD_3053,Hyderabad,Hyderabad,Telangana Gw,17.445016,78.45018,2014-05-01,2014,5,Pre-Monsoon,0.0
TSGWD_3053,Hyderabad,Hyderabad,Telangana Gw,17.445016,78.45018,2014-06-01,2014,6,Kharif,0.0
TSGWD_3053,Hyderabad,Hyderabad,Telangana Gw,17.445016,78.45018,2014-07-01,2014,7,Kharif,0.0
TSGWD_3053,Hyderabad,Hyderabad,Telangana Gw,17.445016,78.45018,2014-08-01,2014,8,Kharif,0.0
TSGWD_3053,Hyderabad,Hyderabad,Telangana Gw,17.445016,78.45018,2014-09-01,2014,9,Kharif,0.0
TSGWD_3053,Hyderabad,Hyderabad,Telangana Gw,17.445016,78.45018,2014-10-01,2014,10,Post-Monsoon,0.0
TSGWD_3053,Hyderabad,Hyderabad,Telangana Gw,17.445016,78.45018,2014-11-01,2014,11,Post-Monsoon,0.0
TSGWD_3053,Hyderabad,Hyderabad,Telangana Gw,17.445016,78.45018,2014-12-01,2014,12,Post-Monsoon,0.0
TSGWD_3053,Hyderabad,Hyderabad,Telangana Gw,17.445016,78.45018,2015-01-01,2015,1,Rabi,0.0
TSGWD_3053,Hyderabad,Hyderabad,Telangana Gw,17.445016,78.45018,2015-02-01,2015,2,Rabi,0.0
TSGWD_3053,Hyderabad,Hyderabad,Telangana Gw,17.445016,78.45018,2015-03-01,2015,3,Pre-Monsoon,0.0
TSGWD_3053,Hyderabad,Hyderabad,Telangana Gw,17.445016,78.45018,2015-04-01,2015,4,Pre-Monsoon,0.0
TSGWD_3053,Hyderabad,Hyderabad,Telangana Gw,17.445016,78.45018,2015-05-01,2015,5,Pre-Monsoon,0.0
TSGWD_3053,Hyderabad,Hyderabad,Telangana Gw,17.445016,78.45018,2015-06-01,2015,6,Kharif,0.0
TSGWD_3053,Hyderabad,Hyderabad,Telangana Gw,17.445016,78.45018,2015-07-01,2015,7,Kharif,0.0
TSGWD_3053,Hyderabad,Hyderabad,Telangana Gw,17.445016,78.45018,2015-08-01,2015,8,Kharif,0.0
TSGWD_3053,Hyderabad,Hyderabad,Telangana Gw,17.445016,78.45018,2015-09-01,2015,9,Kharif,0.0
TSGWD_3053,Hyderabad,Hyderabad,Telangana Gw,17.445016,78.45018,2015-10-01,2015,10,Post-Monsoon,0.0
TSGWD_3053,Hyderabad,Hyderabad,Telangana Gw,17.445016,78.45018,2015-11-01,2015,11,Post-Monsoon,0.0
TSGWD_3053,Hyderabad,Hyderabad,Telangana Gw,17.445016,78.45018,2015-12-01,2015,12,Post-Monsoon,0.0
TSGWD_3053,Hyderabad,Hyderabad,Telangana Gw,17.445016,78.45018,2016-01-01,2016,1,Rabi,0.0
TSGWD_3053,Hyderabad,Hyderabad,Telangana Gw,17.445016,78.45018,2016-02-01,2016,2,Rabi,0.0
TSGWD_3053,Hyderabad,Hyderabad,Telangana Gw,17.445016,78.45018,2016-03-01,2016,3,Pre-Monsoon,0.0
TSGWD_3053,Hyderabad,Hyderabad,Telangana Gw,17.445016,78.45018,2016-04-01,2016,4,Pre-Monsoon,0.0
TSGWD_3053,Hyderabad,Hyderabad,Telangana Gw,17.445016,78.45018,2016-05-01,2016,5,Pre-Monsoon,0.0
TSGWD_3053,Hyderabad,Hyderabad,Telangana Gw,17.445016,78.45018,2016-06-01,2016,6,Kharif,0.0
TSGWD_3053,Hyderabad,Hyderabad,Telangana Gw,17.445016,78.45018,2016-07-01,2016,7,Kharif,0.0
TSGWD_3053,Hyderabad,Hyderabad,Telangana Gw,17.445016,78.45018,2016-08-01,2016,8,Kharif,0.0
TSGWD_3053,Hyderabad,Hyderabad,Telangana Gw,17.445016,78.45018,2016-09-01,2016,9,Kharif,0.0
TSGWD_3053,Hyderabad,Hyderabad,Telangana Gw,17.445016,78.45018,2016-10-01,2016,10,Post-Monsoon,0.0
TSGWD_3053,Hyderabad,Hyderabad,Telangana Gw,17.445016,78.45018,2016-11-01,2016,11,Post-Monsoon,0.0
TSGWD_3053,Hyderabad,Hyderabad,Telangana Gw,17.445016,78.45018,2016-12-01,2016,12,Post-Monsoon,0.0
TSGWD_3053,Hyderabad,Hyderabad,Telangana Gw,17.445016,78.45018,2018-02-18,2018,2,Rabi,0.0
TSGWD_3053,Hyderabad,Hyderabad,Telangana Gw,17.445016,78.45018,2018-03-18,2018,3,Pre-Monsoon,0.0
TSGWD_3053,Hyderabad,Hyderabad,Telangana Gw,17.445016,78.45018,2018-04-18,2018,4,Pre-Monsoon,0.0
TSGWD_3053,Hyderabad,Hyderabad,Telangana Gw,17.445016,78.45018,2018-05-18,2018,5,Pre-Monsoon,0.0
TSGWD_3053,Hyderabad,Hyderabad,Telangana Gw,17.445016,78.45018,2018-06-18,2018,6,Kharif,0.0
TSGWD_3053,Hyderabad,Hyderabad,Telangana Gw,17.445016,78.45018,2018-07-18,2018,7,Kharif,0.0
TSGWD_3053,Hyderabad,Hyderabad,Telangana Gw,17.445016,78.45018,2018-08-18,2018,8,Kharif,0.0
TSGWD_3053,Hyderabad,Hyderabad,Telangana Gw,17.445016,78.45018,2018-09-18,2018,9,Kharif,0.0
TSGWD_3053,Hyderabad,Hyderabad,Telangana Gw,17.445016,78.45018,2018-10-18,2018,10,Post-Monsoon,0.0
TSGWD_3053,Hyderabad,Hyderabad,Telangana Gw,17.445016,78.45018,2018-11-18,2018,11,Post-Monsoon,0.0
TSGWD_3053,Hyderabad,Hyderabad,Telangana Gw,17.445016,78.45018,2018-12-18,2018,12,Post-Monsoon,0.0
TSGWD_3053,Hyderabad,Hyderabad,Telangana Gw,17.445016,78.45018,2019-01-18,2019,1,Rabi,0.0
TSGWD_3053,Hyderabad,Hyderabad,Telangana Gw,17.445016,78.45018,2019-02-01,2019,2,Rabi,0.0
TSGWD_3053,Hyderabad,Hyderabad,Telangana Gw,17.445016,78.45018,2019-03-01,2019,3,Pre-Monsoon,0.0
TSGWD_3053,Hyderabad,Hyderabad,Telangana Gw,17.445016,78.45018,2019-04-01,2019,4,Pre-Monsoon,0.0
TSGWD_3053,Hyderabad,Hyderabad,Telangana Gw,17.445016,78.45018,2019-05-19,2019,5,Pre-Monsoon,0.0
TSGWD_3053,Hyderabad,Hyderabad,Telangana Gw,17.445016,78.45018,2019-06-19,2019,6,Kharif,0.0
TSGWD_3053,Hyderabad,Hyderabad,Telangana Gw,17.445016,78.45018,2019-07-01,2019,7,Kharif,0.0
TSGWD_3053,Hyderabad,Hyderabad,Telangana Gw,17.445016,78.45018,2019-08-01,2019,8,Kharif,0.0
TSGWD_3053,Hyderabad,Hyderabad,Telangana Gw,17.445016,78.45018,2019-09-01,2019,9,Kharif,0.0
TSGWD_3054,Hyderabad,Hyderabad,Telangana Gw,17.452381,78.433853,2007-05-01,2007,5,Pre-Monsoon,0.0
TSGWD_3054,Hyderabad,Hyderabad,Telangana Gw,17.452381,78.433853,2007-06-01,2007,6,Kharif,0.0
TSGWD_3054,Hyderabad,Hyderabad,Telangana Gw,17.452381,78.433853,2007-07-01,2007,7,Kharif,0.0
TSGWD_3054,Hyderabad,Hyderabad,Telangana Gw,17.452381,78.433853,2007-08-01,2007,8,Kharif,0.0
TSGWD_3054,Hyderabad,Hyderabad,Telangana Gw,17.452381,78.433853,2007-09-01,2007,9,Kharif,0.0
TSGWD_3054,Hyderabad,Hyderabad,Telangana Gw,17.452381,78.433853,2007-10-01,2007,10,Post-Monsoon,0.0
TSGWD_3054,Hyderabad,Hyderabad,Telangana Gw,17.452381,78.433853,2007-11-01,2007,11,Post-Monsoon,0.0
TSGWD_3054,Hyderabad,Hyderabad,Telangana Gw,17.452381,78.433853,2007-12-01,2007,12,Post-Monsoon,0.0
TSGWD_3054,Hyderabad,Hyderabad,Telangana Gw,17.452381,78.433853,2008-01-01,2008,1,Rabi,0.0
TSGWD_3054,Hyderabad,Hyderabad,Telangana Gw,17.452381,78.433853,2008-02-01,2008,2,Rabi,0.0
TSGWD_3054,Hyderabad,Hyderabad,Telangana Gw,17.452381,78.433853,2008-03-01,2008,3,Pre-Monsoon,0.0
TSGWD_3054,Hyderabad,Hyderabad,Telangana Gw,17.452381,78.433853,2008-04-01,2008,4,Pre-Monsoon,0.0
TSGWD_3054,Hyderabad,Hyderabad,Telangana Gw,17.452381,78.433853,2008-05-01,2008,5,Pre-Monsoon,0.0
TSGWD_3054,Hyderabad,Hyderabad,Telangana Gw,17.452381,78.433853,2008-06-01,2008,6,Kharif,0.0
TSGWD_3054,Hyderabad,Hyderabad,Telangana Gw,17.452381,78.433853,2008-07-01,2008,7,Kharif,0.0
TSGWD_3054,Hyderabad,Hyderabad,Telangana Gw,17.452381,78.433853,2008-08-01,2008,8,Kharif,0.0
TSGWD_3054,Hyderabad,Hyderabad,Telangana Gw,17.452381,78.433853,2008-09-01,2008,9,Kharif,0.0
TSGWD_3054,Hyderabad,Hyderabad,Telangana Gw,17.452381,78.433853,2008-10-01,2008,10,Post-Monsoon,0.0
TSGWD_3054,Hyderabad,Hyderabad,Telangana Gw,17.452381,78.433853,2008-11-01,2008,11,Post-Monsoon,0.0
TSGWD_3054,Hyderabad,Hyderabad,Telangana Gw,17.452381,78.433853,2008-12-01,2008,12,Post-Monsoon,0.0
TSGWD_3054,Hyderabad,Hyderabad,Telangana Gw,17.452381,78.433853,2009-01-01,2009,1,Rabi,0.0
TSGWD_3054,Hyderabad,Hyderabad,Telangana Gw,17.452381,78.433853,2009-02-01,2009,2,Rabi,0.0
TSGWD_3054,Hyderabad,Hyderabad,Telangana Gw,17.452381,78.433853,2009-03-01,2009,3,Pre-Monsoon,0.0
TSGWD_3054,Hyderabad,Hyderabad,Telangana Gw,17.452381,78.433853,2009-04-01,2009,4,Pre-Monsoon,0.0
TSGWD_3054,Hyderabad,Hyderabad,Telangana Gw,17.452381,78.433853,2009-05-01,2009,5,Pre-Monsoon,0.0
TSGWD_3054,Hyderabad,Hyderabad,Telangana Gw,17.452381,78.433853,2009-06-01,2009,6,Kharif,0.0
TSGWD_3054,Hyderabad,Hyderabad,Telangana Gw,17.452381,78.433853,2009-07-01,2009,7,Kharif,0.0
TSGWD_3054,Hyderabad,Hyderabad,Telangana Gw,17.452381,78.433853,2009-08-01,2009,8,Kharif,0.0
TSGWD_3054,Hyderabad,Hyderabad,Telangana Gw,17.452381,78.433853,2009-09-01,2009,9,Kharif,0.0
TSGWD_3054,Hyderabad,Hyderabad,Telangana Gw,17.452381,78.433853,2009-10-01,2009,10,Post-Monsoon,0.0
TSGWD_3054,Hyderabad,Hyderabad,Telangana Gw,17.452381,78.433853,2009-11-01,2009,11,Post-Monsoon,0.0
TSGWD_3054,Hyderabad,Hyderabad,Telangana Gw,17.452381,78.433853,2009-12-01,2009,12,Post-Monsoon,0.0
TSGWD_3054,Hyderabad,Hyderabad,Telangana Gw,17.452381,78.433853,2010-01-01,2010,1,Rabi,0.0
TSGWD_3054,Hyderabad,Hyderabad,Telangana Gw,17.452381,78.433853,2010-02-01,2010,2,Rabi,0.0
TSGWD_3054,Hyderabad,Hyderabad,Telangana Gw,17.452381,78.433853,2010-03-01,2010,3,Pre-Monsoon,0.0
TSGWD_3054,Hyderabad,Hyderabad,Telangana Gw,17.452381,78.433853,2010-04-01,2010,4,Pre-Monsoon,0.0
TSGWD_3054,Hyderabad,Hyderabad,Telangana Gw,17.452381,78.433853,2010-05-01,2010,5,Pre-Monsoon,0.0
TSGWD_3054,Hyderabad,Hyderabad,Telangana Gw,17.452381,78.433853,2010-06-01,2010,6,Kharif,0.0
TSGWD_3054,Hyderabad,Hyderabad,Telangana Gw,17.452381,78.433853,2010-07-01,2010,7,Kharif,0.0
TSGWD_3054,Hyderabad,Hyderabad,Telangana Gw,17.452381,78.433853,2010-08-01,2010,8,Kharif,0.0
TSGWD_3054,Hyderabad,Hyderabad,Telangana Gw,17.452381,78.433853,2010-09-01,2010,9,Kharif,0.0
TSGWD_3054,Hyderabad,Hyderabad,Telangana Gw,17.452381,78.433853,2010-10-01,2010,10,Post-Monsoon,0.0
TSGWD_3054,Hyderabad,Hyderabad,Telangana Gw,17.452381,78.433853,2010-11-01,2010,11,Post-Monsoon,0.0
TSGWD_3054,Hyderabad,Hyderabad,Telangana Gw,17.452381,78.433853,2010-12-01,2010,12,Post-Monsoon,0.0
TSGWD_3054,Hyderabad,Hyderabad,Telangana Gw,17.452381,78.433853,2011-01-01,2011,1,Rabi,0.0
TSGWD_3054,Hyderabad,Hyderabad,Telangana Gw,17.452381,78.433853,2011-02-01,2011,2,Rabi,0.0
TSGWD_3054,Hyderabad,Hyderabad,Telangana Gw,17.452381,78.433853,2011-03-01,2011,3,Pre-Monsoon,0.0
TSGWD_3054,Hyderabad,Hyderabad,Telangana Gw,17.452381,78.433853,2011-04-01,2011,4,Pre-Monsoon,0.0
TSGWD_3054,Hyderabad,Hyderabad,Telangana Gw,17.452381,78.433853,2011-05-01,2011,5,Pre-Monsoon,0.0
TSGWD_3054,Hyderabad,Hyderabad,Telangana Gw,17.452381,78.433853,2011-06-01,2011,6,Kharif,0.0
TSGWD_3054,Hyderabad,Hyderabad,Telangana Gw,17.452381,78.433853,2011-07-01,2011,7,Kharif,0.0
TSGWD_3054,Hyderabad,Hyderabad,Telangana Gw,17.452381,78.433853,2011-08-01,2011,8,Kharif,0.0
TSGWD_3054,Hyderabad,Hyderabad,Telangana Gw,17.452381,78.433853,2011-09-01,2011,9,Kharif,0.0
TSGWD_3054,Hyderabad,Hyderabad,Telangana Gw,17.452381,78.433853,2011-10-01,2011,10,Post-Monsoon,0.0
TSGWD_3054,Hyderabad,Hyderabad,Telangana Gw,17.452381,78.433853,2011-11-01,2011,11,Post-Monsoon,0.0
TSGWD_3054,Hyderabad,Hyderabad,Telangana Gw,17.452381,78.433853,2011-12-01,2011,12,Post-Monsoon,0.0
TSGWD_3054,Hyderabad,Hyderabad,Telangana Gw,17.452381,78.433853,2012-01-01,2012,1,Rabi,0.0
TSGWD_3054,Hyderabad,Hyderabad,Telangana Gw,17.452381,78.433853,2012-02-01,2012,2,Rabi,0.0
TSGWD_3054,Hyderabad,Hyderabad,Telangana Gw,17.452381,78.433853,2012-03-01,2012,3,Pre-Monsoon,0.0
TSGWD_3054,Hyderabad,Hyderabad,Telangana Gw,17.452381,78.433853,2012-04-01,2012,4,Pre-Monsoon,0.0
TSGWD_3054,Hyderabad,Hyderabad,Telangana Gw,17.452381,78.433853,2012-05-01,2012,5,Pre-Monsoon,0.0
TSGWD_3054,Hyderabad,Hyderabad,Telangana Gw,17.452381,78.433853,2012-06-01,2012,6,Kharif,0.0
TSGWD_3054,Hyderabad,Hyderabad,Telangana Gw,17.452381,78.433853,2012-07-01,2012,7,Kharif,0.0
TSGWD_3054,Hyderabad,Hyderabad,Telangana Gw,17.452381,78.433853,2012-08-01,2012,8,Kharif,0.0
TSGWD_3054,Hyderabad,Hyderabad,Telangana Gw,17.452381,78.433853,2012-09-01,2012,9,Kharif,0.0
TSGWD_3054,Hyderabad,Hyderabad,Telangana Gw,17.452381,78.433853,2012-10-01,2012,10,Post-Monsoon,0.0
TSGWD_3054,Hyderabad,Hyderabad,Telangana Gw,17.452381,78.433853,2012-11-01,2012,11,Post-Monsoon,0.0
TSGWD_3054,Hyderabad,Hyderabad,Telangana Gw,17.452381,78.433853,2012-12-01,2012,12,Post-Monsoon,0.0
TSGWD_3054,Hyderabad,Hyderabad,Telangana Gw,17.452381,78.433853,2013-01-01,2013,1,Rabi,0.0
TSGWD_3054,Hyderabad,Hyderabad,Telangana Gw,17.452381,78.433853,2013-02-01,2013,2,Rabi,0.0
TSGWD_3054,Hyderabad,Hyderabad,Telangana Gw,17.452381,78.433853,2013-03-01,2013,3,Pre-Monsoon,0.0
TSGWD_3054,Hyderabad,Hyderabad,Telangana Gw,17.452381,78.433853,2013-04-01,2013,4,Pre-Monsoon,0.0
TSGWD_3054,Hyderabad,Hyderabad,Telangana Gw,17.452381,78.433853,2013-05-01,2013,5,Pre-Monsoon,0.0
TSGWD_3054,Hyderabad,Hyderabad,Telangana Gw,17.452381,78.433853,2013-06-01,2013,6,Kharif,0.0
TSGWD_3054,Hyderabad,Hyderabad,Telangana Gw,17.452381,78.433853,2013-07-01,2013,7,Kharif,0.0
TSGWD_3054,Hyderabad,Hyderabad,Telangana Gw,17.452381,78.433853,2013-08-01,2013,8,Kharif,0.0
TSGWD_3054,Hyderabad,Hyderabad,Telangana Gw,17.452381,78.433853,2013-09-01,2013,9,Kharif,0.0
TSGWD_3054,Hyderabad,Hyderabad,Telangana Gw,17.452381,78.433853,2013-10-01,2013,10,Post-Monsoon,0.0
TSGWD_3054,Hyderabad,Hyderabad,Telangana Gw,17.452381,78.433853,2013-11-01,2013,11,Post-Monsoon,0.0
TSGWD_3054,Hyderabad,Hyderabad,Telangana Gw,17.452381,78.433853,2013-12-01,2013,12,Post-Monsoon,0.0
TSGWD_3054,Hyderabad,Hyderabad,Telangana Gw,17.452381,78.433853,2014-01-01,2014,1,Rabi,0.0
TSGWD_3054,Hyderabad,Hyderabad,Telangana Gw,17.452381,78.433853,2014-02-01,2014,2,Rabi,0.0
TSGWD_3054,Hyderabad,Hyderabad,Telangana Gw,17.452381,78.433853,2014-03-01,2014,3,Pre-Monsoon,0.0
TSGWD_3054,Hyderabad,Hyderabad,Telangana Gw,17.452381,78.433853,2014-04-01,2014,4,Pre-Monsoon,0.0
TSGWD_3054,Hyderabad,Hyderabad,Telangana Gw,17.452381,78.433853,2014-05-01,2014,5,Pre-Monsoon,0.0
TSGWD_3054,Hyderabad,Hyderabad,Telangana Gw,17.452381,78.433853,2014-06-01,2014,6,Kharif,0.0
TSGWD_3054,Hyderabad,Hyderabad,Telangana Gw,17.452381,78.433853,2014-07-01,2014,7,Kharif,0.0
TSGWD_3054,Hyderabad,Hyderabad,Telangana Gw,17.452381,78.433853,2014-08-01,2014,8,Kharif,0.0
TSGWD_3054,Hyderabad,Hyderabad,Telangana Gw,17.452381,78.433853,2014-09-01,2014,9,Kharif,0.0
TSGWD_3054,Hyderabad,Hyderabad,Telangana Gw,17.452381,78.433853,2014-10-01,2014,10,Post-Monsoon,0.0
TSGWD_3054,Hyderabad,Hyderabad,Telangana Gw,17.452381,78.433853,2014-11-01,2014,11,Post-Monsoon,0.0
TSGWD_3054,Hyderabad,Hyderabad,Telangana Gw,17.452381,78.433853,2014-12-01,2014,12,Post-Monsoon,0.0
TSGWD_3054,Hyderabad,Hyderabad,Telangana Gw,17.452381,78.433853,2015-01-01,2015,1,Rabi,0.0
TSGWD_3054,Hyderabad,Hyderabad,Telangana Gw,17.452381,78.433853,2015-02-01,2015,2,Rabi,0.0
TSGWD_3054,Hyderabad,Hyderabad,Telangana Gw,17.452381,78.433853,2015-03-01,2015,3,Pre-Monsoon,0.0
TSGWD_3054,Hyderabad,Hyderabad,Telangana Gw,17.452381,78.433853,2015-04-01,2015,4,Pre-Monsoon,0.0
TSGWD_3054,Hyderabad,Hyderabad,Telangana Gw,17.452381,78.433853,2015-05-01,2015,5,Pre-Monsoon,0.0
TSGWD_3054,Hyderabad,Hyderabad,Telangana Gw,17.452381,78.433853,2015-06-01,2015,6,Kharif,0.0
TSGWD_3054,Hyderabad,Hyderabad,Telangana Gw,17.452381,78.433853,2015-07-01,2015,7,Kharif,0.0
TSGWD_3054,Hyderabad,Hyderabad,Telangana Gw,17.452381,78.433853,2015-08-01,2015,8,Kharif,0.0
TSGWD_3054,Hyderabad,Hyderabad,Telangana Gw,17.452381,78.433853,2015-09-01,2015,9,Kharif,0.0
TSGWD_3054,Hyderabad,Hyderabad,Telangana Gw,17.452381,78.433853,2015-10-01,2015,10,Post-Monsoon,0.0
TSGWD_3054,Hyderabad,Hyderabad,Telangana Gw,17.452381,78.433853,2015-11-01,2015,11,Post-Monsoon,0.0
TSGWD_3054,Hyderabad,Hyderabad,Telangana Gw,17.452381,78.433853,2015-12-01,2015,12,Post-Monsoon,0.0
TSGWD_3054,Hyderabad,Hyderabad,Telangana Gw,17.452381,78.433853,2016-01-01,2016,1,Rabi,0.0
TSGWD_3054,Hyderabad,Hyderabad,Telangana Gw,17.452381,78.433853,2016-02-01,2016,2,Rabi,0.0
TSGWD_3054,Hyderabad,Hyderabad,Telangana Gw,17.452381,78.433853,2016-03-01,2016,3,Pre-Monsoon,0.0
TSGWD_3054,Hyderabad,Hyderabad,Telangana Gw,17.452381,78.433853,2016-04-01,2016,4,Pre-Monsoon,0.0
TSGWD_3054,Hyderabad,Hyderabad,Telangana Gw,17.452381,78.433853,2016-05-01,2016,5,Pre-Monsoon,0.0
TSGWD_3054,Hyderabad,Hyderabad,Telangana Gw,17.452381,78.433853,2016-06-01,2016,6,Kharif,0.0
TSGWD_3054,Hyderabad,Hyderabad,Telangana Gw,17.452381,78.433853,2016-07-01,2016,7,Kharif,0.0
TSGWD_3054,Hyderabad,Hyderabad,Telangana Gw,17.452381,78.433853,2016-08-01,2016,8,Kharif,0.0
TSGWD_3054,Hyderabad,Hyderabad,Telangana Gw,17.452381,78.433853,2016-09-01,2016,9,Kharif,0.0
TSGWD_3054,Hyderabad,Hyderabad,Telangana Gw,17.452381,78.433853,2016-10-01,2016,10,Post-Monsoon,0.0
TSGWD_3054,Hyderabad,Hyderabad,Telangana Gw,17.452381,78.433853,2016-11-01,2016,11,Post-Monsoon,0.0
TSGWD_3054,Hyderabad,Hyderabad,Telangana Gw,17.452381,78.433853,2016-12-01,2016,12,Post-Monsoon,0.0
TSGWD_3054,Hyderabad,Hyderabad,Telangana Gw,17.452381,78.433853,2018-02-18,2018,2,Rabi,0.0
TSGWD_3054,Hyderabad,Hyderabad,Telangana Gw,17.452381,78.433853,2018-03-18,2018,3,Pre-Monsoon,0.0
TSGWD_3054,Hyderabad,Hyderabad,Telangana Gw,17.452381,78.433853,2018-04-18,2018,4,Pre-Monsoon,19.21
TSGWD_3054,Hyderabad,Hyderabad,Telangana Gw,17.452381,78.433853,2018-05-18,2018,5,Pre-Monsoon,19.24
TSGWD_3054,Hyderabad,Hyderabad,Telangana Gw,17.452381,78.433853,2018-06-18,2018,6,Kharif,19.7
TSGWD_3054,Hyderabad,Hyderabad,Telangana Gw,17.452381,78.433853,2018-07-18,2018,7,Kharif,18.84
TSGWD_3054,Hyderabad,Hyderabad,Telangana Gw,17.452381,78.433853,2018-08-18,2018,8,Kharif,17.54
TSGWD_3054,Hyderabad,Hyderabad,Telangana Gw,17.452381,78.433853,2018-09-18,2018,9,Kharif,16.56
TSGWD_3054,Hyderabad,Hyderabad,Telangana Gw,17.452381,78.433853,2018-10-18,2018,10,Post-Monsoon,15.86
TSGWD_3054,Hyderabad,Hyderabad,Telangana Gw,17.452381,78.433853,2018-11-18,2018,11,Post-Monsoon,15.54
TSGWD_3054,Hyderabad,Hyderabad,Telangana Gw,17.452381,78.433853,2018-12-18,2018,12,Post-Monsoon,16.32
TSGWD_3054,Hyderabad,Hyderabad,Telangana Gw,17.452381,78.433853,2019-01-18,2019,1,Rabi,16.55
TSGWD_3054,Hyderabad,Hyderabad,Telangana Gw,17.452381,78.433853,2019-02-01,2019,2,Rabi,16.67
TSGWD_3054,Hyderabad,Hyderabad,Telangana Gw,17.452381,78.433853,2019-03-01,2019,3,Pre-Monsoon,17.99
TSGWD_3054,Hyderabad,Hyderabad,Telangana Gw,17.452381,78.433853,2019-04-01,2019,4,Pre-Monsoon,18.3
TSGWD_3054,Hyderabad,Hyderabad,Telangana Gw,17.452381,78.433853,2019-05-19,2019,5,Pre-Monsoon,18.67
TSGWD_3054,Hyderabad,Hyderabad,Telangana Gw,17.452381,78.433853,2019-06-19,2019,6,Kharif,18.65
TSGWD_3054,Hyderabad,Hyderabad,Telangana Gw,17.452381,78.433853,2019-07-01,2019,7,Kharif,17.4
TSGWD_3054,Hyderabad,Hyderabad,Telangana Gw,17.452381,78.433853,2019-08-01,2019,8,Kharif,16.5
TSGWD_3054,Hyderabad,Hyderabad,Telangana Gw,17.452381,78.433853,2019-09-01,2019,9,Kharif,14.84
TSGWD_3054,Hyderabad,Hyderabad,Telangana Gw,17.452381,78.433853,2019-10-22,2019,10,Post-Monsoon,17.15
TSGWD_3054,Hyderabad,Hyderabad,Telangana Gw,17.452381,78.433853,2019-11-22,2019,11,Post-Monsoon,12.45
TSGWD_3054,Hyderabad,Hyderabad,Telangana Gw,17.452381,78.433853,2019-12-22,2019,12,Post-Monsoon,12.54
TSGWD_3055,Hyderabad,Hyderabad,Telangana Gw,17.382154,78.449566,2007-05-01,2007,5,Pre-Monsoon,0.0
TSGWD_3055,Hyderabad,Hyderabad,Telangana Gw,17.382154,78.449566,2007-06-01,2007,6,Kharif,0.0
TSGWD_3055,Hyderabad,Hyderabad,Telangana Gw,17.382154,78.449566,2007-07-01,2007,7,Kharif,0.0
TSGWD_3055,Hyderabad,Hyderabad,Telangana Gw,17.382154,78.449566,2007-08-01,2007,8,Kharif,0.0
TSGWD_3055,Hyderabad,Hyderabad,Telangana Gw,17.382154,78.449566,2007-09-01,2007,9,Kharif,0.0
TSGWD_3055,Hyderabad,Hyderabad,Telangana Gw,17.382154,78.449566,2007-10-01,2007,10,Post-Monsoon,0.0
TSGWD_3055,Hyderabad,Hyderabad,Telangana Gw,17.382154,78.449566,2007-11-01,2007,11,Post-Monsoon,0.0
TSGWD_3055,Hyderabad,Hyderabad,Telangana Gw,17.382154,78.449566,2007-12-01,2007,12,Post-Monsoon,0.0
TSGWD_3055,Hyderabad,Hyderabad,Telangana Gw,17.382154,78.449566,2008-01-01,2008,1,Rabi,0.0
TSGWD_3055,Hyderabad,Hyderabad,Telangana Gw,17.382154,78.449566,2008-02-01,2008,2,Rabi,0.0
TSGWD_3055,Hyderabad,Hyderabad,Telangana Gw,17.382154,78.449566,2008-03-01,2008,3,Pre-Monsoon,0.0
TSGWD_3055,Hyderabad,Hyderabad,Telangana Gw,17.382154,78.449566,2008-04-01,2008,4,Pre-Monsoon,0.0
TSGWD_3055,Hyderabad,Hyderabad,Telangana Gw,17.382154,78.449566,2008-05-01,2008,5,Pre-Monsoon,0.0
TSGWD_3055,Hyderabad,Hyderabad,Telangana Gw,17.382154,78.449566,2008-06-01,2008,6,Kharif,0.0
TSGWD_3055,Hyderabad,Hyderabad,Telangana Gw,17.382154,78.449566,2008-07-01,2008,7,Kharif,0.0
TSGWD_3055,Hyderabad,Hyderabad,Telangana Gw,17.382154,78.449566,2008-08-01,2008,8,Kharif,0.0
TSGWD_3055,Hyderabad,Hyderabad,Telangana Gw,17.382154,78.449566,2008-09-01,2008,9,Kharif,0.0
TSGWD_3055,Hyderabad,Hyderabad,Telangana Gw,17.382154,78.449566,2008-10-01,2008,10,Post-Monsoon,0.0
TSGWD_3055,Hyderabad,Hyderabad,Telangana Gw,17.382154,78.449566,2008-11-01,2008,11,Post-Monsoon,0.0
TSGWD_3055,Hyderabad,Hyderabad,Telangana Gw,17.382154,78.449566,2008-12-01,2008,12,Post-Monsoon,0.0
TSGWD_3055,Hyderabad,Hyderabad,Telangana Gw,17.382154,78.449566,2009-01-01,2009,1,Rabi,0.0
TSGWD_3055,Hyderabad,Hyderabad,Telangana Gw,17.382154,78.449566,2009-02-01,2009,2,Rabi,0.0
TSGWD_3055,Hyderabad,Hyderabad,Telangana Gw,17.382154,78.449566,2009-03-01,2009,3,Pre-Monsoon,0.0
TSGWD_3055,Hyderabad,Hyderabad,Telangana Gw,17.382154,78.449566,2009-04-01,2009,4,Pre-Monsoon,0.0
TSGWD_3055,Hyderabad,Hyderabad,Telangana Gw,17.382154,78.449566,2009-05-01,2009,5,Pre-Monsoon,0.0
TSGWD_3055,Hyderabad,Hyderabad,Telangana Gw,17.382154,78.449566,2009-06-01,2009,6,Kharif,0.0
TSGWD_3055,Hyderabad,Hyderabad,Telangana Gw,17.382154,78.449566,2009-07-01,2009,7,Kharif,0.0
TSGWD_3055,Hyderabad,Hyderabad,Telangana Gw,17.382154,78.449566,2009-08-01,2009,8,Kharif,0.0
TSGWD_3055,Hyderabad,Hyderabad,Telangana Gw,17.382154,78.449566,2009-09-01,2009,9,Kharif,0.0
TSGWD_3055,Hyderabad,Hyderabad,Telangana Gw,17.382154,78.449566,2009-10-01,2009,10,Post-Monsoon,0.0
TSGWD_3055,Hyderabad,Hyderabad,Telangana Gw,17.382154,78.449566,2009-11-01,2009,11,Post-Monsoon,0.0
TSGWD_3055,Hyderabad,Hyderabad,Telangana Gw,17.382154,78.449566,2009-12-01,2009,12,Post-Monsoon,0.0
TSGWD_3055,Hyderabad,Hyderabad,Telangana Gw,17.382154,78.449566,2010-01-01,2010,1,Rabi,0.0
TSGWD_3055,Hyderabad,Hyderabad,Telangana Gw,17.382154,78.449566,2010-02-01,2010,2,Rabi,0.0
TSGWD_3055,Hyderabad,Hyderabad,Telangana Gw,17.382154,78.449566,2010-03-01,2010,3,Pre-Monsoon,0.0
TSGWD_3055,Hyderabad,Hyderabad,Telangana Gw,17.382154,78.449566,2010-04-01,2010,4,Pre-Monsoon,0.0
TSGWD_3055,Hyderabad,Hyderabad,Telangana Gw,17.382154,78.449566,2010-05-01,2010,5,Pre-Monsoon,0.0
TSGWD_3055,Hyderabad,Hyderabad,Telangana Gw,17.382154,78.449566,2010-06-01,2010,6,Kharif,0.0
TSGWD_3055,Hyderabad,Hyderabad,Telangana Gw,17.382154,78.449566,2010-07-01,2010,7,Kharif,0.0
TSGWD_3055,Hyderabad,Hyderabad,Telangana Gw,17.382154,78.449566,2010-08-01,2010,8,Kharif,0.0
TSGWD_3055,Hyderabad,Hyderabad,Telangana Gw,17.382154,78.449566,2010-09-01,2010,9,Kharif,0.0
TSGWD_3055,Hyderabad,Hyderabad,Telangana Gw,17.382154,78.449566,2010-10-01,2010,10,Post-Monsoon,0.0
TSGWD_3055,Hyderabad,Hyderabad,Telangana Gw,17.382154,78.449566,2010-11-01,2010,11,Post-Monsoon,0.0
TSGWD_3055,Hyderabad,Hyderabad,Telangana Gw,17.382154,78.449566,2010-12-01,2010,12,Post-Monsoon,0.0
TSGWD_3055,Hyderabad,Hyderabad,Telangana Gw,17.382154,78.449566,2011-01-01,2011,1,Rabi,0.0
TSGWD_3055,Hyderabad,Hyderabad,Telangana Gw,17.382154,78.449566,2011-02-01,2011,2,Rabi,0.0
TSGWD_3055,Hyderabad,Hyderabad,Telangana Gw,17.382154,78.449566,2011-03-01,2011,3,Pre-Monsoon,0.0
TSGWD_3055,Hyderabad,Hyderabad,Telangana Gw,17.382154,78.449566,2011-04-01,2011,4,Pre-Monsoon,0.0
TSGWD_3055,Hyderabad,Hyderabad,Telangana Gw,17.382154,78.449566,2011-05-01,2011,5,Pre-Monsoon,0.0
TSGWD_3055,Hyderabad,Hyderabad,Telangana Gw,17.382154,78.449566,2011-06-01,2011,6,Kharif,0.0
TSGWD_3055,Hyderabad,Hyderabad,Telangana Gw,17.382154,78.449566,2011-07-01,2011,7,Kharif,0.0
TSGWD_3055,Hyderabad,Hyderabad,Telangana Gw,17.382154,78.449566,2011-08-01,2011,8,Kharif,0.0
TSGWD_3055,Hyderabad,Hyderabad,Telangana Gw,17.382154,78.449566,2011-09-01,2011,9,Kharif,0.0
TSGWD_3055,Hyderabad,Hyderabad,Telangana Gw,17.382154,78.449566,2011-10-01,2011,10,Post-Monsoon,0.0
TSGWD_3055,Hyderabad,Hyderabad,Telangana Gw,17.382154,78.449566,2011-11-01,2011,11,Post-Monsoon,0.0
TSGWD_3055,Hyderabad,Hyderabad,Telangana Gw,17.382154,78.449566,2011-12-01,2011,12,Post-Monsoon,0.0
TSGWD_3055,Hyderabad,Hyderabad,Telangana Gw,17.382154,78.449566,2012-01-01,2012,1,Rabi,0.0
TSGWD_3055,Hyderabad,Hyderabad,Telangana Gw,17.382154,78.449566,2012-02-01,2012,2,Rabi,0.0
TSGWD_3055,Hyderabad,Hyderabad,Telangana Gw,17.382154,78.449566,2012-03-01,2012,3,Pre-Monsoon,0.0
TSGWD_3055,Hyderabad,Hyderabad,Telangana Gw,17.382154,78.449566,2012-04-01,2012,4,Pre-Monsoon,0.0
TSGWD_3055,Hyderabad,Hyderabad,Telangana Gw,17.382154,78.449566,2012-05-01,2012,5,Pre-Monsoon,0.0
TSGWD_3055,Hyderabad,Hyderabad,Telangana Gw,17.382154,78.449566,2012-06-01,2012,6,Kharif,0.0
TSGWD_3055,Hyderabad,Hyderabad,Telangana Gw,17.382154,78.449566,2012-07-01,2012,7,Kharif,0.0
TSGWD_3055,Hyderabad,Hyderabad,Telangana Gw,17.382154,78.449566,2012-08-01,2012,8,Kharif,0.0
TSGWD_3055,Hyderabad,Hyderabad,Telangana Gw,17.382154,78.449566,2012-09-01,2012,9,Kharif,0.0
TSGWD_3055,Hyderabad,Hyderabad,Telangana Gw,17.382154,78.449566,2012-10-01,2012,10,Post-Monsoon,0.0
TSGWD_3055,Hyderabad,Hyderabad,Telangana Gw,17.382154,78.449566,2012-11-01,2012,11,Post-Monsoon,0.0
TSGWD_3055,Hyderabad,Hyderabad,Telangana Gw,17.382154,78.449566,2012-12-01,2012,12,Post-Monsoon,0.0
TSGWD_3055,Hyderabad,Hyderabad,Telangana Gw,17.382154,78.449566,2013-01-01,2013,1,Rabi,0.0
TSGWD_3055,Hyderabad,Hyderabad,Telangana Gw,17.382154,78.449566,2013-02-01,2013,2,Rabi,0.0
TSGWD_3055,Hyderabad,Hyderabad,Telangana Gw,17.382154,78.449566,2013-03-01,2013,3,Pre-Monsoon,0.0
TSGWD_3055,Hyderabad,Hyderabad,Telangana Gw,17.382154,78.449566,2013-04-01,2013,4,Pre-Monsoon,0.0
TSGWD_3055,Hyderabad,Hyderabad,Telangana Gw,17.382154,78.449566,2013-05-01,2013,5,Pre-Monsoon,0.0
TSGWD_3055,Hyderabad,Hyderabad,Telangana Gw,17.382154,78.449566,2013-06-01,2013,6,Kharif,0.0
TSGWD_3055,Hyderabad,Hyderabad,Telangana Gw,17.382154,78.449566,2013-07-01,2013,7,Kharif,0.0
TSGWD_3055,Hyderabad,Hyderabad,Telangana Gw,17.382154,78.449566,2013-08-01,2013,8,Kharif,0.0
TSGWD_3055,Hyderabad,Hyderabad,Telangana Gw,17.382154,78.449566,2013-09-01,2013,9,Kharif,0.0
TSGWD_3055,Hyderabad,Hyderabad,Telangana Gw,17.382154,78.449566,2013-10-01,2013,10,Post-Monsoon,0.0
TSGWD_3055,Hyderabad,Hyderabad,Telangana Gw,17.382154,78.449566,2013-11-01,2013,11,Post-Monsoon,0.0
TSGWD_3055,Hyderabad,Hyderabad,Telangana Gw,17.382154,78.449566,2013-12-01,2013,12,Post-Monsoon,0.0
TSGWD_3055,Hyderabad,Hyderabad,Telangana Gw,17.382154,78.449566,2014-01-01,2014,1,Rabi,0.0
TSGWD_3055,Hyderabad,Hyderabad,Telangana Gw,17.382154,78.449566,2014-02-01,2014,2,Rabi,0.0
TSGWD_3055,Hyderabad,Hyderabad,Telangana Gw,17.382154,78.449566,2014-03-01,2014,3,Pre-Monsoon,0.0
TSGWD_3055,Hyderabad,Hyderabad,Telangana Gw,17.382154,78.449566,2014-04-01,2014,4,Pre-Monsoon,0.0
TSGWD_3055,Hyderabad,Hyderabad,Telangana Gw,17.382154,78.449566,2014-05-01,2014,5,Pre-Monsoon,0.0
TSGWD_3055,Hyderabad,Hyderabad,Telangana Gw,17.382154,78.449566,2014-06-01,2014,6,Kharif,0.0
TSGWD_3055,Hyderabad,Hyderabad,Telangana Gw,17.382154,78.449566,2014-07-01,2014,7,Kharif,0.0
TSGWD_3055,Hyderabad,Hyderabad,Telangana Gw,17.382154,78.449566,2014-08-01,2014,8,Kharif,0.0
TSGWD_3055,Hyderabad,Hyderabad,Telangana Gw,17.382154,78.449566,2014-09-01,2014,9,Kharif,0.0
TSGWD_3055,Hyderabad,Hyderabad,Telangana Gw,17.382154,78.449566,2014-10-01,2014,10,Post-Monsoon,0.0
TSGWD_3055,Hyderabad,Hyderabad,Telangana Gw,17.382154,78.449566,2014-11-01,2014,11,Post-Monsoon,0.0
TSGWD_3055,Hyderabad,Hyderabad,Telangana Gw,17.382154,78.449566,2014-12-01,2014,12,Post-Monsoon,0.0
TSGWD_3055,Hyderabad,Hyderabad,Telangana Gw,17.382154,78.449566,2015-01-01,2015,1,Rabi,0.0
TSGWD_3055,Hyderabad,Hyderabad,Telangana Gw,17.382154,78.449566,2015-02-01,2015,2,Rabi,0.0
TSGWD_3055,Hyderabad,Hyderabad,Telangana Gw,17.382154,78.449566,2015-03-01,2015,3,Pre-Monsoon,0.0
TSGWD_3055,Hyderabad,Hyderabad,Telangana Gw,17.382154,78.449566,2015-04-01,2015,4,Pre-Monsoon,0.0
TSGWD_3055,Hyderabad,Hyderabad,Telangana Gw,17.382154,78.449566,2015-05-01,2015,5,Pre-Monsoon,0.0
TSGWD_3055,Hyderabad,Hyderabad,Telangana Gw,17.382154,78.449566,2015-06-01,2015,6,Kharif,0.0
TSGWD_3055,Hyderabad,Hyderabad,Telangana Gw,17.382154,78.449566,2015-07-01,2015,7,Kharif,0.0
TSGWD_3055,Hyderabad,Hyderabad,Telangana Gw,17.382154,78.449566,2015-08-01,2015,8,Kharif,0.0
TSGWD_3055,Hyderabad,Hyderabad,Telangana Gw,17.382154,78.449566,2015-09-01,2015,9,Kharif,0.0
TSGWD_3055,Hyderabad,Hyderabad,Telangana Gw,17.382154,78.449566,2015-10-01,2015,10,Post-Monsoon,0.0
TSGWD_3055,Hyderabad,Hyderabad,Telangana Gw,17.382154,78.449566,2015-11-01,2015,11,Post-Monsoon,0.0
TSGWD_3055,Hyderabad,Hyderabad,Telangana Gw,17.382154,78.449566,2015-12-01,2015,12,Post-Monsoon,0.0
TSGWD_3055,Hyderabad,Hyderabad,Telangana Gw,17.382154,78.449566,2016-01-01,2016,1,Rabi,0.0
TSGWD_3055,Hyderabad,Hyderabad,Telangana Gw,17.382154,78.449566,2016-02-01,2016,2,Rabi,0.0
TSGWD_3055,Hyderabad,Hyderabad,Telangana Gw,17.382154,78.449566,2016-03-01,2016,3,Pre-Monsoon,0.0
TSGWD_3055,Hyderabad,Hyderabad,Telangana Gw,17.382154,78.449566,2016-04-01,2016,4,Pre-Monsoon,0.0
TSGWD_3055,Hyderabad,Hyderabad,Telangana Gw,17.382154,78.449566,2016-05-01,2016,5,Pre-Monsoon,0.0
TSGWD_3055,Hyderabad,Hyderabad,Telangana Gw,17.382154,78.449566,2016-06-01,2016,6,Kharif,0.0
TSGWD_3055,Hyderabad,Hyderabad,Telangana Gw,17.382154,78.449566,2016-07-01,2016,7,Kharif,0.0
TSGWD_3055,Hyderabad,Hyderabad,Telangana Gw,17.382154,78.449566,2016-08-01,2016,8,Kharif,0.0
TSGWD_3055,Hyderabad,Hyderabad,Telangana Gw,17.382154,78.449566,2016-09-01,2016,9,Kharif,0.0
TSGWD_3055,Hyderabad,Hyderabad,Telangana Gw,17.382154,78.449566,2016-10-01,2016,10,Post-Monsoon,0.0
TSGWD_3055,Hyderabad,Hyderabad,Telangana Gw,17.382154,78.449566,2016-11-01,2016,11,Post-Monsoon,0.0
TSGWD_3055,Hyderabad,Hyderabad,Telangana Gw,17.382154,78.449566,2016-12-01,2016,12,Post-Monsoon,0.0
TSGWD_3055,Hyderabad,Hyderabad,Telangana Gw,17.382154,78.449566,2018-02-18,2018,2,Rabi,0.0
TSGWD_3055,Hyderabad,Hyderabad,Telangana Gw,17.382154,78.449566,2018-03-18,2018,3,Pre-Monsoon,0.0
TSGWD_3055,Hyderabad,Hyderabad,Telangana Gw,17.382154,78.449566,2018-04-18,2018,4,Pre-Monsoon,6.98
TSGWD_3055,Hyderabad,Hyderabad,Telangana Gw,17.382154,78.449566,2018-05-18,2018,5,Pre-Monsoon,6.95
TSGWD_3055,Hyderabad,Hyderabad,Telangana Gw,17.382154,78.449566,2018-06-18,2018,6,Kharif,6.1
TSGWD_3055,Hyderabad,Hyderabad,Telangana Gw,17.382154,78.449566,2018-07-18,2018,7,Kharif,5.5
TSGWD_3055,Hyderabad,Hyderabad,Telangana Gw,17.382154,78.449566,2018-08-18,2018,8,Kharif,5.16
TSGWD_3055,Hyderabad,Hyderabad,Telangana Gw,17.382154,78.449566,2018-09-18,2018,9,Kharif,4.83
TSGWD_3055,Hyderabad,Hyderabad,Telangana Gw,17.382154,78.449566,2018-10-18,2018,10,Post-Monsoon,4.77
TSGWD_3055,Hyderabad,Hyderabad,Telangana Gw,17.382154,78.449566,2018-11-18,2018,11,Post-Monsoon,5.66
TSGWD_3055,Hyderabad,Hyderabad,Telangana Gw,17.382154,78.449566,2018-12-18,2018,12,Post-Monsoon,6.51
TSGWD_3055,Hyderabad,Hyderabad,Telangana Gw,17.382154,78.449566,2019-01-18,2019,1,Rabi,6.92
TSGWD_3055,Hyderabad,Hyderabad,Telangana Gw,17.382154,78.449566,2019-02-01,2019,2,Rabi,7.5
TSGWD_3055,Hyderabad,Hyderabad,Telangana Gw,17.382154,78.449566,2019-03-01,2019,3,Pre-Monsoon,7.73
TSGWD_3055,Hyderabad,Hyderabad,Telangana Gw,17.382154,78.449566,2019-04-01,2019,4,Pre-Monsoon,7.96
TSGWD_3055,Hyderabad,Hyderabad,Telangana Gw,17.382154,78.449566,2019-05-19,2019,5,Pre-Monsoon,7.74
TSGWD_3055,Hyderabad,Hyderabad,Telangana Gw,17.382154,78.449566,2019-06-19,2019,6,Kharif,7.59
TSGWD_3055,Hyderabad,Hyderabad,Telangana Gw,17.382154,78.449566,2019-07-01,2019,7,Kharif,7.25
TSGWD_3055,Hyderabad,Hyderabad,Telangana Gw,17.382154,78.449566,2019-08-01,2019,8,Kharif,6.93
TSGWD_3055,Hyderabad,Hyderabad,Telangana Gw,17.382154,78.449566,2019-09-01,2019,9,Kharif,4.59
TSGWD_3055,Hyderabad,Hyderabad,Telangana Gw,17.382154,78.449566,2019-10-22,2019,10,Post-Monsoon,10.21
TSGWD_3055,Hyderabad,Hyderabad,Telangana Gw,17.382154,78.449566,2019-11-22,2019,11,Post-Monsoon,5.6
TSGWD_3055,Hyderabad,Hyderabad,Telangana Gw,17.382154,78.449566,2019-12-22,2019,12,Post-Monsoon,6.97
TSGWD_3056,Hyderabad,Hyderabad,Telangana Gw,17.409199,78.484698,2007-05-01,2007,5,Pre-Monsoon,0.0
TSGWD_3056,Hyderabad,Hyderabad,Telangana Gw,17.409199,78.484698,2007-06-01,2007,6,Kharif,0.0
TSGWD_3056,Hyderabad,Hyderabad,Telangana Gw,17.409199,78.484698,2007-07-01,2007,7,Kharif,0.0
TSGWD_3056,Hyderabad,Hyderabad,Telangana Gw,17.409199,78.484698,2007-08-01,2007,8,Kharif,0.0
TSGWD_3056,Hyderabad,Hyderabad,Telangana Gw,17.409199,78.484698,2007-09-01,2007,9,Kharif,0.0
TSGWD_3056,Hyderabad,Hyderabad,Telangana Gw,17.409199,78.484698,2007-10-01,2007,10,Post-Monsoon,0.0
TSGWD_3056,Hyderabad,Hyderabad,Telangana Gw,17.409199,78.484698,2007-11-01,2007,11,Post-Monsoon,0.0
TSGWD_3056,Hyderabad,Hyderabad,Telangana Gw,17.409199,78.484698,2007-12-01,2007,12,Post-Monsoon,0.0
TSGWD_3056,Hyderabad,Hyderabad,Telangana Gw,17.409199,78.484698,2008-01-01,2008,1,Rabi,0.0
TSGWD_3056,Hyderabad,Hyderabad,Telangana Gw,17.409199,78.484698,2008-02-01,2008,2,Rabi,0.0
TSGWD_3056,Hyderabad,Hyderabad,Telangana Gw,17.409199,78.484698,2008-03-01,2008,3,Pre-Monsoon,0.0
TSGWD_3056,Hyderabad,Hyderabad,Telangana Gw,17.409199,78.484698,2008-04-01,2008,4,Pre-Monsoon,0.0
TSGWD_3056,Hyderabad,Hyderabad,Telangana Gw,17.409199,78.484698,2008-05-01,2008,5,Pre-Monsoon,0.0
TSGWD_3056,Hyderabad,Hyderabad,Telangana Gw,17.409199,78.484698,2008-06-01,2008,6,Kharif,0.0
TSGWD_3056,Hyderabad,Hyderabad,Telangana Gw,17.409199,78.484698,2008-07-01,2008,7,Kharif,0.0
TSGWD_3056,Hyderabad,Hyderabad,Telangana Gw,17.409199,78.484698,2008-08-01,2008,8,Kharif,0.0
TSGWD_3056,Hyderabad,Hyderabad,Telangana Gw,17.409199,78.484698,2008-09-01,2008,9,Kharif,0.0
TSGWD_3056,Hyderabad,Hyderabad,Telangana Gw,17.409199,78.484698,2008-10-01,2008,10,Post-Monsoon,0.0
TSGWD_3056,Hyderabad,Hyderabad,Telangana Gw,17.409199,78.484698,2008-11-01,2008,11,Post-Monsoon,0.0
TSGWD_3056,Hyderabad,Hyderabad,Telangana Gw,17.409199,78.484698,2008-12-01,2008,12,Post-Monsoon,0.0
TSGWD_3056,Hyderabad,Hyderabad,Telangana Gw,17.409199,78.484698,2009-01-01,2009,1,Rabi,0.0
TSGWD_3056,Hyderabad,Hyderabad,Telangana Gw,17.409199,78.484698,2009-02-01,2009,2,Rabi,0.0
TSGWD_3056,Hyderabad,Hyderabad,Telangana Gw,17.409199,78.484698,2009-03-01,2009,3,Pre-Monsoon,0.0
TSGWD_3056,Hyderabad,Hyderabad,Telangana Gw,17.409199,78.484698,2009-04-01,2009,4,Pre-Monsoon,0.0
TSGWD_3056,Hyderabad,Hyderabad,Telangana Gw,17.409199,78.484698,2009-05-01,2009,5,Pre-Monsoon,0.0
TSGWD_3056,Hyderabad,Hyderabad,Telangana Gw,17.409199,78.484698,2009-06-01,2009,6,Kharif,0.0
TSGWD_3056,Hyderabad,Hyderabad,Telangana Gw,17.409199,78.484698,2009-07-01,2009,7,Kharif,0.0
TSGWD_3056,Hyderabad,Hyderabad,Telangana Gw,17.409199,78.484698,2009-08-01,2009,8,Kharif,0.0
TSGWD_3056,Hyderabad,Hyderabad,Telangana Gw,17.409199,78.484698,2009-09-01,2009,9,Kharif,0.0
TSGWD_3056,Hyderabad,Hyderabad,Telangana Gw,17.409199,78.484698,2009-10-01,2009,10,Post-Monsoon,0.0
TSGWD_3056,Hyderabad,Hyderabad,Telangana Gw,17.409199,78.484698,2009-11-01,2009,11,Post-Monsoon,0.0
TSGWD_3056,Hyderabad,Hyderabad,Telangana Gw,17.409199,78.484698,2009-12-01,2009,12,Post-Monsoon,0.0
TSGWD_3056,Hyderabad,Hyderabad,Telangana Gw,17.409199,78.484698,2010-01-01,2010,1,Rabi,0.0
TSGWD_3056,Hyderabad,Hyderabad,Telangana Gw,17.409199,78.484698,2010-02-01,2010,2,Rabi,0.0
TSGWD_3056,Hyderabad,Hyderabad,Telangana Gw,17.409199,78.484698,2010-03-01,2010,3,Pre-Monsoon,0.0
TSGWD_3056,Hyderabad,Hyderabad,Telangana Gw,17.409199,78.484698,2010-04-01,2010,4,Pre-Monsoon,0.0
TSGWD_3056,Hyderabad,Hyderabad,Telangana Gw,17.409199,78.484698,2010-05-01,2010,5,Pre-Monsoon,0.0
TSGWD_3056,Hyderabad,Hyderabad,Telangana Gw,17.409199,78.484698,2010-06-01,2010,6,Kharif,0.0
TSGWD_3056,Hyderabad,Hyderabad,Telangana Gw,17.409199,78.484698,2010-07-01,2010,7,Kharif,0.0
TSGWD_3056,Hyderabad,Hyderabad,Telangana Gw,17.409199,78.484698,2010-08-01,2010,8,Kharif,0.0
TSGWD_3056,Hyderabad,Hyderabad,Telangana Gw,17.409199,78.484698,2010-09-01,2010,9,Kharif,0.0
TSGWD_3056,Hyderabad,Hyderabad,Telangana Gw,17.409199,78.484698,2010-10-01,2010,10,Post-Monsoon,0.0
TSGWD_3056,Hyderabad,Hyderabad,Telangana Gw,17.409199,78.484698,2010-11-01,2010,11,Post-Monsoon,0.0
TSGWD_3056,Hyderabad,Hyderabad,Telangana Gw,17.409199,78.484698,2010-12-01,2010,12,Post-Monsoon,0.0
TSGWD_3056,Hyderabad,Hyderabad,Telangana Gw,17.409199,78.484698,2011-01-01,2011,1,Rabi,0.0
TSGWD_3056,Hyderabad,Hyderabad,Telangana Gw,17.409199,78.484698,2011-02-01,2011,2,Rabi,0.0
TSGWD_3056,Hyderabad,Hyderabad,Telangana Gw,17.409199,78.484698,2011-03-01,2011,3,Pre-Monsoon,0.0
TSGWD_3056,Hyderabad,Hyderabad,Telangana Gw,17.409199,78.484698,2011-04-01,2011,4,Pre-Monsoon,0.0
TSGWD_3056,Hyderabad,Hyderabad,Telangana Gw,17.409199,78.484698,2011-05-01,2011,5,Pre-Monsoon,0.0
TSGWD_3056,Hyderabad,Hyderabad,Telangana Gw,17.409199,78.484698,2011-06-01,2011,6,Kharif,0.0
TSGWD_3056,Hyderabad,Hyderabad,Telangana Gw,17.409199,78.484698,2011-07-01,2011,7,Kharif,0.0
TSGWD_3056,Hyderabad,Hyderabad,Telangana Gw,17.409199,78.484698,2011-08-01,2011,8,Kharif,0.0
TSGWD_3056,Hyderabad,Hyderabad,Telangana Gw,17.409199,78.484698,2011-09-01,2011,9,Kharif,0.0
TSGWD_3056,Hyderabad,Hyderabad,Telangana Gw,17.409199,78.484698,2011-10-01,2011,10,Post-Monsoon,0.0
TSGWD_3056,Hyderabad,Hyderabad,Telangana Gw,17.409199,78.484698,2011-11-01,2011,11,Post-Monsoon,0.0
TSGWD_3056,Hyderabad,Hyderabad,Telangana Gw,17.409199,78.484698,2011-12-01,2011,12,Post-Monsoon,0.0
TSGWD_3056,Hyderabad,Hyderabad,Telangana Gw,17.409199,78.484698,2012-01-01,2012,1,Rabi,0.0
TSGWD_3056,Hyderabad,Hyderabad,Telangana Gw,17.409199,78.484698,2012-02-01,2012,2,Rabi,0.0
TSGWD_3056,Hyderabad,Hyderabad,Telangana Gw,17.409199,78.484698,2012-03-01,2012,3,Pre-Monsoon,0.0
TSGWD_3056,Hyderabad,Hyderabad,Telangana Gw,17.409199,78.484698,2012-04-01,2012,4,Pre-Monsoon,0.0
TSGWD_3056,Hyderabad,Hyderabad,Telangana Gw,17.409199,78.484698,2012-05-01,2012,5,Pre-Monsoon,0.0
TSGWD_3056,Hyderabad,Hyderabad,Telangana Gw,17.409199,78.484698,2012-06-01,2012,6,Kharif,0.0
TSGWD_3056,Hyderabad,Hyderabad,Telangana Gw,17.409199,78.484698,2012-07-01,2012,7,Kharif,0.0
TSGWD_3056,Hyderabad,Hyderabad,Telangana Gw,17.409199,78.484698,2012-08-01,2012,8,Kharif,0.0
TSGWD_3056,Hyderabad,Hyderabad,Telangana Gw,17.409199,78.484698,2012-09-01,2012,9,Kharif,0.0
TSGWD_3056,Hyderabad,Hyderabad,Telangana Gw,17.409199,78.484698,2012-10-01,2012,10,Post-Monsoon,0.0
TSGWD_3056,Hyderabad,Hyderabad,Telangana Gw,17.409199,78.484698,2012-11-01,2012,11,Post-Monsoon,0.0
TSGWD_3056,Hyderabad,Hyderabad,Telangana Gw,17.409199,78.484698,2012-12-01,2012,12,Post-Monsoon,0.0
TSGWD_3056,Hyderabad,Hyderabad,Telangana Gw,17.409199,78.484698,2013-01-01,2013,1,Rabi,0.0
TSGWD_3056,Hyderabad,Hyderabad,Telangana Gw,17.409199,78.484698,2013-02-01,2013,2,Rabi,0.0
TSGWD_3056,Hyderabad,Hyderabad,Telangana Gw,17.409199,78.484698,2013-03-01,2013,3,Pre-Monsoon,0.0
TSGWD_3056,Hyderabad,Hyderabad,Telangana Gw,17.409199,78.484698,2013-04-01,2013,4,Pre-Monsoon,0.0
TSGWD_3056,Hyderabad,Hyderabad,Telangana Gw,17.409199,78.484698,2013-05-01,2013,5,Pre-Monsoon,0.0
TSGWD_3056,Hyderabad,Hyderabad,Telangana Gw,17.409199,78.484698,2013-06-01,2013,6,Kharif,0.0
TSGWD_3056,Hyderabad,Hyderabad,Telangana Gw,17.409199,78.484698,2013-07-01,2013,7,Kharif,0.0
TSGWD_3056,Hyderabad,Hyderabad,Telangana Gw,17.409199,78.484698,2013-08-01,2013,8,Kharif,0.0
TSGWD_3056,Hyderabad,Hyderabad,Telangana Gw,17.409199,78.484698,2013-09-01,2013,9,Kharif,0.0
TSGWD_3056,Hyderabad,Hyderabad,Telangana Gw,17.409199,78.484698,2013-10-01,2013,10,Post-Monsoon,0.0
TSGWD_3056,Hyderabad,Hyderabad,Telangana Gw,17.409199,78.484698,2013-11-01,2013,11,Post-Monsoon,0.0
TSGWD_3056,Hyderabad,Hyderabad,Telangana Gw,17.409199,78.484698,2013-12-01,2013,12,Post-Monsoon,0.0
TSGWD_3056,Hyderabad,Hyderabad,Telangana Gw,17.409199,78.484698,2014-01-01,2014,1,Rabi,0.0
TSGWD_3056,Hyderabad,Hyderabad,Telangana Gw,17.409199,78.484698,2014-02-01,2014,2,Rabi,0.0
TSGWD_3056,Hyderabad,Hyderabad,Telangana Gw,17.409199,78.484698,2014-03-01,2014,3,Pre-Monsoon,0.0
TSGWD_3056,Hyderabad,Hyderabad,Telangana Gw,17.409199,78.484698,2014-04-01,2014,4,Pre-Monsoon,0.0
TSGWD_3056,Hyderabad,Hyderabad,Telangana Gw,17.409199,78.484698,2014-05-01,2014,5,Pre-Monsoon,0.0
TSGWD_3056,Hyderabad,Hyderabad,Telangana Gw,17.409199,78.484698,2014-06-01,2014,6,Kharif,0.0
TSGWD_3056,Hyderabad,Hyderabad,Telangana Gw,17.409199,78.484698,2014-07-01,2014,7,Kharif,0.0
TSGWD_3056,Hyderabad,Hyderabad,Telangana Gw,17.409199,78.484698,2014-08-01,2014,8,Kharif,0.0
TSGWD_3056,Hyderabad,Hyderabad,Telangana Gw,17.409199,78.484698,2014-09-01,2014,9,Kharif,0.0
TSGWD_3056,Hyderabad,Hyderabad,Telangana Gw,17.409199,78.484698,2014-10-01,2014,10,Post-Monsoon,0.0
TSGWD_3056,Hyderabad,Hyderabad,Telangana Gw,17.409199,78.484698,2014-11-01,2014,11,Post-Monsoon,0.0
TSGWD_3056,Hyderabad,Hyderabad,Telangana Gw,17.409199,78.484698,2014-12-01,2014,12,Post-Monsoon,0.0
TSGWD_3056,Hyderabad,Hyderabad,Telangana Gw,17.409199,78.484698,2015-01-01,2015,1,Rabi,0.0
TSGWD_3056,Hyderabad,Hyderabad,Telangana Gw,17.409199,78.484698,2015-02-01,2015,2,Rabi,0.0
TSGWD_3056,Hyderabad,Hyderabad,Telangana Gw,17.409199,78.484698,2015-03-01,2015,3,Pre-Monsoon,0.0
TSGWD_3056,Hyderabad,Hyderabad,Telangana Gw,17.409199,78.484698,2015-04-01,2015,4,Pre-Monsoon,0.0
TSGWD_3056,Hyderabad,Hyderabad,Telangana Gw,17.409199,78.484698,2015-05-01,2015,5,Pre-Monsoon,0.0
TSGWD_3056,Hyderabad,Hyderabad,Telangana Gw,17.409199,78.484698,2015-06-01,2015,6,Kharif,0.0
TSGWD_3056,Hyderabad,Hyderabad,Telangana Gw,17.409199,78.484698,2015-07-01,2015,7,Kharif,0.0
TSGWD_3056,Hyderabad,Hyderabad,Telangana Gw,17.409199,78.484698,2015-08-01,2015,8,Kharif,0.0
TSGWD_3056,Hyderabad,Hyderabad,Telangana Gw,17.409199,78.484698,2015-09-01,2015,9,Kharif,0.0
TSGWD_3056,Hyderabad,Hyderabad,Telangana Gw,17.409199,78.484698,2015-10-01,2015,10,Post-Monsoon,0.0
TSGWD_3056,Hyderabad,Hyderabad,Telangana Gw,17.409199,78.484698,2015-11-01,2015,11,Post-Monsoon,0.0
TSGWD_3056,Hyderabad,Hyderabad,Telangana Gw,17.409199,78.484698,2015-12-01,2015,12,Post-Monsoon,0.0
TSGWD_3056,Hyderabad,Hyderabad,Telangana Gw,17.409199,78.484698,2016-01-01,2016,1,Rabi,0.0
TSGWD_3056,Hyderabad,Hyderabad,Telangana Gw,17.409199,78.484698,2016-02-01,2016,2,Rabi,0.0
TSGWD_3056,Hyderabad,Hyderabad,Telangana Gw,17.409199,78.484698,2016-03-01,2016,3,Pre-Monsoon,0.0
TSGWD_3056,Hyderabad,Hyderabad,Telangana Gw,17.409199,78.484698,2016-04-01,2016,4,Pre-Monsoon,0.0
TSGWD_3056,Hyderabad,Hyderabad,Telangana Gw,17.409199,78.484698,2016-05-01,2016,5,Pre-Monsoon,0.0
TSGWD_3056,Hyderabad,Hyderabad,Telangana Gw,17.409199,78.484698,2016-06-01,2016,6,Kharif,0.0
TSGWD_3056,Hyderabad,Hyderabad,Telangana Gw,17.409199,78.484698,2016-07-01,2016,7,Kharif,0.0
TSGWD_3056,Hyderabad,Hyderabad,Telangana Gw,17.409199,78.484698,2016-08-01,2016,8,Kharif,0.0
TSGWD_3056,Hyderabad,Hyderabad,Telangana Gw,17.409199,78.484698,2016-09-01,2016,9,Kharif,0.0
TSGWD_3056,Hyderabad,Hyderabad,Telangana Gw,17.409199,78.484698,2016-10-01,2016,10,Post-Monsoon,0.0
TSGWD_3056,Hyderabad,Hyderabad,Telangana Gw,17.409199,78.484698,2016-11-01,2016,11,Post-Monsoon,0.0
TSGWD_3056,Hyderabad,Hyderabad,Telangana Gw,17.409199,78.484698,2016-12-01,2016,12,Post-Monsoon,0.0
TSGWD_3056,Hyderabad,Hyderabad,Telangana Gw,17.409199,78.484698,2018-02-18,2018,2,Rabi,0.0
TSGWD_3056,Hyderabad,Hyderabad,Telangana Gw,17.409199,78.484698,2018-03-18,2018,3,Pre-Monsoon,0.0
TSGWD_3056,Hyderabad,Hyderabad,Telangana Gw,17.409199,78.484698,2018-04-18,2018,4,Pre-Monsoon,6.76
TSGWD_3056,Hyderabad,Hyderabad,Telangana Gw,17.409199,78.484698,2018-05-18,2018,5,Pre-Monsoon,6.46
TSGWD_3056,Hyderabad,Hyderabad,Telangana Gw,17.409199,78.484698,2018-06-18,2018,6,Kharif,6.43
TSGWD_3056,Hyderabad,Hyderabad,Telangana Gw,17.409199,78.484698,2018-07-18,2018,7,Kharif,5.86
TSGWD_3056,Hyderabad,Hyderabad,Telangana Gw,17.409199,78.484698,2018-08-18,2018,8,Kharif,5.81
TSGWD_3056,Hyderabad,Hyderabad,Telangana Gw,17.409199,78.484698,2018-09-18,2018,9,Kharif,5.69
TSGWD_3056,Hyderabad,Hyderabad,Telangana Gw,17.409199,78.484698,2018-10-18,2018,10,Post-Monsoon,5.54
TSGWD_3056,Hyderabad,Hyderabad,Telangana Gw,17.409199,78.484698,2018-11-18,2018,11,Post-Monsoon,6.15
TSGWD_3056,Hyderabad,Hyderabad,Telangana Gw,17.409199,78.484698,2018-12-18,2018,12,Post-Monsoon,6.39
TSGWD_3056,Hyderabad,Hyderabad,Telangana Gw,17.409199,78.484698,2019-01-18,2019,1,Rabi,6.51
TSGWD_3056,Hyderabad,Hyderabad,Telangana Gw,17.409199,78.484698,2019-02-01,2019,2,Rabi,6.57
TSGWD_3056,Hyderabad,Hyderabad,Telangana Gw,17.409199,78.484698,2019-03-01,2019,3,Pre-Monsoon,6.78
TSGWD_3056,Hyderabad,Hyderabad,Telangana Gw,17.409199,78.484698,2019-04-01,2019,4,Pre-Monsoon,6.01
TSGWD_3056,Hyderabad,Hyderabad,Telangana Gw,17.409199,78.484698,2019-05-19,2019,5,Pre-Monsoon,7.02
TSGWD_3056,Hyderabad,Hyderabad,Telangana Gw,17.409199,78.484698,2019-06-19,2019,6,Kharif,6.11
TSGWD_3056,Hyderabad,Hyderabad,Telangana Gw,17.409199,78.484698,2019-07-01,2019,7,Kharif,5.99
TSGWD_3056,Hyderabad,Hyderabad,Telangana Gw,17.409199,78.484698,2019-08-01,2019,8,Kharif,5.65
TSGWD_3056,Hyderabad,Hyderabad,Telangana Gw,17.409199,78.484698,2019-09-01,2019,9,Kharif,5.54
TSGWD_3056,Hyderabad,Hyderabad,Telangana Gw,17.409199,78.484698,2019-10-22,2019,10,Post-Monsoon,6.98
TSGWD_3056,Hyderabad,Hyderabad,Telangana Gw,17.409199,78.484698,2019-11-22,2019,11,Post-Monsoon,6.0
TSGWD_3056,Hyderabad,Hyderabad,Telangana Gw,17.409199,78.484698,2019-12-22,2019,12,Post-Monsoon,6.11
TSGWD_3057,Hyderabad,Hyderabad,Telangana Gw,17.398141,78.496983,2007-05-01,2007,5,Pre-Monsoon,0.0
TSGWD_3057,Hyderabad,Hyderabad,Telangana Gw,17.398141,78.496983,2007-06-01,2007,6,Kharif,0.0
TSGWD_3057,Hyderabad,Hyderabad,Telangana Gw,17.398141,78.496983,2007-07-01,2007,7,Kharif,0.0
TSGWD_3057,Hyderabad,Hyderabad,Telangana Gw,17.398141,78.496983,2007-08-01,2007,8,Kharif,0.0
TSGWD_3057,Hyderabad,Hyderabad,Telangana Gw,17.398141,78.496983,2007-09-01,2007,9,Kharif,0.0
TSGWD_3057,Hyderabad,Hyderabad,Telangana Gw,17.398141,78.496983,2007-10-01,2007,10,Post-Monsoon,0.0
TSGWD_3057,Hyderabad,Hyderabad,Telangana Gw,17.398141,78.496983,2007-11-01,2007,11,Post-Monsoon,0.0
TSGWD_3057,Hyderabad,Hyderabad,Telangana Gw,17.398141,78.496983,2007-12-01,2007,12,Post-Monsoon,0.0
TSGWD_3057,Hyderabad,Hyderabad,Telangana Gw,17.398141,78.496983,2008-01-01,2008,1,Rabi,0.0
TSGWD_3057,Hyderabad,Hyderabad,Telangana Gw,17.398141,78.496983,2008-02-01,2008,2,Rabi,0.0
TSGWD_3057,Hyderabad,Hyderabad,Telangana Gw,17.398141,78.496983,2008-03-01,2008,3,Pre-Monsoon,0.0
TSGWD_3057,Hyderabad,Hyderabad,Telangana Gw,17.398141,78.496983,2008-04-01,2008,4,Pre-Monsoon,0.0
TSGWD_3057,Hyderabad,Hyderabad,Telangana Gw,17.398141,78.496983,2008-05-01,2008,5,Pre-Monsoon,0.0
TSGWD_3057,Hyderabad,Hyderabad,Telangana Gw,17.398141,78.496983,2008-06-01,2008,6,Kharif,0.0
TSGWD_3057,Hyderabad,Hyderabad,Telangana Gw,17.398141,78.496983,2008-07-01,2008,7,Kharif,0.0
TSGWD_3057,Hyderabad,Hyderabad,Telangana Gw,17.398141,78.496983,2008-08-01,2008,8,Kharif,0.0
TSGWD_3057,Hyderabad,Hyderabad,Telangana Gw,17.398141,78.496983,2008-09-01,2008,9,Kharif,0.0
TSGWD_3057,Hyderabad,Hyderabad,Telangana Gw,17.398141,78.496983,2008-10-01,2008,10,Post-Monsoon,0.0
TSGWD_3057,Hyderabad,Hyderabad,Telangana Gw,17.398141,78.496983,2008-11-01,2008,11,Post-Monsoon,0.0
TSGWD_3057,Hyderabad,Hyderabad,Telangana Gw,17.398141,78.496983,2008-12-01,2008,12,Post-Monsoon,0.0
TSGWD_3057,Hyderabad,Hyderabad,Telangana Gw,17.398141,78.496983,2009-01-01,2009,1,Rabi,0.0
TSGWD_3057,Hyderabad,Hyderabad,Telangana Gw,17.398141,78.496983,2009-02-01,2009,2,Rabi,0.0
TSGWD_3057,Hyderabad,Hyderabad,Telangana Gw,17.398141,78.496983,2009-03-01,2009,3,Pre-Monsoon,0.0
TSGWD_3057,Hyderabad,Hyderabad,Telangana Gw,17.398141,78.496983,2009-04-01,2009,4,Pre-Monsoon,0.0
TSGWD_3057,Hyderabad,Hyderabad,Telangana Gw,17.398141,78.496983,2009-05-01,2009,5,Pre-Monsoon,0.0
TSGWD_3057,Hyderabad,Hyderabad,Telangana Gw,17.398141,78.496983,2009-06-01,2009,6,Kharif,0.0
TSGWD_3057,Hyderabad,Hyderabad,Telangana Gw,17.398141,78.496983,2009-07-01,2009,7,Kharif,0.0
TSGWD_3057,Hyderabad,Hyderabad,Telangana Gw,17.398141,78.496983,2009-08-01,2009,8,Kharif,0.0
TSGWD_3057,Hyderabad,Hyderabad,Telangana Gw,17.398141,78.496983,2009-09-01,2009,9,Kharif,0.0
TSGWD_3057,Hyderabad,Hyderabad,Telangana Gw,17.398141,78.496983,2009-10-01,2009,10,Post-Monsoon,0.0
TSGWD_3057,Hyderabad,Hyderabad,Telangana Gw,17.398141,78.496983,2009-11-01,2009,11,Post-Monsoon,0.0
TSGWD_3057,Hyderabad,Hyderabad,Telangana Gw,17.398141,78.496983,2009-12-01,2009,12,Post-Monsoon,0.0
TSGWD_3057,Hyderabad,Hyderabad,Telangana Gw,17.398141,78.496983,2010-01-01,2010,1,Rabi,0.0
TSGWD_3057,Hyderabad,Hyderabad,Telangana Gw,17.398141,78.496983,2010-02-01,2010,2,Rabi,0.0
TSGWD_3057,Hyderabad,Hyderabad,Telangana Gw,17.398141,78.496983,2010-03-01,2010,3,Pre-Monsoon,0.0
TSGWD_3057,Hyderabad,Hyderabad,Telangana Gw,17.398141,78.496983,2010-04-01,2010,4,Pre-Monsoon,0.0
TSGWD_3057,Hyderabad,Hyderabad,Telangana Gw,17.398141,78.496983,2010-05-01,2010,5,Pre-Monsoon,0.0
TSGWD_3057,Hyderabad,Hyderabad,Telangana Gw,17.398141,78.496983,2010-06-01,2010,6,Kharif,0.0
TSGWD_3057,Hyderabad,Hyderabad,Telangana Gw,17.398141,78.496983,2010-07-01,2010,7,Kharif,0.0
TSGWD_3057,Hyderabad,Hyderabad,Telangana Gw,17.398141,78.496983,2010-08-01,2010,8,Kharif,0.0
TSGWD_3057,Hyderabad,Hyderabad,Telangana Gw,17.398141,78.496983,2010-09-01,2010,9,Kharif,0.0
TSGWD_3057,Hyderabad,Hyderabad,Telangana Gw,17.398141,78.496983,2010-10-01,2010,10,Post-Monsoon,0.0
TSGWD_3057,Hyderabad,Hyderabad,Telangana Gw,17.398141,78.496983,2010-11-01,2010,11,Post-Monsoon,0.0
TSGWD_3057,Hyderabad,Hyderabad,Telangana Gw,17.398141,78.496983,2010-12-01,2010,12,Post-Monsoon,0.0
TSGWD_3057,Hyderabad,Hyderabad,Telangana Gw,17.398141,78.496983,2011-01-01,2011,1,Rabi,0.0
TSGWD_3057,Hyderabad,Hyderabad,Telangana Gw,17.398141,78.496983,2011-02-01,2011,2,Rabi,0.0
TSGWD_3057,Hyderabad,Hyderabad,Telangana Gw,17.398141,78.496983,2011-03-01,2011,3,Pre-Monsoon,0.0
TSGWD_3057,Hyderabad,Hyderabad,Telangana Gw,17.398141,78.496983,2011-04-01,2011,4,Pre-Monsoon,0.0
TSGWD_3057,Hyderabad,Hyderabad,Telangana Gw,17.398141,78.496983,2011-05-01,2011,5,Pre-Monsoon,0.0
TSGWD_3057,Hyderabad,Hyderabad,Telangana Gw,17.398141,78.496983,2011-06-01,2011,6,Kharif,0.0
TSGWD_3057,Hyderabad,Hyderabad,Telangana Gw,17.398141,78.496983,2011-07-01,2011,7,Kharif,0.0
TSGWD_3057,Hyderabad,Hyderabad,Telangana Gw,17.398141,78.496983,2011-08-01,2011,8,Kharif,0.0
TSGWD_3057,Hyderabad,Hyderabad,Telangana Gw,17.398141,78.496983,2011-09-01,2011,9,Kharif,0.0
TSGWD_3057,Hyderabad,Hyderabad,Telangana Gw,17.398141,78.496983,2011-10-01,2011,10,Post-Monsoon,0.0
TSGWD_3057,Hyderabad,Hyderabad,Telangana Gw,17.398141,78.496983,2011-11-01,2011,11,Post-Monsoon,0.0
TSGWD_3057,Hyderabad,Hyderabad,Telangana Gw,17.398141,78.496983,2011-12-01,2011,12,Post-Monsoon,0.0
TSGWD_3057,Hyderabad,Hyderabad,Telangana Gw,17.398141,78.496983,2012-01-01,2012,1,Rabi,0.0
TSGWD_3057,Hyderabad,Hyderabad,Telangana Gw,17.398141,78.496983,2012-02-01,2012,2,Rabi,0.0
TSGWD_3057,Hyderabad,Hyderabad,Telangana Gw,17.398141,78.496983,2012-03-01,2012,3,Pre-Monsoon,0.0
TSGWD_3057,Hyderabad,Hyderabad,Telangana Gw,17.398141,78.496983,2012-04-01,2012,4,Pre-Monsoon,0.0
TSGWD_3057,Hyderabad,Hyderabad,Telangana Gw,17.398141,78.496983,2012-05-01,2012,5,Pre-Monsoon,0.0
TSGWD_3057,Hyderabad,Hyderabad,Telangana Gw,17.398141,78.496983,2012-06-01,2012,6,Kharif,0.0
TSGWD_3057,Hyderabad,Hyderabad,Telangana Gw,17.398141,78.496983,2012-07-01,2012,7,Kharif,0.0
TSGWD_3057,Hyderabad,Hyderabad,Telangana Gw,17.398141,78.496983,2012-08-01,2012,8,Kharif,0.0
TSGWD_3057,Hyderabad,Hyderabad,Telangana Gw,17.398141,78.496983,2012-09-01,2012,9,Kharif,0.0
TSGWD_3057,Hyderabad,Hyderabad,Telangana Gw,17.398141,78.496983,2012-10-01,2012,10,Post-Monsoon,0.0
TSGWD_3057,Hyderabad,Hyderabad,Telangana Gw,17.398141,78.496983,2012-11-01,2012,11,Post-Monsoon,0.0
TSGWD_3057,Hyderabad,Hyderabad,Telangana Gw,17.398141,78.496983,2012-12-01,2012,12,Post-Monsoon,0.0
TSGWD_3057,Hyderabad,Hyderabad,Telangana Gw,17.398141,78.496983,2013-01-01,2013,1,Rabi,0.0
TSGWD_3057,Hyderabad,Hyderabad,Telangana Gw,17.398141,78.496983,2013-02-01,2013,2,Rabi,0.0
TSGWD_3057,Hyderabad,Hyderabad,Telangana Gw,17.398141,78.496983,2013-03-01,2013,3,Pre-Monsoon,0.0
TSGWD_3057,Hyderabad,Hyderabad,Telangana Gw,17.398141,78.496983,2013-04-01,2013,4,Pre-Monsoon,0.0
TSGWD_3057,Hyderabad,Hyderabad,Telangana Gw,17.398141,78.496983,2013-05-01,2013,5,Pre-Monsoon,0.0
TSGWD_3057,Hyderabad,Hyderabad,Telangana Gw,17.398141,78.496983,2013-06-01,2013,6,Kharif,0.0
TSGWD_3057,Hyderabad,Hyderabad,Telangana Gw,17.398141,78.496983,2013-07-01,2013,7,Kharif,0.0
TSGWD_3057,Hyderabad,Hyderabad,Telangana Gw,17.398141,78.496983,2013-08-01,2013,8,Kharif,0.0
TSGWD_3057,Hyderabad,Hyderabad,Telangana Gw,17.398141,78.496983,2013-09-01,2013,9,Kharif,0.0
TSGWD_3057,Hyderabad,Hyderabad,Telangana Gw,17.398141,78.496983,2013-10-01,2013,10,Post-Monsoon,0.0
TSGWD_3057,Hyderabad,Hyderabad,Telangana Gw,17.398141,78.496983,2013-11-01,2013,11,Post-Monsoon,0.0
TSGWD_3057,Hyderabad,Hyderabad,Telangana Gw,17.398141,78.496983,2013-12-01,2013,12,Post-Monsoon,0.0
TSGWD_3057,Hyderabad,Hyderabad,Telangana Gw,17.398141,78.496983,2014-01-01,2014,1,Rabi,0.0
TSGWD_3057,Hyderabad,Hyderabad,Telangana Gw,17.398141,78.496983,2014-02-01,2014,2,Rabi,0.0
TSGWD_3057,Hyderabad,Hyderabad,Telangana Gw,17.398141,78.496983,2014-03-01,2014,3,Pre-Monsoon,0.0
TSGWD_3057,Hyderabad,Hyderabad,Telangana Gw,17.398141,78.496983,2014-04-01,2014,4,Pre-Monsoon,0.0
TSGWD_3057,Hyderabad,Hyderabad,Telangana Gw,17.398141,78.496983,2014-05-01,2014,5,Pre-Monsoon,0.0
TSGWD_3057,Hyderabad,Hyderabad,Telangana Gw,17.398141,78.496983,2014-06-01,2014,6,Kharif,0.0
TSGWD_3057,Hyderabad,Hyderabad,Telangana Gw,17.398141,78.496983,2014-07-01,2014,7,Kharif,0.0
TSGWD_3057,Hyderabad,Hyderabad,Telangana Gw,17.398141,78.496983,2014-08-01,2014,8,Kharif,0.0
TSGWD_3057,Hyderabad,Hyderabad,Telangana Gw,17.398141,78.496983,2014-09-01,2014,9,Kharif,0.0
TSGWD_3057,Hyderabad,Hyderabad,Telangana Gw,17.398141,78.496983,2014-10-01,2014,10,Post-Monsoon,0.0
TSGWD_3057,Hyderabad,Hyderabad,Telangana Gw,17.398141,78.496983,2014-11-01,2014,11,Post-Monsoon,0.0
TSGWD_3057,Hyderabad,Hyderabad,Telangana Gw,17.398141,78.496983,2014-12-01,2014,12,Post-Monsoon,0.0
TSGWD_3057,Hyderabad,Hyderabad,Telangana Gw,17.398141,78.496983,2015-01-01,2015,1,Rabi,0.0
TSGWD_3057,Hyderabad,Hyderabad,Telangana Gw,17.398141,78.496983,2015-02-01,2015,2,Rabi,0.0
TSGWD_3057,Hyderabad,Hyderabad,Telangana Gw,17.398141,78.496983,2015-03-01,2015,3,Pre-Monsoon,0.0
TSGWD_3057,Hyderabad,Hyderabad,Telangana Gw,17.398141,78.496983,2015-04-01,2015,4,Pre-Monsoon,0.0
TSGWD_3057,Hyderabad,Hyderabad,Telangana Gw,17.398141,78.496983,2015-05-01,2015,5,Pre-Monsoon,0.0
TSGWD_3057,Hyderabad,Hyderabad,Telangana Gw,17.398141,78.496983,2015-06-01,2015,6,Kharif,0.0
TSGWD_3057,Hyderabad,Hyderabad,Telangana Gw,17.398141,78.496983,2015-07-01,2015,7,Kharif,0.0
TSGWD_3057,Hyderabad,Hyderabad,Telangana Gw,17.398141,78.496983,2015-08-01,2015,8,Kharif,0.0
TSGWD_3057,Hyderabad,Hyderabad,Telangana Gw,17.398141,78.496983,2015-09-01,2015,9,Kharif,0.0
TSGWD_3057,Hyderabad,Hyderabad,Telangana Gw,17.398141,78.496983,2015-10-01,2015,10,Post-Monsoon,0.0
TSGWD_3057,Hyderabad,Hyderabad,Telangana Gw,17.398141,78.496983,2015-11-01,2015,11,Post-Monsoon,0.0
TSGWD_3057,Hyderabad,Hyderabad,Telangana Gw,17.398141,78.496983,2015-12-01,2015,12,Post-Monsoon,0.0
TSGWD_3057,Hyderabad,Hyderabad,Telangana Gw,17.398141,78.496983,2016-01-01,2016,1,Rabi,0.0
TSGWD_3057,Hyderabad,Hyderabad,Telangana Gw,17.398141,78.496983,2016-02-01,2016,2,Rabi,0.0
TSGWD_3057,Hyderabad,Hyderabad,Telangana Gw,17.398141,78.496983,2016-03-01,2016,3,Pre-Monsoon,0.0
TSGWD_3057,Hyderabad,Hyderabad,Telangana Gw,17.398141,78.496983,2016-04-01,2016,4,Pre-Monsoon,0.0
TSGWD_3057,Hyderabad,Hyderabad,Telangana Gw,17.398141,78.496983,2016-05-01,2016,5,Pre-Monsoon,0.0
TSGWD_3057,Hyderabad,Hyderabad,Telangana Gw,17.398141,78.496983,2016-06-01,2016,6,Kharif,0.0
TSGWD_3057,Hyderabad,Hyderabad,Telangana Gw,17.398141,78.496983,2016-07-01,2016,7,Kharif,0.0
TSGWD_3057,Hyderabad,Hyderabad,Telangana Gw,17.398141,78.496983,2016-08-01,2016,8,Kharif,0.0
TSGWD_3057,Hyderabad,Hyderabad,Telangana Gw,17.398141,78.496983,2016-09-01,2016,9,Kharif,0.0
TSGWD_3057,Hyderabad,Hyderabad,Telangana Gw,17.398141,78.496983,2016-10-01,2016,10,Post-Monsoon,0.0
TSGWD_3057,Hyderabad,Hyderabad,Telangana Gw,17.398141,78.496983,2016-11-01,2016,11,Post-Monsoon,0.0
TSGWD_3057,Hyderabad,Hyderabad,Telangana Gw,17.398141,78.496983,2016-12-01,2016,12,Post-Monsoon,0.0
TSGWD_3057,Hyderabad,Hyderabad,Telangana Gw,17.398141,78.496983,2018-02-18,2018,2,Rabi,0.0
TSGWD_3057,Hyderabad,Hyderabad,Telangana Gw,17.398141,78.496983,2018-03-18,2018,3,Pre-Monsoon,0.0
TSGWD_3057,Hyderabad,Hyderabad,Telangana Gw,17.398141,78.496983,2018-04-18,2018,4,Pre-Monsoon,2.6
TSGWD_3057,Hyderabad,Hyderabad,Telangana Gw,17.398141,78.496983,2018-05-18,2018,5,Pre-Monsoon,2.95
TSGWD_3057,Hyderabad,Hyderabad,Telangana Gw,17.398141,78.496983,2018-06-18,2018,6,Kharif,2.45
TSGWD_3057,Hyderabad,Hyderabad,Telangana Gw,17.398141,78.496983,2018-07-18,2018,7,Kharif,2.1
TSGWD_3057,Hyderabad,Hyderabad,Telangana Gw,17.398141,78.496983,2018-08-18,2018,8,Kharif,2.08
TSGWD_3057,Hyderabad,Hyderabad,Telangana Gw,17.398141,78.496983,2018-09-18,2018,9,Kharif,1.72
TSGWD_3057,Hyderabad,Hyderabad,Telangana Gw,17.398141,78.496983,2018-10-18,2018,10,Post-Monsoon,1.64
TSGWD_3057,Hyderabad,Hyderabad,Telangana Gw,17.398141,78.496983,2018-11-18,2018,11,Post-Monsoon,2.44
TSGWD_3057,Hyderabad,Hyderabad,Telangana Gw,17.398141,78.496983,2018-12-18,2018,12,Post-Monsoon,2.52
TSGWD_3057,Hyderabad,Hyderabad,Telangana Gw,17.398141,78.496983,2019-01-18,2019,1,Rabi,2.8
TSGWD_3057,Hyderabad,Hyderabad,Telangana Gw,17.398141,78.496983,2019-02-01,2019,2,Rabi,2.82
TSGWD_3057,Hyderabad,Hyderabad,Telangana Gw,17.398141,78.496983,2019-03-01,2019,3,Pre-Monsoon,3.13
TSGWD_3057,Hyderabad,Hyderabad,Telangana Gw,17.398141,78.496983,2019-04-01,2019,4,Pre-Monsoon,3.16
TSGWD_3057,Hyderabad,Hyderabad,Telangana Gw,17.398141,78.496983,2019-05-19,2019,5,Pre-Monsoon,3.93
TSGWD_3057,Hyderabad,Hyderabad,Telangana Gw,17.398141,78.496983,2019-06-19,2019,6,Kharif,2.65
TSGWD_3057,Hyderabad,Hyderabad,Telangana Gw,17.398141,78.496983,2019-07-01,2019,7,Kharif,2.39
TSGWD_3057,Hyderabad,Hyderabad,Telangana Gw,17.398141,78.496983,2019-08-01,2019,8,Kharif,2.98
TSGWD_3057,Hyderabad,Hyderabad,Telangana Gw,17.398141,78.496983,2019-09-01,2019,9,Kharif,2.41
TSGWD_3057,Hyderabad,Hyderabad,Telangana Gw,17.398141,78.496983,2019-10-22,2019,10,Post-Monsoon,3.62
TSGWD_3057,Hyderabad,Hyderabad,Telangana Gw,17.398141,78.496983,2019-11-22,2019,11,Post-Monsoon,3.27
TSGWD_3057,Hyderabad,Hyderabad,Telangana Gw,17.398141,78.496983,2019-12-22,2019,12,Post-Monsoon,3.41
TSGWD_3058,Hyderabad,Hyderabad,Telangana Gw,17.428044,78.450174,2007-05-01,2007,5,Pre-Monsoon,0.0
TSGWD_3058,Hyderabad,Hyderabad,Telangana Gw,17.428044,78.450174,2007-06-01,2007,6,Kharif,0.0
TSGWD_3058,Hyderabad,Hyderabad,Telangana Gw,17.428044,78.450174,2007-07-01,2007,7,Kharif,0.0
TSGWD_3058,Hyderabad,Hyderabad,Telangana Gw,17.428044,78.450174,2007-08-01,2007,8,Kharif,0.0
TSGWD_3058,Hyderabad,Hyderabad,Telangana Gw,17.428044,78.450174,2007-09-01,2007,9,Kharif,0.0
TSGWD_3058,Hyderabad,Hyderabad,Telangana Gw,17.428044,78.450174,2007-10-01,2007,10,Post-Monsoon,0.0
TSGWD_3058,Hyderabad,Hyderabad,Telangana Gw,17.428044,78.450174,2007-11-01,2007,11,Post-Monsoon,0.0
TSGWD_3058,Hyderabad,Hyderabad,Telangana Gw,17.428044,78.450174,2007-12-01,2007,12,Post-Monsoon,0.0
TSGWD_3058,Hyderabad,Hyderabad,Telangana Gw,17.428044,78.450174,2008-01-01,2008,1,Rabi,0.0
TSGWD_3058,Hyderabad,Hyderabad,Telangana Gw,17.428044,78.450174,2008-02-01,2008,2,Rabi,0.0
TSGWD_3058,Hyderabad,Hyderabad,Telangana Gw,17.428044,78.450174,2008-03-01,2008,3,Pre-Monsoon,0.0
TSGWD_3058,Hyderabad,Hyderabad,Telangana Gw,17.428044,78.450174,2008-04-01,2008,4,Pre-Monsoon,0.0
TSGWD_3058,Hyderabad,Hyderabad,Telangana Gw,17.428044,78.450174,2008-05-01,2008,5,Pre-Monsoon,0.0
TSGWD_3058,Hyderabad,Hyderabad,Telangana Gw,17.428044,78.450174,2008-06-01,2008,6,Kharif,0.0
TSGWD_3058,Hyderabad,Hyderabad,Telangana Gw,17.428044,78.450174,2008-07-01,2008,7,Kharif,0.0
TSGWD_3058,Hyderabad,Hyderabad,Telangana Gw,17.428044,78.450174,2008-08-01,2008,8,Kharif,0.0
TSGWD_3058,Hyderabad,Hyderabad,Telangana Gw,17.428044,78.450174,2008-09-01,2008,9,Kharif,0.0
TSGWD_3058,Hyderabad,Hyderabad,Telangana Gw,17.428044,78.450174,2008-10-01,2008,10,Post-Monsoon,0.0
TSGWD_3058,Hyderabad,Hyderabad,Telangana Gw,17.428044,78.450174,2008-11-01,2008,11,Post-Monsoon,0.0
TSGWD_3058,Hyderabad,Hyderabad,Telangana Gw,17.428044,78.450174,2008-12-01,2008,12,Post-Monsoon,0.0
TSGWD_3058,Hyderabad,Hyderabad,Telangana Gw,17.428044,78.450174,2009-01-01,2009,1,Rabi,0.0
TSGWD_3058,Hyderabad,Hyderabad,Telangana Gw,17.428044,78.450174,2009-02-01,2009,2,Rabi,0.0
TSGWD_3058,Hyderabad,Hyderabad,Telangana Gw,17.428044,78.450174,2009-03-01,2009,3,Pre-Monsoon,0.0
TSGWD_3058,Hyderabad,Hyderabad,Telangana Gw,17.428044,78.450174,2009-04-01,2009,4,Pre-Monsoon,0.0
TSGWD_3058,Hyderabad,Hyderabad,Telangana Gw,17.428044,78.450174,2009-05-01,2009,5,Pre-Monsoon,0.0
TSGWD_3058,Hyderabad,Hyderabad,Telangana Gw,17.428044,78.450174,2009-06-01,2009,6,Kharif,0.0
TSGWD_3058,Hyderabad,Hyderabad,Telangana Gw,17.428044,78.450174,2009-07-01,2009,7,Kharif,0.0
TSGWD_3058,Hyderabad,Hyderabad,Telangana Gw,17.428044,78.450174,2009-08-01,2009,8,Kharif,0.0
TSGWD_3058,Hyderabad,Hyderabad,Telangana Gw,17.428044,78.450174,2009-09-01,2009,9,Kharif,0.0
TSGWD_3058,Hyderabad,Hyderabad,Telangana Gw,17.428044,78.450174,2009-10-01,2009,10,Post-Monsoon,0.0
TSGWD_3058,Hyderabad,Hyderabad,Telangana Gw,17.428044,78.450174,2009-11-01,2009,11,Post-Monsoon,0.0
TSGWD_3058,Hyderabad,Hyderabad,Telangana Gw,17.428044,78.450174,2009-12-01,2009,12,Post-Monsoon,0.0
TSGWD_3058,Hyderabad,Hyderabad,Telangana Gw,17.428044,78.450174,2010-01-01,2010,1,Rabi,0.0
TSGWD_3058,Hyderabad,Hyderabad,Telangana Gw,17.428044,78.450174,2010-02-01,2010,2,Rabi,0.0
TSGWD_3058,Hyderabad,Hyderabad,Telangana Gw,17.428044,78.450174,2010-03-01,2010,3,Pre-Monsoon,0.0
TSGWD_3058,Hyderabad,Hyderabad,Telangana Gw,17.428044,78.450174,2010-04-01,2010,4,Pre-Monsoon,0.0
TSGWD_3058,Hyderabad,Hyderabad,Telangana Gw,17.428044,78.450174,2010-05-01,2010,5,Pre-Monsoon,0.0
TSGWD_3058,Hyderabad,Hyderabad,Telangana Gw,17.428044,78.450174,2010-06-01,2010,6,Kharif,0.0
TSGWD_3058,Hyderabad,Hyderabad,Telangana Gw,17.428044,78.450174,2010-07-01,2010,7,Kharif,0.0
TSGWD_3058,Hyderabad,Hyderabad,Telangana Gw,17.428044,78.450174,2010-08-01,2010,8,Kharif,0.0
TSGWD_3058,Hyderabad,Hyderabad,Telangana Gw,17.428044,78.450174,2010-09-01,2010,9,Kharif,0.0
TSGWD_3058,Hyderabad,Hyderabad,Telangana Gw,17.428044,78.450174,2010-10-01,2010,10,Post-Monsoon,0.0
TSGWD_3058,Hyderabad,Hyderabad,Telangana Gw,17.428044,78.450174,2010-11-01,2010,11,Post-Monsoon,0.0
TSGWD_3058,Hyderabad,Hyderabad,Telangana Gw,17.428044,78.450174,2010-12-01,2010,12,Post-Monsoon,0.0
TSGWD_3058,Hyderabad,Hyderabad,Telangana Gw,17.428044,78.450174,2011-01-01,2011,1,Rabi,0.0
TSGWD_3058,Hyderabad,Hyderabad,Telangana Gw,17.428044,78.450174,2011-02-01,2011,2,Rabi,0.0
TSGWD_3058,Hyderabad,Hyderabad,Telangana Gw,17.428044,78.450174,2011-03-01,2011,3,Pre-Monsoon,0.0
TSGWD_3058,Hyderabad,Hyderabad,Telangana Gw,17.428044,78.450174,2011-04-01,2011,4,Pre-Monsoon,0.0
TSGWD_3058,Hyderabad,Hyderabad,Telangana Gw,17.428044,78.450174,2011-05-01,2011,5,Pre-Monsoon,0.0
TSGWD_3058,Hyderabad,Hyderabad,Telangana Gw,17.428044,78.450174,2011-06-01,2011,6,Kharif,0.0
TSGWD_3058,Hyderabad,Hyderabad,Telangana Gw,17.428044,78.450174,2011-07-01,2011,7,Kharif,0.0
TSGWD_3058,Hyderabad,Hyderabad,Telangana Gw,17.428044,78.450174,2011-08-01,2011,8,Kharif,0.0
TSGWD_3058,Hyderabad,Hyderabad,Telangana Gw,17.428044,78.450174,2011-09-01,2011,9,Kharif,0.0
TSGWD_3058,Hyderabad,Hyderabad,Telangana Gw,17.428044,78.450174,2011-10-01,2011,10,Post-Monsoon,0.0
TSGWD_3058,Hyderabad,Hyderabad,Telangana Gw,17.428044,78.450174,2011-11-01,2011,11,Post-Monsoon,0.0
TSGWD_3058,Hyderabad,Hyderabad,Telangana Gw,17.428044,78.450174,2011-12-01,2011,12,Post-Monsoon,0.0
TSGWD_3058,Hyderabad,Hyderabad,Telangana Gw,17.428044,78.450174,2012-01-01,2012,1,Rabi,0.0
TSGWD_3058,Hyderabad,Hyderabad,Telangana Gw,17.428044,78.450174,2012-02-01,2012,2,Rabi,0.0
TSGWD_3058,Hyderabad,Hyderabad,Telangana Gw,17.428044,78.450174,2012-03-01,2012,3,Pre-Monsoon,0.0
TSGWD_3058,Hyderabad,Hyderabad,Telangana Gw,17.428044,78.450174,2012-04-01,2012,4,Pre-Monsoon,0.0
TSGWD_3058,Hyderabad,Hyderabad,Telangana Gw,17.428044,78.450174,2012-05-01,2012,5,Pre-Monsoon,0.0
TSGWD_3058,Hyderabad,Hyderabad,Telangana Gw,17.428044,78.450174,2012-06-01,2012,6,Kharif,0.0
TSGWD_3058,Hyderabad,Hyderabad,Telangana Gw,17.428044,78.450174,2012-07-01,2012,7,Kharif,0.0
TSGWD_3058,Hyderabad,Hyderabad,Telangana Gw,17.428044,78.450174,2012-08-01,2012,8,Kharif,0.0
TSGWD_3058,Hyderabad,Hyderabad,Telangana Gw,17.428044,78.450174,2012-09-01,2012,9,Kharif,0.0
TSGWD_3058,Hyderabad,Hyderabad,Telangana Gw,17.428044,78.450174,2012-10-01,2012,10,Post-Monsoon,0.0
TSGWD_3058,Hyderabad,Hyderabad,Telangana Gw,17.428044,78.450174,2012-11-01,2012,11,Post-Monsoon,0.0
TSGWD_3058,Hyderabad,Hyderabad,Telangana Gw,17.428044,78.450174,2012-12-01,2012,12,Post-Monsoon,0.0
TSGWD_3058,Hyderabad,Hyderabad,Telangana Gw,17.428044,78.450174,2013-01-01,2013,1,Rabi,0.0
TSGWD_3058,Hyderabad,Hyderabad,Telangana Gw,17.428044,78.450174,2013-02-01,2013,2,Rabi,0.0
TSGWD_3058,Hyderabad,Hyderabad,Telangana Gw,17.428044,78.450174,2013-03-01,2013,3,Pre-Monsoon,0.0
TSGWD_3058,Hyderabad,Hyderabad,Telangana Gw,17.428044,78.450174,2013-04-01,2013,4,Pre-Monsoon,0.0
TSGWD_3058,Hyderabad,Hyderabad,Telangana Gw,17.428044,78.450174,2013-05-01,2013,5,Pre-Monsoon,0.0
TSGWD_3058,Hyderabad,Hyderabad,Telangana Gw,17.428044,78.450174,2013-06-01,2013,6,Kharif,0.0
TSGWD_3058,Hyderabad,Hyderabad,Telangana Gw,17.428044,78.450174,2013-07-01,2013,7,Kharif,0.0
TSGWD_3058,Hyderabad,Hyderabad,Telangana Gw,17.428044,78.450174,2013-08-01,2013,8,Kharif,0.0
TSGWD_3058,Hyderabad,Hyderabad,Telangana Gw,17.428044,78.450174,2013-09-01,2013,9,Kharif,0.0
TSGWD_3058,Hyderabad,Hyderabad,Telangana Gw,17.428044,78.450174,2013-10-01,2013,10,Post-Monsoon,0.0
TSGWD_3058,Hyderabad,Hyderabad,Telangana Gw,17.428044,78.450174,2013-11-01,2013,11,Post-Monsoon,0.0
TSGWD_3058,Hyderabad,Hyderabad,Telangana Gw,17.428044,78.450174,2013-12-01,2013,12,Post-Monsoon,0.0
TSGWD_3058,Hyderabad,Hyderabad,Telangana Gw,17.428044,78.450174,2014-01-01,2014,1,Rabi,0.0
TSGWD_3058,Hyderabad,Hyderabad,Telangana Gw,17.428044,78.450174,2014-02-01,2014,2,Rabi,0.0
TSGWD_3058,Hyderabad,Hyderabad,Telangana Gw,17.428044,78.450174,2014-03-01,2014,3,Pre-Monsoon,0.0
TSGWD_3058,Hyderabad,Hyderabad,Telangana Gw,17.428044,78.450174,2014-04-01,2014,4,Pre-Monsoon,0.0
TSGWD_3058,Hyderabad,Hyderabad,Telangana Gw,17.428044,78.450174,2014-05-01,2014,5,Pre-Monsoon,0.0
TSGWD_3058,Hyderabad,Hyderabad,Telangana Gw,17.428044,78.450174,2014-06-01,2014,6,Kharif,0.0
TSGWD_3058,Hyderabad,Hyderabad,Telangana Gw,17.428044,78.450174,2014-07-01,2014,7,Kharif,0.0
TSGWD_3058,Hyderabad,Hyderabad,Telangana Gw,17.428044,78.450174,2014-08-01,2014,8,Kharif,0.0
TSGWD_3058,Hyderabad,Hyderabad,Telangana Gw,17.428044,78.450174,2014-09-01,2014,9,Kharif,0.0
TSGWD_3058,Hyderabad,Hyderabad,Telangana Gw,17.428044,78.450174,2014-10-01,2014,10,Post-Monsoon,0.0
TSGWD_3058,Hyderabad,Hyderabad,Telangana Gw,17.428044,78.450174,2014-11-01,2014,11,Post-Monsoon,0.0
TSGWD_3058,Hyderabad,Hyderabad,Telangana Gw,17.428044,78.450174,2014-12-01,2014,12,Post-Monsoon,0.0
TSGWD_3058,Hyderabad,Hyderabad,Telangana Gw,17.428044,78.450174,2015-01-01,2015,1,Rabi,0.0
TSGWD_3058,Hyderabad,Hyderabad,Telangana Gw,17.428044,78.450174,2015-02-01,2015,2,Rabi,0.0
TSGWD_3058,Hyderabad,Hyderabad,Telangana Gw,17.428044,78.450174,2015-03-01,2015,3,Pre-Monsoon,0.0
TSGWD_3058,Hyderabad,Hyderabad,Telangana Gw,17.428044,78.450174,2015-04-01,2015,4,Pre-Monsoon,0.0
TSGWD_3058,Hyderabad,Hyderabad,Telangana Gw,17.428044,78.450174,2015-05-01,2015,5,Pre-Monsoon,0.0
TSGWD_3058,Hyderabad,Hyderabad,Telangana Gw,17.428044,78.450174,2015-06-01,2015,6,Kharif,0.0
TSGWD_3058,Hyderabad,Hyderabad,Telangana Gw,17.428044,78.450174,2015-07-01,2015,7,Kharif,0.0
TSGWD_3058,Hyderabad,Hyderabad,Telangana Gw,17.428044,78.450174,2015-08-01,2015,8,Kharif,0.0
TSGWD_3058,Hyderabad,Hyderabad,Telangana Gw,17.428044,78.450174,2015-09-01,2015,9,Kharif,0.0
TSGWD_3058,Hyderabad,Hyderabad,Telangana Gw,17.428044,78.450174,2015-10-01,2015,10,Post-Monsoon,0.0
TSGWD_3058,Hyderabad,Hyderabad,Telangana Gw,17.428044,78.450174,2015-11-01,2015,11,Post-Monsoon,0.0
TSGWD_3058,Hyderabad,Hyderabad,Telangana Gw,17.428044,78.450174,2015-12-01,2015,12,Post-Monsoon,0.0
TSGWD_3058,Hyderabad,Hyderabad,Telangana Gw,17.428044,78.450174,2016-01-01,2016,1,Rabi,0.0
TSGWD_3058,Hyderabad,Hyderabad,Telangana Gw,17.428044,78.450174,2016-02-01,2016,2,Rabi,0.0
TSGWD_3058,Hyderabad,Hyderabad,Telangana Gw,17.428044,78.450174,2016-03-01,2016,3,Pre-Monsoon,0.0
TSGWD_3058,Hyderabad,Hyderabad,Telangana Gw,17.428044,78.450174,2016-04-01,2016,4,Pre-Monsoon,0.0
TSGWD_3058,Hyderabad,Hyderabad,Telangana Gw,17.428044,78.450174,2016-05-01,2016,5,Pre-Monsoon,0.0
TSGWD_3058,Hyderabad,Hyderabad,Telangana Gw,17.428044,78.450174,2016-06-01,2016,6,Kharif,0.0
TSGWD_3058,Hyderabad,Hyderabad,Telangana Gw,17.428044,78.450174,2016-07-01,2016,7,Kharif,0.0
TSGWD_3058,Hyderabad,Hyderabad,Telangana Gw,17.428044,78.450174,2016-08-01,2016,8,Kharif,0.0
TSGWD_3058,Hyderabad,Hyderabad,Telangana Gw,17.428044,78.450174,2016-09-01,2016,9,Kharif,0.0
TSGWD_3058,Hyderabad,Hyderabad,Telangana Gw,17.428044,78.450174,2016-10-01,2016,10,Post-Monsoon,0.0
TSGWD_3058,Hyderabad,Hyderabad,Telangana Gw,17.428044,78.450174,2016-11-01,2016,11,Post-Monsoon,0.0
TSGWD_3058,Hyderabad,Hyderabad,Telangana Gw,17.428044,78.450174,2016-12-01,2016,12,Post-Monsoon,0.0
TSGWD_3058,Hyderabad,Hyderabad,Telangana Gw,17.428044,78.450174,2018-02-18,2018,2,Rabi,0.0
TSGWD_3058,Hyderabad,Hyderabad,Telangana Gw,17.428044,78.450174,2018-03-18,2018,3,Pre-Monsoon,0.0
TSGWD_3058,Hyderabad,Hyderabad,Telangana Gw,17.428044,78.450174,2018-04-18,2018,4,Pre-Monsoon,12.39
TSGWD_3058,Hyderabad,Hyderabad,Telangana Gw,17.428044,78.450174,2018-05-18,2018,5,Pre-Monsoon,11.8
TSGWD_3058,Hyderabad,Hyderabad,Telangana Gw,17.428044,78.450174,2018-06-18,2018,6,Kharif,13.2
TSGWD_3058,Hyderabad,Hyderabad,Telangana Gw,17.428044,78.450174,2018-07-18,2018,7,Kharif,12.77
TSGWD_3058,Hyderabad,Hyderabad,Telangana Gw,17.428044,78.450174,2018-08-18,2018,8,Kharif,11.06
TSGWD_3058,Hyderabad,Hyderabad,Telangana Gw,17.428044,78.450174,2018-09-18,2018,9,Kharif,10.04
TSGWD_3058,Hyderabad,Hyderabad,Telangana Gw,17.428044,78.450174,2018-10-18,2018,10,Post-Monsoon,9.18
TSGWD_3058,Hyderabad,Hyderabad,Telangana Gw,17.428044,78.450174,2018-11-18,2018,11,Post-Monsoon,10.03
TSGWD_3058,Hyderabad,Hyderabad,Telangana Gw,17.428044,78.450174,2018-12-18,2018,12,Post-Monsoon,11.04
TSGWD_3058,Hyderabad,Hyderabad,Telangana Gw,17.428044,78.450174,2019-01-18,2019,1,Rabi,11.59
TSGWD_3058,Hyderabad,Hyderabad,Telangana Gw,17.428044,78.450174,2019-02-01,2019,2,Rabi,12.04
TSGWD_3058,Hyderabad,Hyderabad,Telangana Gw,17.428044,78.450174,2019-03-01,2019,3,Pre-Monsoon,14.2
TSGWD_3058,Hyderabad,Hyderabad,Telangana Gw,17.428044,78.450174,2019-04-01,2019,4,Pre-Monsoon,14.66
TSGWD_3058,Hyderabad,Hyderabad,Telangana Gw,17.428044,78.450174,2019-05-19,2019,5,Pre-Monsoon,14.78
TSGWD_3058,Hyderabad,Hyderabad,Telangana Gw,17.428044,78.450174,2019-06-19,2019,6,Kharif,14.7
TSGWD_3058,Hyderabad,Hyderabad,Telangana Gw,17.428044,78.450174,2019-07-01,2019,7,Kharif,13.39
TSGWD_3058,Hyderabad,Hyderabad,Telangana Gw,17.428044,78.450174,2019-08-01,2019,8,Kharif,10.87
TSGWD_3058,Hyderabad,Hyderabad,Telangana Gw,17.428044,78.450174,2019-09-01,2019,9,Kharif,9.71
TSGWD_3058,Hyderabad,Hyderabad,Telangana Gw,17.428044,78.450174,2019-10-22,2019,10,Post-Monsoon,15.79
TSGWD_3058,Hyderabad,Hyderabad,Telangana Gw,17.428044,78.450174,2019-11-22,2019,11,Post-Monsoon,3.65
TSGWD_3058,Hyderabad,Hyderabad,Telangana Gw,17.428044,78.450174,2019-12-22,2019,12,Post-Monsoon,9.86
TSGWD_3059,Hyderabad,Hyderabad,Telangana Gw,17.427717,78.44964,2007-05-01,2007,5,Pre-Monsoon,0.0
TSGWD_3059,Hyderabad,Hyderabad,Telangana Gw,17.427717,78.44964,2007-06-01,2007,6,Kharif,0.0
TSGWD_3059,Hyderabad,Hyderabad,Telangana Gw,17.427717,78.44964,2007-07-01,2007,7,Kharif,0.0
TSGWD_3059,Hyderabad,Hyderabad,Telangana Gw,17.427717,78.44964,2007-08-01,2007,8,Kharif,0.0
TSGWD_3059,Hyderabad,Hyderabad,Telangana Gw,17.427717,78.44964,2007-09-01,2007,9,Kharif,0.0
TSGWD_3059,Hyderabad,Hyderabad,Telangana Gw,17.427717,78.44964,2007-10-01,2007,10,Post-Monsoon,0.0
TSGWD_3059,Hyderabad,Hyderabad,Telangana Gw,17.427717,78.44964,2007-11-01,2007,11,Post-Monsoon,0.0
TSGWD_3059,Hyderabad,Hyderabad,Telangana Gw,17.427717,78.44964,2007-12-01,2007,12,Post-Monsoon,0.0
TSGWD_3059,Hyderabad,Hyderabad,Telangana Gw,17.427717,78.44964,2008-01-01,2008,1,Rabi,0.0
TSGWD_3059,Hyderabad,Hyderabad,Telangana Gw,17.427717,78.44964,2008-02-01,2008,2,Rabi,0.0
TSGWD_3059,Hyderabad,Hyderabad,Telangana Gw,17.427717,78.44964,2008-03-01,2008,3,Pre-Monsoon,0.0
TSGWD_3059,Hyderabad,Hyderabad,Telangana Gw,17.427717,78.44964,2008-04-01,2008,4,Pre-Monsoon,0.0
TSGWD_3059,Hyderabad,Hyderabad,Telangana Gw,17.427717,78.44964,2008-05-01,2008,5,Pre-Monsoon,0.0
TSGWD_3059,Hyderabad,Hyderabad,Telangana Gw,17.427717,78.44964,2008-06-01,2008,6,Kharif,0.0
TSGWD_3059,Hyderabad,Hyderabad,Telangana Gw,17.427717,78.44964,2008-07-01,2008,7,Kharif,0.0
TSGWD_3059,Hyderabad,Hyderabad,Telangana Gw,17.427717,78.44964,2008-08-01,2008,8,Kharif,0.0
TSGWD_3059,Hyderabad,Hyderabad,Telangana Gw,17.427717,78.44964,2008-09-01,2008,9,Kharif,0.0
TSGWD_3059,Hyderabad,Hyderabad,Telangana Gw,17.427717,78.44964,2008-10-01,2008,10,Post-Monsoon,0.0
TSGWD_3059,Hyderabad,Hyderabad,Telangana Gw,17.427717,78.44964,2008-11-01,2008,11,Post-Monsoon,0.0
TSGWD_3059,Hyderabad,Hyderabad,Telangana Gw,17.427717,78.44964,2008-12-01,2008,12,Post-Monsoon,0.0
TSGWD_3059,Hyderabad,Hyderabad,Telangana Gw,17.427717,78.44964,2009-01-01,2009,1,Rabi,0.0
TSGWD_3059,Hyderabad,Hyderabad,Telangana Gw,17.427717,78.44964,2009-02-01,2009,2,Rabi,0.0
TSGWD_3059,Hyderabad,Hyderabad,Telangana Gw,17.427717,78.44964,2009-03-01,2009,3,Pre-Monsoon,0.0
TSGWD_3059,Hyderabad,Hyderabad,Telangana Gw,17.427717,78.44964,2009-04-01,2009,4,Pre-Monsoon,0.0
TSGWD_3059,Hyderabad,Hyderabad,Telangana Gw,17.427717,78.44964,2009-05-01,2009,5,Pre-Monsoon,0.0
TSGWD_3059,Hyderabad,Hyderabad,Telangana Gw,17.427717,78.44964,2009-06-01,2009,6,Kharif,0.0
TSGWD_3059,Hyderabad,Hyderabad,Telangana Gw,17.427717,78.44964,2009-07-01,2009,7,Kharif,0.0
TSGWD_3059,Hyderabad,Hyderabad,Telangana Gw,17.427717,78.44964,2009-08-01,2009,8,Kharif,0.0
TSGWD_3059,Hyderabad,Hyderabad,Telangana Gw,17.427717,78.44964,2009-09-01,2009,9,Kharif,0.0
TSGWD_3059,Hyderabad,Hyderabad,Telangana Gw,17.427717,78.44964,2009-10-01,2009,10,Post-Monsoon,0.0
TSGWD_3059,Hyderabad,Hyderabad,Telangana Gw,17.427717,78.44964,2009-11-01,2009,11,Post-Monsoon,0.0
TSGWD_3059,Hyderabad,Hyderabad,Telangana Gw,17.427717,78.44964,2009-12-01,2009,12,Post-Monsoon,0.0
TSGWD_3059,Hyderabad,Hyderabad,Telangana Gw,17.427717,78.44964,2010-01-01,2010,1,Rabi,0.0
TSGWD_3059,Hyderabad,Hyderabad,Telangana Gw,17.427717,78.44964,2010-02-01,2010,2,Rabi,0.0
TSGWD_3059,Hyderabad,Hyderabad,Telangana Gw,17.427717,78.44964,2010-03-01,2010,3,Pre-Monsoon,0.0
TSGWD_3059,Hyderabad,Hyderabad,Telangana Gw,17.427717,78.44964,2010-04-01,2010,4,Pre-Monsoon,0.0
TSGWD_3059,Hyderabad,Hyderabad,Telangana Gw,17.427717,78.44964,2010-05-01,2010,5,Pre-Monsoon,0.0
TSGWD_3059,Hyderabad,Hyderabad,Telangana Gw,17.427717,78.44964,2010-06-01,2010,6,Kharif,0.0
TSGWD_3059,Hyderabad,Hyderabad,Telangana Gw,17.427717,78.44964,2010-07-01,2010,7,Kharif,0.0
TSGWD_3059,Hyderabad,Hyderabad,Telangana Gw,17.427717,78.44964,2010-08-01,2010,8,Kharif,0.0
TSGWD_3059,Hyderabad,Hyderabad,Telangana Gw,17.427717,78.44964,2010-09-01,2010,9,Kharif,0.0
TSGWD_3059,Hyderabad,Hyderabad,Telangana Gw,17.427717,78.44964,2010-10-01,2010,10,Post-Monsoon,0.0
TSGWD_3059,Hyderabad,Hyderabad,Telangana Gw,17.427717,78.44964,2010-11-01,2010,11,Post-Monsoon,0.0
TSGWD_3059,Hyderabad,Hyderabad,Telangana Gw,17.427717,78.44964,2010-12-01,2010,12,Post-Monsoon,0.0
TSGWD_3059,Hyderabad,Hyderabad,Telangana Gw,17.427717,78.44964,2011-01-01,2011,1,Rabi,0.0
TSGWD_3059,Hyderabad,Hyderabad,Telangana Gw,17.427717,78.44964,2011-02-01,2011,2,Rabi,0.0
TSGWD_3059,Hyderabad,Hyderabad,Telangana Gw,17.427717,78.44964,2011-03-01,2011,3,Pre-Monsoon,0.0
TSGWD_3059,Hyderabad,Hyderabad,Telangana Gw,17.427717,78.44964,2011-04-01,2011,4,Pre-Monsoon,0.0
TSGWD_3059,Hyderabad,Hyderabad,Telangana Gw,17.427717,78.44964,2011-05-01,2011,5,Pre-Monsoon,0.0
TSGWD_3059,Hyderabad,Hyderabad,Telangana Gw,17.427717,78.44964,2011-06-01,2011,6,Kharif,0.0
TSGWD_3059,Hyderabad,Hyderabad,Telangana Gw,17.427717,78.44964,2011-07-01,2011,7,Kharif,0.0
TSGWD_3059,Hyderabad,Hyderabad,Telangana Gw,17.427717,78.44964,2011-08-01,2011,8,Kharif,0.0
TSGWD_3059,Hyderabad,Hyderabad,Telangana Gw,17.427717,78.44964,2011-09-01,2011,9,Kharif,0.0
TSGWD_3059,Hyderabad,Hyderabad,Telangana Gw,17.427717,78.44964,2011-10-01,2011,10,Post-Monsoon,0.0
TSGWD_3059,Hyderabad,Hyderabad,Telangana Gw,17.427717,78.44964,2011-11-01,2011,11,Post-Monsoon,0.0
TSGWD_3059,Hyderabad,Hyderabad,Telangana Gw,17.427717,78.44964,2011-12-01,2011,12,Post-Monsoon,0.0
TSGWD_3059,Hyderabad,Hyderabad,Telangana Gw,17.427717,78.44964,2012-01-01,2012,1,Rabi,0.0
TSGWD_3059,Hyderabad,Hyderabad,Telangana Gw,17.427717,78.44964,2012-02-01,2012,2,Rabi,0.0
TSGWD_3059,Hyderabad,Hyderabad,Telangana Gw,17.427717,78.44964,2012-03-01,2012,3,Pre-Monsoon,0.0
TSGWD_3059,Hyderabad,Hyderabad,Telangana Gw,17.427717,78.44964,2012-04-01,2012,4,Pre-Monsoon,0.0
TSGWD_3059,Hyderabad,Hyderabad,Telangana Gw,17.427717,78.44964,2012-05-01,2012,5,Pre-Monsoon,0.0
TSGWD_3059,Hyderabad,Hyderabad,Telangana Gw,17.427717,78.44964,2012-06-01,2012,6,Kharif,0.0
TSGWD_3059,Hyderabad,Hyderabad,Telangana Gw,17.427717,78.44964,2012-07-01,2012,7,Kharif,0.0
TSGWD_3059,Hyderabad,Hyderabad,Telangana Gw,17.427717,78.44964,2012-08-01,2012,8,Kharif,0.0
TSGWD_3059,Hyderabad,Hyderabad,Telangana Gw,17.427717,78.44964,2012-09-01,2012,9,Kharif,0.0
TSGWD_3059,Hyderabad,Hyderabad,Telangana Gw,17.427717,78.44964,2012-10-01,2012,10,Post-Monsoon,0.0
TSGWD_3059,Hyderabad,Hyderabad,Telangana Gw,17.427717,78.44964,2012-11-01,2012,11,Post-Monsoon,0.0
TSGWD_3059,Hyderabad,Hyderabad,Telangana Gw,17.427717,78.44964,2012-12-01,2012,12,Post-Monsoon,0.0
TSGWD_3059,Hyderabad,Hyderabad,Telangana Gw,17.427717,78.44964,2013-01-01,2013,1,Rabi,0.0
TSGWD_3059,Hyderabad,Hyderabad,Telangana Gw,17.427717,78.44964,2013-02-01,2013,2,Rabi,0.0
TSGWD_3059,Hyderabad,Hyderabad,Telangana Gw,17.427717,78.44964,2013-03-01,2013,3,Pre-Monsoon,0.0
TSGWD_3059,Hyderabad,Hyderabad,Telangana Gw,17.427717,78.44964,2013-04-01,2013,4,Pre-Monsoon,0.0
TSGWD_3059,Hyderabad,Hyderabad,Telangana Gw,17.427717,78.44964,2013-05-01,2013,5,Pre-Monsoon,0.0
TSGWD_3059,Hyderabad,Hyderabad,Telangana Gw,17.427717,78.44964,2013-06-01,2013,6,Kharif,0.0
TSGWD_3059,Hyderabad,Hyderabad,Telangana Gw,17.427717,78.44964,2013-07-01,2013,7,Kharif,0.0
TSGWD_3059,Hyderabad,Hyderabad,Telangana Gw,17.427717,78.44964,2013-08-01,2013,8,Kharif,0.0
TSGWD_3059,Hyderabad,Hyderabad,Telangana Gw,17.427717,78.44964,2013-09-01,2013,9,Kharif,0.0
TSGWD_3059,Hyderabad,Hyderabad,Telangana Gw,17.427717,78.44964,2013-10-01,2013,10,Post-Monsoon,0.0
TSGWD_3059,Hyderabad,Hyderabad,Telangana Gw,17.427717,78.44964,2013-11-01,2013,11,Post-Monsoon,0.0
TSGWD_3059,Hyderabad,Hyderabad,Telangana Gw,17.427717,78.44964,2013-12-01,2013,12,Post-Monsoon,0.0
TSGWD_3059,Hyderabad,Hyderabad,Telangana Gw,17.427717,78.44964,2014-01-01,2014,1,Rabi,0.0
TSGWD_3059,Hyderabad,Hyderabad,Telangana Gw,17.427717,78.44964,2014-02-01,2014,2,Rabi,0.0
TSGWD_3059,Hyderabad,Hyderabad,Telangana Gw,17.427717,78.44964,2014-03-01,2014,3,Pre-Monsoon,0.0
TSGWD_3059,Hyderabad,Hyderabad,Telangana Gw,17.427717,78.44964,2014-04-01,2014,4,Pre-Monsoon,0.0
TSGWD_3059,Hyderabad,Hyderabad,Telangana Gw,17.427717,78.44964,2014-05-01,2014,5,Pre-Monsoon,0.0
TSGWD_3059,Hyderabad,Hyderabad,Telangana Gw,17.427717,78.44964,2014-06-01,2014,6,Kharif,0.0
TSGWD_3059,Hyderabad,Hyderabad,Telangana Gw,17.427717,78.44964,2014-07-01,2014,7,Kharif,0.0
TSGWD_3059,Hyderabad,Hyderabad,Telangana Gw,17.427717,78.44964,2014-08-01,2014,8,Kharif,0.0
TSGWD_3059,Hyderabad,Hyderabad,Telangana Gw,17.427717,78.44964,2014-09-01,2014,9,Kharif,0.0
TSGWD_3059,Hyderabad,Hyderabad,Telangana Gw,17.427717,78.44964,2014-10-01,2014,10,Post-Monsoon,0.0
TSGWD_3059,Hyderabad,Hyderabad,Telangana Gw,17.427717,78.44964,2014-11-01,2014,11,Post-Monsoon,0.0
TSGWD_3059,Hyderabad,Hyderabad,Telangana Gw,17.427717,78.44964,2014-12-01,2014,12,Post-Monsoon,0.0
TSGWD_3059,Hyderabad,Hyderabad,Telangana Gw,17.427717,78.44964,2015-01-01,2015,1,Rabi,0.0
TSGWD_3059,Hyderabad,Hyderabad,Telangana Gw,17.427717,78.44964,2015-02-01,2015,2,Rabi,0.0
TSGWD_3059,Hyderabad,Hyderabad,Telangana Gw,17.427717,78.44964,2015-03-01,2015,3,Pre-Monsoon,0.0
TSGWD_3059,Hyderabad,Hyderabad,Telangana Gw,17.427717,78.44964,2015-04-01,2015,4,Pre-Monsoon,0.0
TSGWD_3059,Hyderabad,Hyderabad,Telangana Gw,17.427717,78.44964,2015-05-01,2015,5,Pre-Monsoon,0.0
TSGWD_3059,Hyderabad,Hyderabad,Telangana Gw,17.427717,78.44964,2015-06-01,2015,6,Kharif,0.0
TSGWD_3059,Hyderabad,Hyderabad,Telangana Gw,17.427717,78.44964,2015-07-01,2015,7,Kharif,0.0
TSGWD_3059,Hyderabad,Hyderabad,Telangana Gw,17.427717,78.44964,2015-08-01,2015,8,Kharif,0.0
TSGWD_3059,Hyderabad,Hyderabad,Telangana Gw,17.427717,78.44964,2015-09-01,2015,9,Kharif,0.0
TSGWD_3059,Hyderabad,Hyderabad,Telangana Gw,17.427717,78.44964,2015-10-01,2015,10,Post-Monsoon,0.0
TSGWD_3059,Hyderabad,Hyderabad,Telangana Gw,17.427717,78.44964,2015-11-01,2015,11,Post-Monsoon,0.0
TSGWD_3059,Hyderabad,Hyderabad,Telangana Gw,17.427717,78.44964,2015-12-01,2015,12,Post-Monsoon,0.0
TSGWD_3059,Hyderabad,Hyderabad,Telangana Gw,17.427717,78.44964,2016-01-01,2016,1,Rabi,0.0
TSGWD_3059,Hyderabad,Hyderabad,Telangana Gw,17.427717,78.44964,2016-02-01,2016,2,Rabi,0.0
TSGWD_3059,Hyderabad,Hyderabad,Telangana Gw,17.427717,78.44964,2016-03-01,2016,3,Pre-Monsoon,0.0
TSGWD_3059,Hyderabad,Hyderabad,Telangana Gw,17.427717,78.44964,2016-04-01,2016,4,Pre-Monsoon,0.0
TSGWD_3059,Hyderabad,Hyderabad,Telangana Gw,17.427717,78.44964,2016-05-01,2016,5,Pre-Monsoon,0.0
TSGWD_3059,Hyderabad,Hyderabad,Telangana Gw,17.427717,78.44964,2016-06-01,2016,6,Kharif,0.0
TSGWD_3059,Hyderabad,Hyderabad,Telangana Gw,17.427717,78.44964,2016-07-01,2016,7,Kharif,0.0
TSGWD_3059,Hyderabad,Hyderabad,Telangana Gw,17.427717,78.44964,2016-08-01,2016,8,Kharif,0.0
TSGWD_3059,Hyderabad,Hyderabad,Telangana Gw,17.427717,78.44964,2016-09-01,2016,9,Kharif,0.0
TSGWD_3059,Hyderabad,Hyderabad,Telangana Gw,17.427717,78.44964,2016-10-01,2016,10,Post-Monsoon,0.0
TSGWD_3059,Hyderabad,Hyderabad,Telangana Gw,17.427717,78.44964,2016-11-01,2016,11,Post-Monsoon,0.0
TSGWD_3059,Hyderabad,Hyderabad,Telangana Gw,17.427717,78.44964,2016-12-01,2016,12,Post-Monsoon,0.0
TSGWD_3059,Hyderabad,Hyderabad,Telangana Gw,17.427717,78.44964,2018-02-18,2018,2,Rabi,0.0
TSGWD_3059,Hyderabad,Hyderabad,Telangana Gw,17.427717,78.44964,2018-03-18,2018,3,Pre-Monsoon,0.0
TSGWD_3059,Hyderabad,Hyderabad,Telangana Gw,17.427717,78.44964,2018-04-18,2018,4,Pre-Monsoon,12.5
TSGWD_3059,Hyderabad,Hyderabad,Telangana Gw,17.427717,78.44964,2018-05-18,2018,5,Pre-Monsoon,11.95
TSGWD_3059,Hyderabad,Hyderabad,Telangana Gw,17.427717,78.44964,2018-06-18,2018,6,Kharif,13.35
TSGWD_3059,Hyderabad,Hyderabad,Telangana Gw,17.427717,78.44964,2018-07-18,2018,7,Kharif,12.89
TSGWD_3059,Hyderabad,Hyderabad,Telangana Gw,17.427717,78.44964,2018-08-18,2018,8,Kharif,11.08
TSGWD_3059,Hyderabad,Hyderabad,Telangana Gw,17.427717,78.44964,2018-09-18,2018,9,Kharif,10.28
TSGWD_3059,Hyderabad,Hyderabad,Telangana Gw,17.427717,78.44964,2018-10-18,2018,10,Post-Monsoon,9.48
TSGWD_3059,Hyderabad,Hyderabad,Telangana Gw,17.427717,78.44964,2018-11-18,2018,11,Post-Monsoon,10.05
TSGWD_3059,Hyderabad,Hyderabad,Telangana Gw,17.427717,78.44964,2018-12-18,2018,12,Post-Monsoon,11.06
TSGWD_3059,Hyderabad,Hyderabad,Telangana Gw,17.427717,78.44964,2019-01-18,2019,1,Rabi,11.61
TSGWD_3059,Hyderabad,Hyderabad,Telangana Gw,17.427717,78.44964,2019-02-01,2019,2,Rabi,12.61
TSGWD_3059,Hyderabad,Hyderabad,Telangana Gw,17.427717,78.44964,2019-03-01,2019,3,Pre-Monsoon,14.25
TSGWD_3059,Hyderabad,Hyderabad,Telangana Gw,17.427717,78.44964,2019-04-01,2019,4,Pre-Monsoon,14.7
TSGWD_3059,Hyderabad,Hyderabad,Telangana Gw,17.427717,78.44964,2019-05-19,2019,5,Pre-Monsoon,14.84
TSGWD_3059,Hyderabad,Hyderabad,Telangana Gw,17.427717,78.44964,2019-06-19,2019,6,Kharif,14.74
TSGWD_3059,Hyderabad,Hyderabad,Telangana Gw,17.427717,78.44964,2019-07-01,2019,7,Kharif,13.41
TSGWD_3059,Hyderabad,Hyderabad,Telangana Gw,17.427717,78.44964,2019-08-01,2019,8,Kharif,11.17
TSGWD_3059,Hyderabad,Hyderabad,Telangana Gw,17.427717,78.44964,2019-09-01,2019,9,Kharif,9.85
TSGWD_3059,Hyderabad,Hyderabad,Telangana Gw,17.427717,78.44964,2019-10-22,2019,10,Post-Monsoon,15.97
TSGWD_3059,Hyderabad,Hyderabad,Telangana Gw,17.427717,78.44964,2019-11-22,2019,11,Post-Monsoon,3.82
TSGWD_3059,Hyderabad,Hyderabad,Telangana Gw,17.427717,78.44964,2019-12-22,2019,12,Post-Monsoon,9.92
TSGWD_3060,Hyderabad,Hyderabad,Telangana Gw,17.42697,78.505605,2007-05-01,2007,5,Pre-Monsoon,0.0
TSGWD_3060,Hyderabad,Hyderabad,Telangana Gw,17.42697,78.505605,2007-06-01,2007,6,Kharif,0.0
TSGWD_3060,Hyderabad,Hyderabad,Telangana Gw,17.42697,78.505605,2007-07-01,2007,7,Kharif,0.0
TSGWD_3060,Hyderabad,Hyderabad,Telangana Gw,17.42697,78.505605,2007-08-01,2007,8,Kharif,0.0
TSGWD_3060,Hyderabad,Hyderabad,Telangana Gw,17.42697,78.505605,2007-09-01,2007,9,Kharif,0.0
TSGWD_3060,Hyderabad,Hyderabad,Telangana Gw,17.42697,78.505605,2007-10-01,2007,10,Post-Monsoon,0.0
TSGWD_3060,Hyderabad,Hyderabad,Telangana Gw,17.42697,78.505605,2007-11-01,2007,11,Post-Monsoon,0.0
TSGWD_3060,Hyderabad,Hyderabad,Telangana Gw,17.42697,78.505605,2007-12-01,2007,12,Post-Monsoon,0.0
TSGWD_3060,Hyderabad,Hyderabad,Telangana Gw,17.42697,78.505605,2008-01-01,2008,1,Rabi,0.0
TSGWD_3060,Hyderabad,Hyderabad,Telangana Gw,17.42697,78.505605,2008-02-01,2008,2,Rabi,0.0
TSGWD_3060,Hyderabad,Hyderabad,Telangana Gw,17.42697,78.505605,2008-03-01,2008,3,Pre-Monsoon,0.0
TSGWD_3060,Hyderabad,Hyderabad,Telangana Gw,17.42697,78.505605,2008-04-01,2008,4,Pre-Monsoon,0.0
TSGWD_3060,Hyderabad,Hyderabad,Telangana Gw,17.42697,78.505605,2008-05-01,2008,5,Pre-Monsoon,0.0
TSGWD_3060,Hyderabad,Hyderabad,Telangana Gw,17.42697,78.505605,2008-06-01,2008,6,Kharif,0.0
TSGWD_3060,Hyderabad,Hyderabad,Telangana Gw,17.42697,78.505605,2008-07-01,2008,7,Kharif,0.0
TSGWD_3060,Hyderabad,Hyderabad,Telangana Gw,17.42697,78.505605,2008-08-01,2008,8,Kharif,0.0
TSGWD_3060,Hyderabad,Hyderabad,Telangana Gw,17.42697,78.505605,2008-09-01,2008,9,Kharif,0.0
TSGWD_3060,Hyderabad,Hyderabad,Telangana Gw,17.42697,78.505605,2008-10-01,2008,10,Post-Monsoon,0.0
TSGWD_3060,Hyderabad,Hyderabad,Telangana Gw,17.42697,78.505605,2008-11-01,2008,11,Post-Monsoon,0.0
TSGWD_3060,Hyderabad,Hyderabad,Telangana Gw,17.42697,78.505605,2008-12-01,2008,12,Post-Monsoon,0.0
TSGWD_3060,Hyderabad,Hyderabad,Telangana Gw,17.42697,78.505605,2009-01-01,2009,1,Rabi,0.0
TSGWD_3060,Hyderabad,Hyderabad,Telangana Gw,17.42697,78.505605,2009-02-01,2009,2,Rabi,0.0
TSGWD_3060,Hyderabad,Hyderabad,Telangana Gw,17.42697,78.505605,2009-03-01,2009,3,Pre-Monsoon,0.0
TSGWD_3060,Hyderabad,Hyderabad,Telangana Gw,17.42697,78.505605,2009-04-01,2009,4,Pre-Monsoon,0.0
TSGWD_3060,Hyderabad,Hyderabad,Telangana Gw,17.42697,78.505605,2009-05-01,2009,5,Pre-Monsoon,0.0
TSGWD_3060,Hyderabad,Hyderabad,Telangana Gw,17.42697,78.505605,2009-06-01,2009,6,Kharif,0.0
TSGWD_3060,Hyderabad,Hyderabad,Telangana Gw,17.42697,78.505605,2009-07-01,2009,7,Kharif,0.0
TSGWD_3060,Hyderabad,Hyderabad,Telangana Gw,17.42697,78.505605,2009-08-01,2009,8,Kharif,0.0
TSGWD_3060,Hyderabad,Hyderabad,Telangana Gw,17.42697,78.505605,2009-09-01,2009,9,Kharif,0.0
TSGWD_3060,Hyderabad,Hyderabad,Telangana Gw,17.42697,78.505605,2009-10-01,2009,10,Post-Monsoon,0.0
TSGWD_3060,Hyderabad,Hyderabad,Telangana Gw,17.42697,78.505605,2009-11-01,2009,11,Post-Monsoon,0.0
TSGWD_3060,Hyderabad,Hyderabad,Telangana Gw,17.42697,78.505605,2009-12-01,2009,12,Post-Monsoon,0.0
TSGWD_3060,Hyderabad,Hyderabad,Telangana Gw,17.42697,78.505605,2010-01-01,2010,1,Rabi,0.0
TSGWD_3060,Hyderabad,Hyderabad,Telangana Gw,17.42697,78.505605,2010-02-01,2010,2,Rabi,0.0
TSGWD_3060,Hyderabad,Hyderabad,Telangana Gw,17.42697,78.505605,2010-03-01,2010,3,Pre-Monsoon,0.0
TSGWD_3060,Hyderabad,Hyderabad,Telangana Gw,17.42697,78.505605,2010-04-01,2010,4,Pre-Monsoon,0.0
TSGWD_3060,Hyderabad,Hyderabad,Telangana Gw,17.42697,78.505605,2010-05-01,2010,5,Pre-Monsoon,0.0
TSGWD_3060,Hyderabad,Hyderabad,Telangana Gw,17.42697,78.505605,2010-06-01,2010,6,Kharif,0.0
TSGWD_3060,Hyderabad,Hyderabad,Telangana Gw,17.42697,78.505605,2010-07-01,2010,7,Kharif,0.0
TSGWD_3060,Hyderabad,Hyderabad,Telangana Gw,17.42697,78.505605,2010-08-01,2010,8,Kharif,0.0
TSGWD_3060,Hyderabad,Hyderabad,Telangana Gw,17.42697,78.505605,2010-09-01,2010,9,Kharif,0.0
TSGWD_3060,Hyderabad,Hyderabad,Telangana Gw,17.42697,78.505605,2010-10-01,2010,10,Post-Monsoon,0.0
TSGWD_3060,Hyderabad,Hyderabad,Telangana Gw,17.42697,78.505605,2010-11-01,2010,11,Post-Monsoon,0.0
TSGWD_3060,Hyderabad,Hyderabad,Telangana Gw,17.42697,78.505605,2010-12-01,2010,12,Post-Monsoon,0.0
TSGWD_3060,Hyderabad,Hyderabad,Telangana Gw,17.42697,78.505605,2011-01-01,2011,1,Rabi,0.0
TSGWD_3060,Hyderabad,Hyderabad,Telangana Gw,17.42697,78.505605,2011-02-01,2011,2,Rabi,0.0
TSGWD_3060,Hyderabad,Hyderabad,Telangana Gw,17.42697,78.505605,2011-03-01,2011,3,Pre-Monsoon,0.0
TSGWD_3060,Hyderabad,Hyderabad,Telangana Gw,17.42697,78.505605,2011-04-01,2011,4,Pre-Monsoon,0.0
TSGWD_3060,Hyderabad,Hyderabad,Telangana Gw,17.42697,78.505605,2011-05-01,2011,5,Pre-Monsoon,0.0
TSGWD_3060,Hyderabad,Hyderabad,Telangana Gw,17.42697,78.505605,2011-06-01,2011,6,Kharif,0.0
TSGWD_3060,Hyderabad,Hyderabad,Telangana Gw,17.42697,78.505605,2011-07-01,2011,7,Kharif,0.0
TSGWD_3060,Hyderabad,Hyderabad,Telangana Gw,17.42697,78.505605,2011-08-01,2011,8,Kharif,0.0
TSGWD_3060,Hyderabad,Hyderabad,Telangana Gw,17.42697,78.505605,2011-09-01,2011,9,Kharif,0.0
TSGWD_3060,Hyderabad,Hyderabad,Telangana Gw,17.42697,78.505605,2011-10-01,2011,10,Post-Monsoon,0.0
TSGWD_3060,Hyderabad,Hyderabad,Telangana Gw,17.42697,78.505605,2011-11-01,2011,11,Post-Monsoon,0.0
TSGWD_3060,Hyderabad,Hyderabad,Telangana Gw,17.42697,78.505605,2011-12-01,2011,12,Post-Monsoon,0.0
TSGWD_3060,Hyderabad,Hyderabad,Telangana Gw,17.42697,78.505605,2012-01-01,2012,1,Rabi,0.0
TSGWD_3060,Hyderabad,Hyderabad,Telangana Gw,17.42697,78.505605,2012-02-01,2012,2,Rabi,0.0
TSGWD_3060,Hyderabad,Hyderabad,Telangana Gw,17.42697,78.505605,2012-03-01,2012,3,Pre-Monsoon,0.0
TSGWD_3060,Hyderabad,Hyderabad,Telangana Gw,17.42697,78.505605,2012-04-01,2012,4,Pre-Monsoon,0.0
TSGWD_3060,Hyderabad,Hyderabad,Telangana Gw,17.42697,78.505605,2012-05-01,2012,5,Pre-Monsoon,0.0
TSGWD_3060,Hyderabad,Hyderabad,Telangana Gw,17.42697,78.505605,2012-06-01,2012,6,Kharif,0.0
TSGWD_3060,Hyderabad,Hyderabad,Telangana Gw,17.42697,78.505605,2012-07-01,2012,7,Kharif,0.0
TSGWD_3060,Hyderabad,Hyderabad,Telangana Gw,17.42697,78.505605,2012-08-01,2012,8,Kharif,0.0
TSGWD_3060,Hyderabad,Hyderabad,Telangana Gw,17.42697,78.505605,2012-09-01,2012,9,Kharif,0.0
TSGWD_3060,Hyderabad,Hyderabad,Telangana Gw,17.42697,78.505605,2012-10-01,2012,10,Post-Monsoon,0.0
TSGWD_3060,Hyderabad,Hyderabad,Telangana Gw,17.42697,78.505605,2012-11-01,2012,11,Post-Monsoon,0.0
TSGWD_3060,Hyderabad,Hyderabad,Telangana Gw,17.42697,78.505605,2012-12-01,2012,12,Post-Monsoon,0.0
TSGWD_3060,Hyderabad,Hyderabad,Telangana Gw,17.42697,78.505605,2013-01-01,2013,1,Rabi,0.0
TSGWD_3060,Hyderabad,Hyderabad,Telangana Gw,17.42697,78.505605,2013-02-01,2013,2,Rabi,0.0
TSGWD_3060,Hyderabad,Hyderabad,Telangana Gw,17.42697,78.505605,2013-03-01,2013,3,Pre-Monsoon,0.0
TSGWD_3060,Hyderabad,Hyderabad,Telangana Gw,17.42697,78.505605,2013-04-01,2013,4,Pre-Monsoon,0.0
TSGWD_3060,Hyderabad,Hyderabad,Telangana Gw,17.42697,78.505605,2013-05-01,2013,5,Pre-Monsoon,0.0
TSGWD_3060,Hyderabad,Hyderabad,Telangana Gw,17.42697,78.505605,2013-06-01,2013,6,Kharif,0.0
TSGWD_3060,Hyderabad,Hyderabad,Telangana Gw,17.42697,78.505605,2013-07-01,2013,7,Kharif,0.0
TSGWD_3060,Hyderabad,Hyderabad,Telangana Gw,17.42697,78.505605,2013-08-01,2013,8,Kharif,0.0
TSGWD_3060,Hyderabad,Hyderabad,Telangana Gw,17.42697,78.505605,2013-09-01,2013,9,Kharif,0.0
TSGWD_3060,Hyderabad,Hyderabad,Telangana Gw,17.42697,78.505605,2013-10-01,2013,10,Post-Monsoon,0.0
TSGWD_3060,Hyderabad,Hyderabad,Telangana Gw,17.42697,78.505605,2013-11-01,2013,11,Post-Monsoon,0.0
TSGWD_3060,Hyderabad,Hyderabad,Telangana Gw,17.42697,78.505605,2013-12-01,2013,12,Post-Monsoon,0.0
TSGWD_3060,Hyderabad,Hyderabad,Telangana Gw,17.42697,78.505605,2014-01-01,2014,1,Rabi,0.0
TSGWD_3060,Hyderabad,Hyderabad,Telangana Gw,17.42697,78.505605,2014-02-01,2014,2,Rabi,0.0
TSGWD_3060,Hyderabad,Hyderabad,Telangana Gw,17.42697,78.505605,2014-03-01,2014,3,Pre-Monsoon,0.0
TSGWD_3060,Hyderabad,Hyderabad,Telangana Gw,17.42697,78.505605,2014-04-01,2014,4,Pre-Monsoon,0.0
TSGWD_3060,Hyderabad,Hyderabad,Telangana Gw,17.42697,78.505605,2014-05-01,2014,5,Pre-Monsoon,0.0
TSGWD_3060,Hyderabad,Hyderabad,Telangana Gw,17.42697,78.505605,2014-06-01,2014,6,Kharif,0.0
TSGWD_3060,Hyderabad,Hyderabad,Telangana Gw,17.42697,78.505605,2014-07-01,2014,7,Kharif,0.0
TSGWD_3060,Hyderabad,Hyderabad,Telangana Gw,17.42697,78.505605,2014-08-01,2014,8,Kharif,0.0
TSGWD_3060,Hyderabad,Hyderabad,Telangana Gw,17.42697,78.505605,2014-09-01,2014,9,Kharif,0.0
TSGWD_3060,Hyderabad,Hyderabad,Telangana Gw,17.42697,78.505605,2014-10-01,2014,10,Post-Monsoon,0.0
TSGWD_3060,Hyderabad,Hyderabad,Telangana Gw,17.42697,78.505605,2014-11-01,2014,11,Post-Monsoon,0.0
TSGWD_3060,Hyderabad,Hyderabad,Telangana Gw,17.42697,78.505605,2014-12-01,2014,12,Post-Monsoon,0.0
TSGWD_3060,Hyderabad,Hyderabad,Telangana Gw,17.42697,78.505605,2015-01-01,2015,1,Rabi,0.0
TSGWD_3060,Hyderabad,Hyderabad,Telangana Gw,17.42697,78.505605,2015-02-01,2015,2,Rabi,0.0
TSGWD_3060,Hyderabad,Hyderabad,Telangana Gw,17.42697,78.505605,2015-03-01,2015,3,Pre-Monsoon,0.0
TSGWD_3060,Hyderabad,Hyderabad,Telangana Gw,17.42697,78.505605,2015-04-01,2015,4,Pre-Monsoon,0.0
TSGWD_3060,Hyderabad,Hyderabad,Telangana Gw,17.42697,78.505605,2015-05-01,2015,5,Pre-Monsoon,0.0
TSGWD_3060,Hyderabad,Hyderabad,Telangana Gw,17.42697,78.505605,2015-06-01,2015,6,Kharif,0.0
TSGWD_3060,Hyderabad,Hyderabad,Telangana Gw,17.42697,78.505605,2015-07-01,2015,7,Kharif,0.0
TSGWD_3060,Hyderabad,Hyderabad,Telangana Gw,17.42697,78.505605,2015-08-01,2015,8,Kharif,0.0
TSGWD_3060,Hyderabad,Hyderabad,Telangana Gw,17.42697,78.505605,2015-09-01,2015,9,Kharif,0.0
TSGWD_3060,Hyderabad,Hyderabad,Telangana Gw,17.42697,78.505605,2015-10-01,2015,10,Post-Monsoon,0.0
TSGWD_3060,Hyderabad,Hyderabad,Telangana Gw,17.42697,78.505605,2015-11-01,2015,11,Post-Monsoon,0.0
TSGWD_3060,Hyderabad,Hyderabad,Telangana Gw,17.42697,78.505605,2015-12-01,2015,12,Post-Monsoon,0.0
TSGWD_3060,Hyderabad,Hyderabad,Telangana Gw,17.42697,78.505605,2016-01-01,2016,1,Rabi,0.0
TSGWD_3060,Hyderabad,Hyderabad,Telangana Gw,17.42697,78.505605,2016-02-01,2016,2,Rabi,0.0
TSGWD_3060,Hyderabad,Hyderabad,Telangana Gw,17.42697,78.505605,2016-03-01,2016,3,Pre-Monsoon,0.0
TSGWD_3060,Hyderabad,Hyderabad,Telangana Gw,17.42697,78.505605,2016-04-01,2016,4,Pre-Monsoon,0.0
TSGWD_3060,Hyderabad,Hyderabad,Telangana Gw,17.42697,78.505605,2016-05-01,2016,5,Pre-Monsoon,0.0
TSGWD_3060,Hyderabad,Hyderabad,Telangana Gw,17.42697,78.505605,2016-06-01,2016,6,Kharif,0.0
TSGWD_3060,Hyderabad,Hyderabad,Telangana Gw,17.42697,78.505605,2016-07-01,2016,7,Kharif,0.0
TSGWD_3060,Hyderabad,Hyderabad,Telangana Gw,17.42697,78.505605,2016-08-01,2016,8,Kharif,0.0
TSGWD_3060,Hyderabad,Hyderabad,Telangana Gw,17.42697,78.505605,2016-09-01,2016,9,Kharif,0.0
TSGWD_3060,Hyderabad,Hyderabad,Telangana Gw,17.42697,78.505605,2016-10-01,2016,10,Post-Monsoon,0.0
TSGWD_3060,Hyderabad,Hyderabad,Telangana Gw,17.42697,78.505605,2016-11-01,2016,11,Post-Monsoon,0.0
TSGWD_3060,Hyderabad,Hyderabad,Telangana Gw,17.42697,78.505605,2016-12-01,2016,12,Post-Monsoon,0.0
TSGWD_3060,Hyderabad,Hyderabad,Telangana Gw,17.42697,78.505605,2018-02-18,2018,2,Rabi,0.0
TSGWD_3060,Hyderabad,Hyderabad,Telangana Gw,17.42697,78.505605,2018-03-18,2018,3,Pre-Monsoon,0.0
TSGWD_3060,Hyderabad,Hyderabad,Telangana Gw,17.42697,78.505605,2018-04-18,2018,4,Pre-Monsoon,11.68
TSGWD_3060,Hyderabad,Hyderabad,Telangana Gw,17.42697,78.505605,2018-05-18,2018,5,Pre-Monsoon,20.52
TSGWD_3060,Hyderabad,Hyderabad,Telangana Gw,17.42697,78.505605,2018-06-18,2018,6,Kharif,19.75
TSGWD_3060,Hyderabad,Hyderabad,Telangana Gw,17.42697,78.505605,2018-07-18,2018,7,Kharif,14.03
TSGWD_3060,Hyderabad,Hyderabad,Telangana Gw,17.42697,78.505605,2018-08-18,2018,8,Kharif,13.9
TSGWD_3060,Hyderabad,Hyderabad,Telangana Gw,17.42697,78.505605,2018-09-18,2018,9,Kharif,13.49
TSGWD_3060,Hyderabad,Hyderabad,Telangana Gw,17.42697,78.505605,2018-10-18,2018,10,Post-Monsoon,15.11
TSGWD_3060,Hyderabad,Hyderabad,Telangana Gw,17.42697,78.505605,2018-11-18,2018,11,Post-Monsoon,17.81
TSGWD_3060,Hyderabad,Hyderabad,Telangana Gw,17.42697,78.505605,2018-12-18,2018,12,Post-Monsoon,19.25
TSGWD_3060,Hyderabad,Hyderabad,Telangana Gw,17.42697,78.505605,2019-01-18,2019,1,Rabi,19.39
TSGWD_3060,Hyderabad,Hyderabad,Telangana Gw,17.42697,78.505605,2019-02-01,2019,2,Rabi,20.87
TSGWD_3060,Hyderabad,Hyderabad,Telangana Gw,17.42697,78.505605,2019-03-01,2019,3,Pre-Monsoon,23.08
TSGWD_3060,Hyderabad,Hyderabad,Telangana Gw,17.42697,78.505605,2019-04-01,2019,4,Pre-Monsoon,23.12
TSGWD_3060,Hyderabad,Hyderabad,Telangana Gw,17.42697,78.505605,2019-05-19,2019,5,Pre-Monsoon,23.48
TSGWD_3060,Hyderabad,Hyderabad,Telangana Gw,17.42697,78.505605,2019-06-19,2019,6,Kharif,22.43
TSGWD_3060,Hyderabad,Hyderabad,Telangana Gw,17.42697,78.505605,2019-07-01,2019,7,Kharif,20.65
TSGWD_3060,Hyderabad,Hyderabad,Telangana Gw,17.42697,78.505605,2019-08-01,2019,8,Kharif,17.26
TSGWD_3060,Hyderabad,Hyderabad,Telangana Gw,17.42697,78.505605,2019-09-01,2019,9,Kharif,13.27
TSGWD_3060,Hyderabad,Hyderabad,Telangana Gw,17.42697,78.505605,2019-10-22,2019,10,Post-Monsoon,12.39
TSGWD_3060,Hyderabad,Hyderabad,Telangana Gw,17.42697,78.505605,2019-11-22,2019,11,Post-Monsoon,5.47
TSGWD_3060,Hyderabad,Hyderabad,Telangana Gw,17.42697,78.505605,2019-12-22,2019,12,Post-Monsoon,5.75
TSGWD_3061,Hyderabad,Hyderabad,Telangana Gw,17.435418,78.483009,2007-05-01,2007,5,Pre-Monsoon,0.0
TSGWD_3061,Hyderabad,Hyderabad,Telangana Gw,17.435418,78.483009,2007-06-01,2007,6,Kharif,0.0
TSGWD_3061,Hyderabad,Hyderabad,Telangana Gw,17.435418,78.483009,2007-07-01,2007,7,Kharif,0.0
TSGWD_3061,Hyderabad,Hyderabad,Telangana Gw,17.435418,78.483009,2007-08-01,2007,8,Kharif,0.0
TSGWD_3061,Hyderabad,Hyderabad,Telangana Gw,17.435418,78.483009,2007-09-01,2007,9,Kharif,0.0
TSGWD_3061,Hyderabad,Hyderabad,Telangana Gw,17.435418,78.483009,2007-10-01,2007,10,Post-Monsoon,0.0
TSGWD_3061,Hyderabad,Hyderabad,Telangana Gw,17.435418,78.483009,2007-11-01,2007,11,Post-Monsoon,0.0
TSGWD_3061,Hyderabad,Hyderabad,Telangana Gw,17.435418,78.483009,2007-12-01,2007,12,Post-Monsoon,0.0
TSGWD_3061,Hyderabad,Hyderabad,Telangana Gw,17.435418,78.483009,2008-01-01,2008,1,Rabi,0.0
TSGWD_3061,Hyderabad,Hyderabad,Telangana Gw,17.435418,78.483009,2008-02-01,2008,2,Rabi,0.0
TSGWD_3061,Hyderabad,Hyderabad,Telangana Gw,17.435418,78.483009,2008-03-01,2008,3,Pre-Monsoon,0.0
TSGWD_3061,Hyderabad,Hyderabad,Telangana Gw,17.435418,78.483009,2008-04-01,2008,4,Pre-Monsoon,0.0
TSGWD_3061,Hyderabad,Hyderabad,Telangana Gw,17.435418,78.483009,2008-05-01,2008,5,Pre-Monsoon,0.0
TSGWD_3061,Hyderabad,Hyderabad,Telangana Gw,17.435418,78.483009,2008-06-01,2008,6,Kharif,0.0
TSGWD_3061,Hyderabad,Hyderabad,Telangana Gw,17.435418,78.483009,2008-07-01,2008,7,Kharif,0.0
TSGWD_3061,Hyderabad,Hyderabad,Telangana Gw,17.435418,78.483009,2008-08-01,2008,8,Kharif,0.0
TSGWD_3061,Hyderabad,Hyderabad,Telangana Gw,17.435418,78.483009,2008-09-01,2008,9,Kharif,0.0
TSGWD_3061,Hyderabad,Hyderabad,Telangana Gw,17.435418,78.483009,2008-10-01,2008,10,Post-Monsoon,0.0
TSGWD_3061,Hyderabad,Hyderabad,Telangana Gw,17.435418,78.483009,2008-11-01,2008,11,Post-Monsoon,0.0
TSGWD_3061,Hyderabad,Hyderabad,Telangana Gw,17.435418,78.483009,2008-12-01,2008,12,Post-Monsoon,0.0
TSGWD_3061,Hyderabad,Hyderabad,Telangana Gw,17.435418,78.483009,2009-01-01,2009,1,Rabi,0.0
TSGWD_3061,Hyderabad,Hyderabad,Telangana Gw,17.435418,78.483009,2009-02-01,2009,2,Rabi,0.0
TSGWD_3061,Hyderabad,Hyderabad,Telangana Gw,17.435418,78.483009,2009-03-01,2009,3,Pre-Monsoon,0.0
TSGWD_3061,Hyderabad,Hyderabad,Telangana Gw,17.435418,78.483009,2009-04-01,2009,4,Pre-Monsoon,0.0
TSGWD_3061,Hyderabad,Hyderabad,Telangana Gw,17.435418,78.483009,2009-05-01,2009,5,Pre-Monsoon,0.0
TSGWD_3061,Hyderabad,Hyderabad,Telangana Gw,17.435418,78.483009,2009-06-01,2009,6,Kharif,0.0
TSGWD_3061,Hyderabad,Hyderabad,Telangana Gw,17.435418,78.483009,2009-07-01,2009,7,Kharif,0.0
TSGWD_3061,Hyderabad,Hyderabad,Telangana Gw,17.435418,78.483009,2009-08-01,2009,8,Kharif,0.0
TSGWD_3061,Hyderabad,Hyderabad,Telangana Gw,17.435418,78.483009,2009-09-01,2009,9,Kharif,0.0
TSGWD_3061,Hyderabad,Hyderabad,Telangana Gw,17.435418,78.483009,2009-10-01,2009,10,Post-Monsoon,0.0
TSGWD_3061,Hyderabad,Hyderabad,Telangana Gw,17.435418,78.483009,2009-11-01,2009,11,Post-Monsoon,0.0
TSGWD_3061,Hyderabad,Hyderabad,Telangana Gw,17.435418,78.483009,2009-12-01,2009,12,Post-Monsoon,0.0
TSGWD_3061,Hyderabad,Hyderabad,Telangana Gw,17.435418,78.483009,2010-01-01,2010,1,Rabi,0.0
TSGWD_3061,Hyderabad,Hyderabad,Telangana Gw,17.435418,78.483009,2010-02-01,2010,2,Rabi,0.0
TSGWD_3061,Hyderabad,Hyderabad,Telangana Gw,17.435418,78.483009,2010-03-01,2010,3,Pre-Monsoon,0.0
TSGWD_3061,Hyderabad,Hyderabad,Telangana Gw,17.435418,78.483009,2010-04-01,2010,4,Pre-Monsoon,0.0
TSGWD_3061,Hyderabad,Hyderabad,Telangana Gw,17.435418,78.483009,2010-05-01,2010,5,Pre-Monsoon,0.0
TSGWD_3061,Hyderabad,Hyderabad,Telangana Gw,17.435418,78.483009,2010-06-01,2010,6,Kharif,0.0
TSGWD_3061,Hyderabad,Hyderabad,Telangana Gw,17.435418,78.483009,2010-07-01,2010,7,Kharif,0.0
TSGWD_3061,Hyderabad,Hyderabad,Telangana Gw,17.435418,78.483009,2010-08-01,2010,8,Kharif,0.0
TSGWD_3061,Hyderabad,Hyderabad,Telangana Gw,17.435418,78.483009,2010-09-01,2010,9,Kharif,0.0
TSGWD_3061,Hyderabad,Hyderabad,Telangana Gw,17.435418,78.483009,2010-10-01,2010,10,Post-Monsoon,0.0
TSGWD_3061,Hyderabad,Hyderabad,Telangana Gw,17.435418,78.483009,2010-11-01,2010,11,Post-Monsoon,0.0
TSGWD_3061,Hyderabad,Hyderabad,Telangana Gw,17.435418,78.483009,2010-12-01,2010,12,Post-Monsoon,0.0
TSGWD_3061,Hyderabad,Hyderabad,Telangana Gw,17.435418,78.483009,2011-01-01,2011,1,Rabi,0.0
TSGWD_3061,Hyderabad,Hyderabad,Telangana Gw,17.435418,78.483009,2011-02-01,2011,2,Rabi,0.0
TSGWD_3061,Hyderabad,Hyderabad,Telangana Gw,17.435418,78.483009,2011-03-01,2011,3,Pre-Monsoon,0.0
TSGWD_3061,Hyderabad,Hyderabad,Telangana Gw,17.435418,78.483009,2011-04-01,2011,4,Pre-Monsoon,0.0
TSGWD_3061,Hyderabad,Hyderabad,Telangana Gw,17.435418,78.483009,2011-05-01,2011,5,Pre-Monsoon,0.0
TSGWD_3061,Hyderabad,Hyderabad,Telangana Gw,17.435418,78.483009,2011-06-01,2011,6,Kharif,0.0
TSGWD_3061,Hyderabad,Hyderabad,Telangana Gw,17.435418,78.483009,2011-07-01,2011,7,Kharif,0.0
TSGWD_3061,Hyderabad,Hyderabad,Telangana Gw,17.435418,78.483009,2011-08-01,2011,8,Kharif,0.0
TSGWD_3061,Hyderabad,Hyderabad,Telangana Gw,17.435418,78.483009,2011-09-01,2011,9,Kharif,0.0
TSGWD_3061,Hyderabad,Hyderabad,Telangana Gw,17.435418,78.483009,2011-10-01,2011,10,Post-Monsoon,0.0
TSGWD_3061,Hyderabad,Hyderabad,Telangana Gw,17.435418,78.483009,2011-11-01,2011,11,Post-Monsoon,0.0
TSGWD_3061,Hyderabad,Hyderabad,Telangana Gw,17.435418,78.483009,2011-12-01,2011,12,Post-Monsoon,0.0
TSGWD_3061,Hyderabad,Hyderabad,Telangana Gw,17.435418,78.483009,2012-01-01,2012,1,Rabi,0.0
TSGWD_3061,Hyderabad,Hyderabad,Telangana Gw,17.435418,78.483009,2012-02-01,2012,2,Rabi,0.0
TSGWD_3061,Hyderabad,Hyderabad,Telangana Gw,17.435418,78.483009,2012-03-01,2012,3,Pre-Monsoon,0.0
TSGWD_3061,Hyderabad,Hyderabad,Telangana Gw,17.435418,78.483009,2012-04-01,2012,4,Pre-Monsoon,0.0
TSGWD_3061,Hyderabad,Hyderabad,Telangana Gw,17.435418,78.483009,2012-05-01,2012,5,Pre-Monsoon,0.0
TSGWD_3061,Hyderabad,Hyderabad,Telangana Gw,17.435418,78.483009,2012-06-01,2012,6,Kharif,0.0
TSGWD_3061,Hyderabad,Hyderabad,Telangana Gw,17.435418,78.483009,2012-07-01,2012,7,Kharif,0.0
TSGWD_3061,Hyderabad,Hyderabad,Telangana Gw,17.435418,78.483009,2012-08-01,2012,8,Kharif,0.0
TSGWD_3061,Hyderabad,Hyderabad,Telangana Gw,17.435418,78.483009,2012-09-01,2012,9,Kharif,0.0
TSGWD_3061,Hyderabad,Hyderabad,Telangana Gw,17.435418,78.483009,2012-10-01,2012,10,Post-Monsoon,0.0
TSGWD_3061,Hyderabad,Hyderabad,Telangana Gw,17.435418,78.483009,2012-11-01,2012,11,Post-Monsoon,0.0
TSGWD_3061,Hyderabad,Hyderabad,Telangana Gw,17.435418,78.483009,2012-12-01,2012,12,Post-Monsoon,0.0
TSGWD_3061,Hyderabad,Hyderabad,Telangana Gw,17.435418,78.483009,2013-01-01,2013,1,Rabi,0.0
TSGWD_3061,Hyderabad,Hyderabad,Telangana Gw,17.435418,78.483009,2013-02-01,2013,2,Rabi,0.0
TSGWD_3061,Hyderabad,Hyderabad,Telangana Gw,17.435418,78.483009,2013-03-01,2013,3,Pre-Monsoon,0.0
TSGWD_3061,Hyderabad,Hyderabad,Telangana Gw,17.435418,78.483009,2013-04-01,2013,4,Pre-Monsoon,0.0
TSGWD_3061,Hyderabad,Hyderabad,Telangana Gw,17.435418,78.483009,2013-05-01,2013,5,Pre-Monsoon,0.0
TSGWD_3061,Hyderabad,Hyderabad,Telangana Gw,17.435418,78.483009,2013-06-01,2013,6,Kharif,0.0
TSGWD_3061,Hyderabad,Hyderabad,Telangana Gw,17.435418,78.483009,2013-07-01,2013,7,Kharif,0.0
TSGWD_3061,Hyderabad,Hyderabad,Telangana Gw,17.435418,78.483009,2013-08-01,2013,8,Kharif,0.0
TSGWD_3061,Hyderabad,Hyderabad,Telangana Gw,17.435418,78.483009,2013-09-01,2013,9,Kharif,0.0
TSGWD_3061,Hyderabad,Hyderabad,Telangana Gw,17.435418,78.483009,2013-10-01,2013,10,Post-Monsoon,0.0
TSGWD_3061,Hyderabad,Hyderabad,Telangana Gw,17.435418,78.483009,2013-11-01,2013,11,Post-Monsoon,0.0
TSGWD_3061,Hyderabad,Hyderabad,Telangana Gw,17.435418,78.483009,2013-12-01,2013,12,Post-Monsoon,0.0
TSGWD_3061,Hyderabad,Hyderabad,Telangana Gw,17.435418,78.483009,2014-01-01,2014,1,Rabi,0.0
TSGWD_3061,Hyderabad,Hyderabad,Telangana Gw,17.435418,78.483009,2014-02-01,2014,2,Rabi,0.0
TSGWD_3061,Hyderabad,Hyderabad,Telangana Gw,17.435418,78.483009,2014-03-01,2014,3,Pre-Monsoon,0.0
TSGWD_3061,Hyderabad,Hyderabad,Telangana Gw,17.435418,78.483009,2014-04-01,2014,4,Pre-Monsoon,0.0
TSGWD_3061,Hyderabad,Hyderabad,Telangana Gw,17.435418,78.483009,2014-05-01,2014,5,Pre-Monsoon,0.0
TSGWD_3061,Hyderabad,Hyderabad,Telangana Gw,17.435418,78.483009,2014-06-01,2014,6,Kharif,0.0
TSGWD_3061,Hyderabad,Hyderabad,Telangana Gw,17.435418,78.483009,2014-07-01,2014,7,Kharif,0.0
TSGWD_3061,Hyderabad,Hyderabad,Telangana Gw,17.435418,78.483009,2014-08-01,2014,8,Kharif,0.0
TSGWD_3061,Hyderabad,Hyderabad,Telangana Gw,17.435418,78.483009,2014-09-01,2014,9,Kharif,0.0
TSGWD_3061,Hyderabad,Hyderabad,Telangana Gw,17.435418,78.483009,2014-10-01,2014,10,Post-Monsoon,0.0
TSGWD_3061,Hyderabad,Hyderabad,Telangana Gw,17.435418,78.483009,2014-11-01,2014,11,Post-Monsoon,0.0
TSGWD_3061,Hyderabad,Hyderabad,Telangana Gw,17.435418,78.483009,2014-12-01,2014,12,Post-Monsoon,0.0
TSGWD_3061,Hyderabad,Hyderabad,Telangana Gw,17.435418,78.483009,2015-01-01,2015,1,Rabi,0.0
TSGWD_3061,Hyderabad,Hyderabad,Telangana Gw,17.435418,78.483009,2015-02-01,2015,2,Rabi,0.0
TSGWD_3061,Hyderabad,Hyderabad,Telangana Gw,17.435418,78.483009,2015-03-01,2015,3,Pre-Monsoon,0.0
TSGWD_3061,Hyderabad,Hyderabad,Telangana Gw,17.435418,78.483009,2015-04-01,2015,4,Pre-Monsoon,0.0
TSGWD_3061,Hyderabad,Hyderabad,Telangana Gw,17.435418,78.483009,2015-05-01,2015,5,Pre-Monsoon,0.0
TSGWD_3061,Hyderabad,Hyderabad,Telangana Gw,17.435418,78.483009,2015-06-01,2015,6,Kharif,0.0
TSGWD_3061,Hyderabad,Hyderabad,Telangana Gw,17.435418,78.483009,2015-07-01,2015,7,Kharif,0.0
TSGWD_3061,Hyderabad,Hyderabad,Telangana Gw,17.435418,78.483009,2015-08-01,2015,8,Kharif,0.0
TSGWD_3061,Hyderabad,Hyderabad,Telangana Gw,17.435418,78.483009,2015-09-01,2015,9,Kharif,0.0
TSGWD_3061,Hyderabad,Hyderabad,Telangana Gw,17.435418,78.483009,2015-10-01,2015,10,Post-Monsoon,0.0
TSGWD_3061,Hyderabad,Hyderabad,Telangana Gw,17.435418,78.483009,2015-11-01,2015,11,Post-Monsoon,0.0
TSGWD_3061,Hyderabad,Hyderabad,Telangana Gw,17.435418,78.483009,2015-12-01,2015,12,Post-Monsoon,0.0
TSGWD_3061,Hyderabad,Hyderabad,Telangana Gw,17.435418,78.483009,2016-01-01,2016,1,Rabi,0.0
TSGWD_3061,Hyderabad,Hyderabad,Telangana Gw,17.435418,78.483009,2016-02-01,2016,2,Rabi,0.0
TSGWD_3061,Hyderabad,Hyderabad,Telangana Gw,17.435418,78.483009,2016-03-01,2016,3,Pre-Monsoon,0.0
TSGWD_3061,Hyderabad,Hyderabad,Telangana Gw,17.435418,78.483009,2016-04-01,2016,4,Pre-Monsoon,0.0
TSGWD_3061,Hyderabad,Hyderabad,Telangana Gw,17.435418,78.483009,2016-05-01,2016,5,Pre-Monsoon,0.0
TSGWD_3061,Hyderabad,Hyderabad,Telangana Gw,17.435418,78.483009,2016-06-01,2016,6,Kharif,0.0
TSGWD_3061,Hyderabad,Hyderabad,Telangana Gw,17.435418,78.483009,2016-07-01,2016,7,Kharif,0.0
TSGWD_3061,Hyderabad,Hyderabad,Telangana Gw,17.435418,78.483009,2016-08-01,2016,8,Kharif,0.0
TSGWD_3061,Hyderabad,Hyderabad,Telangana Gw,17.435418,78.483009,2016-09-01,2016,9,Kharif,0.0
TSGWD_3061,Hyderabad,Hyderabad,Telangana Gw,17.435418,78.483009,2016-10-01,2016,10,Post-Monsoon,0.0
TSGWD_3061,Hyderabad,Hyderabad,Telangana Gw,17.435418,78.483009,2016-11-01,2016,11,Post-Monsoon,0.0
TSGWD_3061,Hyderabad,Hyderabad,Telangana Gw,17.435418,78.483009,2016-12-01,2016,12,Post-Monsoon,0.0
TSGWD_3061,Hyderabad,Hyderabad,Telangana Gw,17.435418,78.483009,2018-02-18,2018,2,Rabi,0.0
TSGWD_3061,Hyderabad,Hyderabad,Telangana Gw,17.435418,78.483009,2018-03-18,2018,3,Pre-Monsoon,0.0
TSGWD_3061,Hyderabad,Hyderabad,Telangana Gw,17.435418,78.483009,2018-04-18,2018,4,Pre-Monsoon,2.73
TSGWD_3061,Hyderabad,Hyderabad,Telangana Gw,17.435418,78.483009,2018-05-18,2018,5,Pre-Monsoon,2.6
TSGWD_3061,Hyderabad,Hyderabad,Telangana Gw,17.435418,78.483009,2018-06-18,2018,6,Kharif,2.54
TSGWD_3061,Hyderabad,Hyderabad,Telangana Gw,17.435418,78.483009,2018-07-18,2018,7,Kharif,2.49
TSGWD_3061,Hyderabad,Hyderabad,Telangana Gw,17.435418,78.483009,2018-08-18,2018,8,Kharif,2.39
TSGWD_3061,Hyderabad,Hyderabad,Telangana Gw,17.435418,78.483009,2018-09-18,2018,9,Kharif,2.0
TSGWD_3061,Hyderabad,Hyderabad,Telangana Gw,17.435418,78.483009,2018-10-18,2018,10,Post-Monsoon,1.93
TSGWD_3061,Hyderabad,Hyderabad,Telangana Gw,17.435418,78.483009,2018-11-18,2018,11,Post-Monsoon,2.67
TSGWD_3061,Hyderabad,Hyderabad,Telangana Gw,17.435418,78.483009,2018-12-18,2018,12,Post-Monsoon,2.85
TSGWD_3061,Hyderabad,Hyderabad,Telangana Gw,17.435418,78.483009,2019-01-18,2019,1,Rabi,2.93
TSGWD_3061,Hyderabad,Hyderabad,Telangana Gw,17.435418,78.483009,2019-02-01,2019,2,Rabi,2.98
TSGWD_3061,Hyderabad,Hyderabad,Telangana Gw,17.435418,78.483009,2019-03-01,2019,3,Pre-Monsoon,2.99
TSGWD_3061,Hyderabad,Hyderabad,Telangana Gw,17.435418,78.483009,2019-04-01,2019,4,Pre-Monsoon,3.06
TSGWD_3061,Hyderabad,Hyderabad,Telangana Gw,17.435418,78.483009,2019-05-19,2019,5,Pre-Monsoon,2.69
TSGWD_3061,Hyderabad,Hyderabad,Telangana Gw,17.435418,78.483009,2019-06-19,2019,6,Kharif,2.52
TSGWD_3061,Hyderabad,Hyderabad,Telangana Gw,17.435418,78.483009,2019-07-01,2019,7,Kharif,2.69
TSGWD_3061,Hyderabad,Hyderabad,Telangana Gw,17.435418,78.483009,2019-08-01,2019,8,Kharif,2.23
TSGWD_3061,Hyderabad,Hyderabad,Telangana Gw,17.435418,78.483009,2019-09-01,2019,9,Kharif,2.22
TSGWD_3061,Hyderabad,Hyderabad,Telangana Gw,17.435418,78.483009,2019-10-22,2019,10,Post-Monsoon,4.16
TSGWD_3061,Hyderabad,Hyderabad,Telangana Gw,17.435418,78.483009,2019-11-22,2019,11,Post-Monsoon,2.78
TSGWD_3061,Hyderabad,Hyderabad,Telangana Gw,17.435418,78.483009,2019-12-22,2019,12,Post-Monsoon,3.31
TSGWD_3062,Hyderabad,Hyderabad,Telangana Gw,17.463314,78.493825,2007-05-01,2007,5,Pre-Monsoon,0.0
TSGWD_3062,Hyderabad,Hyderabad,Telangana Gw,17.463314,78.493825,2007-06-01,2007,6,Kharif,0.0
TSGWD_3062,Hyderabad,Hyderabad,Telangana Gw,17.463314,78.493825,2007-07-01,2007,7,Kharif,0.0
TSGWD_3062,Hyderabad,Hyderabad,Telangana Gw,17.463314,78.493825,2007-08-01,2007,8,Kharif,0.0
TSGWD_3062,Hyderabad,Hyderabad,Telangana Gw,17.463314,78.493825,2007-09-01,2007,9,Kharif,0.0
TSGWD_3062,Hyderabad,Hyderabad,Telangana Gw,17.463314,78.493825,2007-10-01,2007,10,Post-Monsoon,0.0
TSGWD_3062,Hyderabad,Hyderabad,Telangana Gw,17.463314,78.493825,2007-11-01,2007,11,Post-Monsoon,0.0
TSGWD_3062,Hyderabad,Hyderabad,Telangana Gw,17.463314,78.493825,2007-12-01,2007,12,Post-Monsoon,0.0
TSGWD_3062,Hyderabad,Hyderabad,Telangana Gw,17.463314,78.493825,2008-01-01,2008,1,Rabi,0.0
TSGWD_3062,Hyderabad,Hyderabad,Telangana Gw,17.463314,78.493825,2008-02-01,2008,2,Rabi,0.0
TSGWD_3062,Hyderabad,Hyderabad,Telangana Gw,17.463314,78.493825,2008-03-01,2008,3,Pre-Monsoon,0.0
TSGWD_3062,Hyderabad,Hyderabad,Telangana Gw,17.463314,78.493825,2008-04-01,2008,4,Pre-Monsoon,0.0
TSGWD_3062,Hyderabad,Hyderabad,Telangana Gw,17.463314,78.493825,2008-05-01,2008,5,Pre-Monsoon,0.0
TSGWD_3062,Hyderabad,Hyderabad,Telangana Gw,17.463314,78.493825,2008-06-01,2008,6,Kharif,0.0
TSGWD_3062,Hyderabad,Hyderabad,Telangana Gw,17.463314,78.493825,2008-07-01,2008,7,Kharif,0.0
TSGWD_3062,Hyderabad,Hyderabad,Telangana Gw,17.463314,78.493825,2008-08-01,2008,8,Kharif,0.0
TSGWD_3062,Hyderabad,Hyderabad,Telangana Gw,17.463314,78.493825,2008-09-01,2008,9,Kharif,0.0
TSGWD_3062,Hyderabad,Hyderabad,Telangana Gw,17.463314,78.493825,2008-10-01,2008,10,Post-Monsoon,0.0
TSGWD_3062,Hyderabad,Hyderabad,Telangana Gw,17.463314,78.493825,2008-11-01,2008,11,Post-Monsoon,0.0
TSGWD_3062,Hyderabad,Hyderabad,Telangana Gw,17.463314,78.493825,2008-12-01,2008,12,Post-Monsoon,0.0
TSGWD_3062,Hyderabad,Hyderabad,Telangana Gw,17.463314,78.493825,2009-01-01,2009,1,Rabi,0.0
TSGWD_3062,Hyderabad,Hyderabad,Telangana Gw,17.463314,78.493825,2009-02-01,2009,2,Rabi,0.0
TSGWD_3062,Hyderabad,Hyderabad,Telangana Gw,17.463314,78.493825,2009-03-01,2009,3,Pre-Monsoon,0.0
TSGWD_3062,Hyderabad,Hyderabad,Telangana Gw,17.463314,78.493825,2009-04-01,2009,4,Pre-Monsoon,0.0
TSGWD_3062,Hyderabad,Hyderabad,Telangana Gw,17.463314,78.493825,2009-05-01,2009,5,Pre-Monsoon,0.0
TSGWD_3062,Hyderabad,Hyderabad,Telangana Gw,17.463314,78.493825,2009-06-01,2009,6,Kharif,0.0
TSGWD_3062,Hyderabad,Hyderabad,Telangana Gw,17.463314,78.493825,2009-07-01,2009,7,Kharif,0.0
TSGWD_3062,Hyderabad,Hyderabad,Telangana Gw,17.463314,78.493825,2009-08-01,2009,8,Kharif,0.0
TSGWD_3062,Hyderabad,Hyderabad,Telangana Gw,17.463314,78.493825,2009-09-01,2009,9,Kharif,0.0
TSGWD_3062,Hyderabad,Hyderabad,Telangana Gw,17.463314,78.493825,2009-10-01,2009,10,Post-Monsoon,0.0
TSGWD_3062,Hyderabad,Hyderabad,Telangana Gw,17.463314,78.493825,2009-11-01,2009,11,Post-Monsoon,0.0
TSGWD_3062,Hyderabad,Hyderabad,Telangana Gw,17.463314,78.493825,2009-12-01,2009,12,Post-Monsoon,0.0
TSGWD_3062,Hyderabad,Hyderabad,Telangana Gw,17.463314,78.493825,2010-01-01,2010,1,Rabi,0.0
TSGWD_3062,Hyderabad,Hyderabad,Telangana Gw,17.463314,78.493825,2010-02-01,2010,2,Rabi,0.0
TSGWD_3062,Hyderabad,Hyderabad,Telangana Gw,17.463314,78.493825,2010-03-01,2010,3,Pre-Monsoon,0.0
TSGWD_3062,Hyderabad,Hyderabad,Telangana Gw,17.463314,78.493825,2010-04-01,2010,4,Pre-Monsoon,0.0
TSGWD_3062,Hyderabad,Hyderabad,Telangana Gw,17.463314,78.493825,2010-05-01,2010,5,Pre-Monsoon,0.0
TSGWD_3062,Hyderabad,Hyderabad,Telangana Gw,17.463314,78.493825,2010-06-01,2010,6,Kharif,0.0
TSGWD_3062,Hyderabad,Hyderabad,Telangana Gw,17.463314,78.493825,2010-07-01,2010,7,Kharif,0.0
TSGWD_3062,Hyderabad,Hyderabad,Telangana Gw,17.463314,78.493825,2010-08-01,2010,8,Kharif,0.0
TSGWD_3062,Hyderabad,Hyderabad,Telangana Gw,17.463314,78.493825,2010-09-01,2010,9,Kharif,0.0
TSGWD_3062,Hyderabad,Hyderabad,Telangana Gw,17.463314,78.493825,2010-10-01,2010,10,Post-Monsoon,0.0
TSGWD_3062,Hyderabad,Hyderabad,Telangana Gw,17.463314,78.493825,2010-11-01,2010,11,Post-Monsoon,0.0
TSGWD_3062,Hyderabad,Hyderabad,Telangana Gw,17.463314,78.493825,2010-12-01,2010,12,Post-Monsoon,0.0
TSGWD_3062,Hyderabad,Hyderabad,Telangana Gw,17.463314,78.493825,2011-01-01,2011,1,Rabi,0.0
TSGWD_3062,Hyderabad,Hyderabad,Telangana Gw,17.463314,78.493825,2011-02-01,2011,2,Rabi,0.0
TSGWD_3062,Hyderabad,Hyderabad,Telangana Gw,17.463314,78.493825,2011-03-01,2011,3,Pre-Monsoon,0.0
TSGWD_3062,Hyderabad,Hyderabad,Telangana Gw,17.463314,78.493825,2011-04-01,2011,4,Pre-Monsoon,0.0
TSGWD_3062,Hyderabad,Hyderabad,Telangana Gw,17.463314,78.493825,2011-05-01,2011,5,Pre-Monsoon,0.0
TSGWD_3062,Hyderabad,Hyderabad,Telangana Gw,17.463314,78.493825,2011-06-01,2011,6,Kharif,0.0
TSGWD_3062,Hyderabad,Hyderabad,Telangana Gw,17.463314,78.493825,2011-07-01,2011,7,Kharif,0.0
TSGWD_3062,Hyderabad,Hyderabad,Telangana Gw,17.463314,78.493825,2011-08-01,2011,8,Kharif,0.0
TSGWD_3062,Hyderabad,Hyderabad,Telangana Gw,17.463314,78.493825,2011-09-01,2011,9,Kharif,0.0
TSGWD_3062,Hyderabad,Hyderabad,Telangana Gw,17.463314,78.493825,2011-10-01,2011,10,Post-Monsoon,0.0
TSGWD_3062,Hyderabad,Hyderabad,Telangana Gw,17.463314,78.493825,2011-11-01,2011,11,Post-Monsoon,0.0
TSGWD_3062,Hyderabad,Hyderabad,Telangana Gw,17.463314,78.493825,2011-12-01,2011,12,Post-Monsoon,0.0
TSGWD_3062,Hyderabad,Hyderabad,Telangana Gw,17.463314,78.493825,2012-01-01,2012,1,Rabi,0.0
TSGWD_3062,Hyderabad,Hyderabad,Telangana Gw,17.463314,78.493825,2012-02-01,2012,2,Rabi,0.0
TSGWD_3062,Hyderabad,Hyderabad,Telangana Gw,17.463314,78.493825,2012-03-01,2012,3,Pre-Monsoon,0.0
TSGWD_3062,Hyderabad,Hyderabad,Telangana Gw,17.463314,78.493825,2012-04-01,2012,4,Pre-Monsoon,0.0
TSGWD_3062,Hyderabad,Hyderabad,Telangana Gw,17.463314,78.493825,2012-05-01,2012,5,Pre-Monsoon,0.0
TSGWD_3062,Hyderabad,Hyderabad,Telangana Gw,17.463314,78.493825,2012-06-01,2012,6,Kharif,0.0
TSGWD_3062,Hyderabad,Hyderabad,Telangana Gw,17.463314,78.493825,2012-07-01,2012,7,Kharif,0.0
TSGWD_3062,Hyderabad,Hyderabad,Telangana Gw,17.463314,78.493825,2012-08-01,2012,8,Kharif,0.0
TSGWD_3062,Hyderabad,Hyderabad,Telangana Gw,17.463314,78.493825,2012-09-01,2012,9,Kharif,0.0
TSGWD_3062,Hyderabad,Hyderabad,Telangana Gw,17.463314,78.493825,2012-10-01,2012,10,Post-Monsoon,0.0
TSGWD_3062,Hyderabad,Hyderabad,Telangana Gw,17.463314,78.493825,2012-11-01,2012,11,Post-Monsoon,0.0
TSGWD_3062,Hyderabad,Hyderabad,Telangana Gw,17.463314,78.493825,2012-12-01,2012,12,Post-Monsoon,0.0
TSGWD_3062,Hyderabad,Hyderabad,Telangana Gw,17.463314,78.493825,2013-01-01,2013,1,Rabi,0.0
TSGWD_3062,Hyderabad,Hyderabad,Telangana Gw,17.463314,78.493825,2013-02-01,2013,2,Rabi,0.0
TSGWD_3062,Hyderabad,Hyderabad,Telangana Gw,17.463314,78.493825,2013-03-01,2013,3,Pre-Monsoon,0.0
TSGWD_3062,Hyderabad,Hyderabad,Telangana Gw,17.463314,78.493825,2013-04-01,2013,4,Pre-Monsoon,0.0
TSGWD_3062,Hyderabad,Hyderabad,Telangana Gw,17.463314,78.493825,2013-05-01,2013,5,Pre-Monsoon,0.0
TSGWD_3062,Hyderabad,Hyderabad,Telangana Gw,17.463314,78.493825,2013-06-01,2013,6,Kharif,0.0
TSGWD_3062,Hyderabad,Hyderabad,Telangana Gw,17.463314,78.493825,2013-07-01,2013,7,Kharif,0.0
TSGWD_3062,Hyderabad,Hyderabad,Telangana Gw,17.463314,78.493825,2013-08-01,2013,8,Kharif,0.0
TSGWD_3062,Hyderabad,Hyderabad,Telangana Gw,17.463314,78.493825,2013-09-01,2013,9,Kharif,0.0
TSGWD_3062,Hyderabad,Hyderabad,Telangana Gw,17.463314,78.493825,2013-10-01,2013,10,Post-Monsoon,0.0
TSGWD_3062,Hyderabad,Hyderabad,Telangana Gw,17.463314,78.493825,2013-11-01,2013,11,Post-Monsoon,0.0
TSGWD_3062,Hyderabad,Hyderabad,Telangana Gw,17.463314,78.493825,2013-12-01,2013,12,Post-Monsoon,0.0
TSGWD_3062,Hyderabad,Hyderabad,Telangana Gw,17.463314,78.493825,2014-01-01,2014,1,Rabi,0.0
TSGWD_3062,Hyderabad,Hyderabad,Telangana Gw,17.463314,78.493825,2014-02-01,2014,2,Rabi,0.0
TSGWD_3062,Hyderabad,Hyderabad,Telangana Gw,17.463314,78.493825,2014-03-01,2014,3,Pre-Monsoon,0.0
TSGWD_3062,Hyderabad,Hyderabad,Telangana Gw,17.463314,78.493825,2014-04-01,2014,4,Pre-Monsoon,0.0
TSGWD_3062,Hyderabad,Hyderabad,Telangana Gw,17.463314,78.493825,2014-05-01,2014,5,Pre-Monsoon,0.0
TSGWD_3062,Hyderabad,Hyderabad,Telangana Gw,17.463314,78.493825,2014-06-01,2014,6,Kharif,0.0
TSGWD_3062,Hyderabad,Hyderabad,Telangana Gw,17.463314,78.493825,2014-07-01,2014,7,Kharif,0.0
TSGWD_3062,Hyderabad,Hyderabad,Telangana Gw,17.463314,78.493825,2014-08-01,2014,8,Kharif,0.0
TSGWD_3062,Hyderabad,Hyderabad,Telangana Gw,17.463314,78.493825,2014-09-01,2014,9,Kharif,0.0
TSGWD_3062,Hyderabad,Hyderabad,Telangana Gw,17.463314,78.493825,2014-10-01,2014,10,Post-Monsoon,0.0
TSGWD_3062,Hyderabad,Hyderabad,Telangana Gw,17.463314,78.493825,2014-11-01,2014,11,Post-Monsoon,0.0
TSGWD_3062,Hyderabad,Hyderabad,Telangana Gw,17.463314,78.493825,2014-12-01,2014,12,Post-Monsoon,0.0
TSGWD_3062,Hyderabad,Hyderabad,Telangana Gw,17.463314,78.493825,2015-01-01,2015,1,Rabi,0.0
TSGWD_3062,Hyderabad,Hyderabad,Telangana Gw,17.463314,78.493825,2015-02-01,2015,2,Rabi,0.0
TSGWD_3062,Hyderabad,Hyderabad,Telangana Gw,17.463314,78.493825,2015-03-01,2015,3,Pre-Monsoon,0.0
TSGWD_3062,Hyderabad,Hyderabad,Telangana Gw,17.463314,78.493825,2015-04-01,2015,4,Pre-Monsoon,0.0
TSGWD_3062,Hyderabad,Hyderabad,Telangana Gw,17.463314,78.493825,2015-05-01,2015,5,Pre-Monsoon,0.0
TSGWD_3062,Hyderabad,Hyderabad,Telangana Gw,17.463314,78.493825,2015-06-01,2015,6,Kharif,0.0
TSGWD_3062,Hyderabad,Hyderabad,Telangana Gw,17.463314,78.493825,2015-07-01,2015,7,Kharif,0.0
TSGWD_3062,Hyderabad,Hyderabad,Telangana Gw,17.463314,78.493825,2015-08-01,2015,8,Kharif,0.0
TSGWD_3062,Hyderabad,Hyderabad,Telangana Gw,17.463314,78.493825,2015-09-01,2015,9,Kharif,0.0
TSGWD_3062,Hyderabad,Hyderabad,Telangana Gw,17.463314,78.493825,2015-10-01,2015,10,Post-Monsoon,0.0
TSGWD_3062,Hyderabad,Hyderabad,Telangana Gw,17.463314,78.493825,2015-11-01,2015,11,Post-Monsoon,0.0
TSGWD_3062,Hyderabad,Hyderabad,Telangana Gw,17.463314,78.493825,2015-12-01,2015,12,Post-Monsoon,0.0
TSGWD_3062,Hyderabad,Hyderabad,Telangana Gw,17.463314,78.493825,2016-01-01,2016,1,Rabi,0.0
TSGWD_3062,Hyderabad,Hyderabad,Telangana Gw,17.463314,78.493825,2016-02-01,2016,2,Rabi,0.0
TSGWD_3062,Hyderabad,Hyderabad,Telangana Gw,17.463314,78.493825,2016-03-01,2016,3,Pre-Monsoon,0.0
TSGWD_3062,Hyderabad,Hyderabad,Telangana Gw,17.463314,78.493825,2016-04-01,2016,4,Pre-Monsoon,0.0
TSGWD_3062,Hyderabad,Hyderabad,Telangana Gw,17.463314,78.493825,2016-05-01,2016,5,Pre-Monsoon,0.0
TSGWD_3062,Hyderabad,Hyderabad,Telangana Gw,17.463314,78.493825,2016-06-01,2016,6,Kharif,0.0
TSGWD_3062,Hyderabad,Hyderabad,Telangana Gw,17.463314,78.493825,2016-07-01,2016,7,Kharif,0.0
TSGWD_3062,Hyderabad,Hyderabad,Telangana Gw,17.463314,78.493825,2016-08-01,2016,8,Kharif,0.0
TSGWD_3062,Hyderabad,Hyderabad,Telangana Gw,17.463314,78.493825,2016-09-01,2016,9,Kharif,0.0
TSGWD_3062,Hyderabad,Hyderabad,Telangana Gw,17.463314,78.493825,2016-10-01,2016,10,Post-Monsoon,0.0
TSGWD_3062,Hyderabad,Hyderabad,Telangana Gw,17.463314,78.493825,2016-11-01,2016,11,Post-Monsoon,0.0
TSGWD_3062,Hyderabad,Hyderabad,Telangana Gw,17.463314,78.493825,2016-12-01,2016,12,Post-Monsoon,0.0
TSGWD_3062,Hyderabad,Hyderabad,Telangana Gw,17.463314,78.493825,2018-02-18,2018,2,Rabi,0.0
TSGWD_3062,Hyderabad,Hyderabad,Telangana Gw,17.463314,78.493825,2018-03-18,2018,3,Pre-Monsoon,0.0
TSGWD_3062,Hyderabad,Hyderabad,Telangana Gw,17.463314,78.493825,2018-04-18,2018,4,Pre-Monsoon,10.68
TSGWD_3062,Hyderabad,Hyderabad,Telangana Gw,17.463314,78.493825,2018-05-18,2018,5,Pre-Monsoon,11.54
TSGWD_3062,Hyderabad,Hyderabad,Telangana Gw,17.463314,78.493825,2018-06-18,2018,6,Kharif,13.84
TSGWD_3062,Hyderabad,Hyderabad,Telangana Gw,17.463314,78.493825,2018-07-18,2018,7,Kharif,10.82
TSGWD_3062,Hyderabad,Hyderabad,Telangana Gw,17.463314,78.493825,2018-08-18,2018,8,Kharif,10.09
TSGWD_3062,Hyderabad,Hyderabad,Telangana Gw,17.463314,78.493825,2018-09-18,2018,9,Kharif,9.19
TSGWD_3062,Hyderabad,Hyderabad,Telangana Gw,17.463314,78.493825,2018-10-18,2018,10,Post-Monsoon,12.31
TSGWD_3062,Hyderabad,Hyderabad,Telangana Gw,17.463314,78.493825,2018-11-18,2018,11,Post-Monsoon,13.69
TSGWD_3062,Hyderabad,Hyderabad,Telangana Gw,17.463314,78.493825,2018-12-18,2018,12,Post-Monsoon,13.81
TSGWD_3062,Hyderabad,Hyderabad,Telangana Gw,17.463314,78.493825,2019-01-18,2019,1,Rabi,13.99
TSGWD_3062,Hyderabad,Hyderabad,Telangana Gw,17.463314,78.493825,2019-02-01,2019,2,Rabi,14.01
TSGWD_3062,Hyderabad,Hyderabad,Telangana Gw,17.463314,78.493825,2019-03-01,2019,3,Pre-Monsoon,17.58
TSGWD_3062,Hyderabad,Hyderabad,Telangana Gw,17.463314,78.493825,2019-04-01,2019,4,Pre-Monsoon,21.12
TSGWD_3062,Hyderabad,Hyderabad,Telangana Gw,17.463314,78.493825,2019-05-19,2019,5,Pre-Monsoon,22.01
TSGWD_3062,Hyderabad,Hyderabad,Telangana Gw,17.463314,78.493825,2019-06-19,2019,6,Kharif,22.11
TSGWD_3062,Hyderabad,Hyderabad,Telangana Gw,17.463314,78.493825,2019-07-01,2019,7,Kharif,0.0
TSGWD_3062,Hyderabad,Hyderabad,Telangana Gw,17.463314,78.493825,2019-08-01,2019,8,Kharif,0.0
TSGWD_3062,Hyderabad,Hyderabad,Telangana Gw,17.463314,78.493825,2019-09-01,2019,9,Kharif,0.0
TSGWD_3062,Hyderabad,Hyderabad,Telangana Gw,17.463314,78.493825,2019-10-22,2019,10,Post-Monsoon,17.15
TSGWD_3062,Hyderabad,Hyderabad,Telangana Gw,17.463314,78.493825,2019-11-22,2019,11,Post-Monsoon,6.15
TSGWD_3062,Hyderabad,Hyderabad,Telangana Gw,17.463314,78.493825,2019-12-22,2019,12,Post-Monsoon,6.88
TSGWD_4001,Hyderabad,Hyderabad,Telangana Gw,17.412964,78.415346,2007-05-01,2007,5,Pre-Monsoon,0.0
TSGWD_4001,Hyderabad,Hyderabad,Telangana Gw,17.412964,78.415346,2007-06-01,2007,6,Kharif,0.0
TSGWD_4001,Hyderabad,Hyderabad,Telangana Gw,17.412964,78.415346,2007-07-01,2007,7,Kharif,0.0
TSGWD_4001,Hyderabad,Hyderabad,Telangana Gw,17.412964,78.415346,2007-08-01,2007,8,Kharif,0.0
TSGWD_4001,Hyderabad,Hyderabad,Telangana Gw,17.412964,78.415346,2007-09-01,2007,9,Kharif,0.0
TSGWD_4001,Hyderabad,Hyderabad,Telangana Gw,17.412964,78.415346,2007-10-01,2007,10,Post-Monsoon,0.0
TSGWD_4001,Hyderabad,Hyderabad,Telangana Gw,17.412964,78.415346,2007-11-01,2007,11,Post-Monsoon,0.0
TSGWD_4001,Hyderabad,Hyderabad,Telangana Gw,17.412964,78.415346,2007-12-01,2007,12,Post-Monsoon,0.0
TSGWD_4001,Hyderabad,Hyderabad,Telangana Gw,17.412964,78.415346,2008-01-01,2008,1,Rabi,0.0
TSGWD_4001,Hyderabad,Hyderabad,Telangana Gw,17.412964,78.415346,2008-02-01,2008,2,Rabi,0.0
TSGWD_4001,Hyderabad,Hyderabad,Telangana Gw,17.412964,78.415346,2008-03-01,2008,3,Pre-Monsoon,0.0
TSGWD_4001,Hyderabad,Hyderabad,Telangana Gw,17.412964,78.415346,2008-04-01,2008,4,Pre-Monsoon,0.0
TSGWD_4001,Hyderabad,Hyderabad,Telangana Gw,17.412964,78.415346,2008-05-01,2008,5,Pre-Monsoon,0.0
TSGWD_4001,Hyderabad,Hyderabad,Telangana Gw,17.412964,78.415346,2008-06-01,2008,6,Kharif,0.0
TSGWD_4001,Hyderabad,Hyderabad,Telangana Gw,17.412964,78.415346,2008-07-01,2008,7,Kharif,0.0
TSGWD_4001,Hyderabad,Hyderabad,Telangana Gw,17.412964,78.415346,2008-08-01,2008,8,Kharif,0.0
TSGWD_4001,Hyderabad,Hyderabad,Telangana Gw,17.412964,78.415346,2008-09-01,2008,9,Kharif,0.0
TSGWD_4001,Hyderabad,Hyderabad,Telangana Gw,17.412964,78.415346,2008-10-01,2008,10,Post-Monsoon,0.0
TSGWD_4001,Hyderabad,Hyderabad,Telangana Gw,17.412964,78.415346,2008-11-01,2008,11,Post-Monsoon,0.0
TSGWD_4001,Hyderabad,Hyderabad,Telangana Gw,17.412964,78.415346,2008-12-01,2008,12,Post-Monsoon,0.0
TSGWD_4001,Hyderabad,Hyderabad,Telangana Gw,17.412964,78.415346,2009-01-01,2009,1,Rabi,0.0
TSGWD_4001,Hyderabad,Hyderabad,Telangana Gw,17.412964,78.415346,2009-02-01,2009,2,Rabi,0.0
TSGWD_4001,Hyderabad,Hyderabad,Telangana Gw,17.412964,78.415346,2009-03-01,2009,3,Pre-Monsoon,0.0
TSGWD_4001,Hyderabad,Hyderabad,Telangana Gw,17.412964,78.415346,2009-04-01,2009,4,Pre-Monsoon,0.0
TSGWD_4001,Hyderabad,Hyderabad,Telangana Gw,17.412964,78.415346,2009-05-01,2009,5,Pre-Monsoon,0.0
TSGWD_4001,Hyderabad,Hyderabad,Telangana Gw,17.412964,78.415346,2009-06-01,2009,6,Kharif,0.0
TSGWD_4001,Hyderabad,Hyderabad,Telangana Gw,17.412964,78.415346,2009-07-01,2009,7,Kharif,0.0
TSGWD_4001,Hyderabad,Hyderabad,Telangana Gw,17.412964,78.415346,2009-08-01,2009,8,Kharif,0.0
TSGWD_4001,Hyderabad,Hyderabad,Telangana Gw,17.412964,78.415346,2009-09-01,2009,9,Kharif,0.0
TSGWD_4001,Hyderabad,Hyderabad,Telangana Gw,17.412964,78.415346,2009-10-01,2009,10,Post-Monsoon,0.0
TSGWD_4001,Hyderabad,Hyderabad,Telangana Gw,17.412964,78.415346,2009-11-01,2009,11,Post-Monsoon,0.0
TSGWD_4001,Hyderabad,Hyderabad,Telangana Gw,17.412964,78.415346,2009-12-01,2009,12,Post-Monsoon,0.0
TSGWD_4001,Hyderabad,Hyderabad,Telangana Gw,17.412964,78.415346,2010-01-01,2010,1,Rabi,0.0
TSGWD_4001,Hyderabad,Hyderabad,Telangana Gw,17.412964,78.415346,2010-02-01,2010,2,Rabi,0.0
TSGWD_4001,Hyderabad,Hyderabad,Telangana Gw,17.412964,78.415346,2010-03-01,2010,3,Pre-Monsoon,0.0
TSGWD_4001,Hyderabad,Hyderabad,Telangana Gw,17.412964,78.415346,2010-04-01,2010,4,Pre-Monsoon,0.0
TSGWD_4001,Hyderabad,Hyderabad,Telangana Gw,17.412964,78.415346,2010-05-01,2010,5,Pre-Monsoon,0.0
TSGWD_4001,Hyderabad,Hyderabad,Telangana Gw,17.412964,78.415346,2010-06-01,2010,6,Kharif,0.0
TSGWD_4001,Hyderabad,Hyderabad,Telangana Gw,17.412964,78.415346,2010-07-01,2010,7,Kharif,0.0
TSGWD_4001,Hyderabad,Hyderabad,Telangana Gw,17.412964,78.415346,2010-08-01,2010,8,Kharif,0.0
TSGWD_4001,Hyderabad,Hyderabad,Telangana Gw,17.412964,78.415346,2010-09-01,2010,9,Kharif,0.0
TSGWD_4001,Hyderabad,Hyderabad,Telangana Gw,17.412964,78.415346,2010-10-01,2010,10,Post-Monsoon,0.0
TSGWD_4001,Hyderabad,Hyderabad,Telangana Gw,17.412964,78.415346,2010-11-01,2010,11,Post-Monsoon,0.0
TSGWD_4001,Hyderabad,Hyderabad,Telangana Gw,17.412964,78.415346,2010-12-01,2010,12,Post-Monsoon,0.0
TSGWD_4001,Hyderabad,Hyderabad,Telangana Gw,17.412964,78.415346,2011-01-01,2011,1,Rabi,0.0
TSGWD_4001,Hyderabad,Hyderabad,Telangana Gw,17.412964,78.415346,2011-02-01,2011,2,Rabi,0.0
TSGWD_4001,Hyderabad,Hyderabad,Telangana Gw,17.412964,78.415346,2011-03-01,2011,3,Pre-Monsoon,0.0
TSGWD_4001,Hyderabad,Hyderabad,Telangana Gw,17.412964,78.415346,2011-04-01,2011,4,Pre-Monsoon,0.0
TSGWD_4001,Hyderabad,Hyderabad,Telangana Gw,17.412964,78.415346,2011-05-01,2011,5,Pre-Monsoon,0.0
TSGWD_4001,Hyderabad,Hyderabad,Telangana Gw,17.412964,78.415346,2011-06-01,2011,6,Kharif,0.0
TSGWD_4001,Hyderabad,Hyderabad,Telangana Gw,17.412964,78.415346,2011-07-01,2011,7,Kharif,0.0
TSGWD_4001,Hyderabad,Hyderabad,Telangana Gw,17.412964,78.415346,2011-08-01,2011,8,Kharif,0.0
TSGWD_4001,Hyderabad,Hyderabad,Telangana Gw,17.412964,78.415346,2011-09-01,2011,9,Kharif,0.0
TSGWD_4001,Hyderabad,Hyderabad,Telangana Gw,17.412964,78.415346,2011-10-01,2011,10,Post-Monsoon,0.0
TSGWD_4001,Hyderabad,Hyderabad,Telangana Gw,17.412964,78.415346,2011-11-01,2011,11,Post-Monsoon,0.0
TSGWD_4001,Hyderabad,Hyderabad,Telangana Gw,17.412964,78.415346,2011-12-01,2011,12,Post-Monsoon,0.0
TSGWD_4001,Hyderabad,Hyderabad,Telangana Gw,17.412964,78.415346,2012-01-01,2012,1,Rabi,0.0
TSGWD_4001,Hyderabad,Hyderabad,Telangana Gw,17.412964,78.415346,2012-02-01,2012,2,Rabi,0.0
TSGWD_4001,Hyderabad,Hyderabad,Telangana Gw,17.412964,78.415346,2012-03-01,2012,3,Pre-Monsoon,0.0
TSGWD_4001,Hyderabad,Hyderabad,Telangana Gw,17.412964,78.415346,2012-04-01,2012,4,Pre-Monsoon,0.0
TSGWD_4001,Hyderabad,Hyderabad,Telangana Gw,17.412964,78.415346,2012-05-01,2012,5,Pre-Monsoon,0.0
TSGWD_4001,Hyderabad,Hyderabad,Telangana Gw,17.412964,78.415346,2012-06-01,2012,6,Kharif,0.0
TSGWD_4001,Hyderabad,Hyderabad,Telangana Gw,17.412964,78.415346,2012-07-01,2012,7,Kharif,0.0
TSGWD_4001,Hyderabad,Hyderabad,Telangana Gw,17.412964,78.415346,2012-08-01,2012,8,Kharif,0.0
TSGWD_4001,Hyderabad,Hyderabad,Telangana Gw,17.412964,78.415346,2012-09-01,2012,9,Kharif,0.0
TSGWD_4001,Hyderabad,Hyderabad,Telangana Gw,17.412964,78.415346,2012-10-01,2012,10,Post-Monsoon,0.0
TSGWD_4001,Hyderabad,Hyderabad,Telangana Gw,17.412964,78.415346,2012-11-01,2012,11,Post-Monsoon,0.0
TSGWD_4001,Hyderabad,Hyderabad,Telangana Gw,17.412964,78.415346,2012-12-01,2012,12,Post-Monsoon,0.0
TSGWD_4001,Hyderabad,Hyderabad,Telangana Gw,17.412964,78.415346,2013-01-01,2013,1,Rabi,0.0
TSGWD_4001,Hyderabad,Hyderabad,Telangana Gw,17.412964,78.415346,2013-02-01,2013,2,Rabi,0.0
TSGWD_4001,Hyderabad,Hyderabad,Telangana Gw,17.412964,78.415346,2013-03-01,2013,3,Pre-Monsoon,0.0
TSGWD_4001,Hyderabad,Hyderabad,Telangana Gw,17.412964,78.415346,2013-04-01,2013,4,Pre-Monsoon,0.0
TSGWD_4001,Hyderabad,Hyderabad,Telangana Gw,17.412964,78.415346,2013-05-01,2013,5,Pre-Monsoon,0.0
TSGWD_4001,Hyderabad,Hyderabad,Telangana Gw,17.412964,78.415346,2013-06-01,2013,6,Kharif,0.0
TSGWD_4001,Hyderabad,Hyderabad,Telangana Gw,17.412964,78.415346,2013-07-01,2013,7,Kharif,0.0
TSGWD_4001,Hyderabad,Hyderabad,Telangana Gw,17.412964,78.415346,2013-08-01,2013,8,Kharif,0.0
TSGWD_4001,Hyderabad,Hyderabad,Telangana Gw,17.412964,78.415346,2013-09-01,2013,9,Kharif,0.0
TSGWD_4001,Hyderabad,Hyderabad,Telangana Gw,17.412964,78.415346,2013-10-01,2013,10,Post-Monsoon,0.0
TSGWD_4001,Hyderabad,Hyderabad,Telangana Gw,17.412964,78.415346,2013-11-01,2013,11,Post-Monsoon,0.0
TSGWD_4001,Hyderabad,Hyderabad,Telangana Gw,17.412964,78.415346,2013-12-01,2013,12,Post-Monsoon,0.0
TSGWD_4001,Hyderabad,Hyderabad,Telangana Gw,17.412964,78.415346,2014-01-01,2014,1,Rabi,0.0
TSGWD_4001,Hyderabad,Hyderabad,Telangana Gw,17.412964,78.415346,2014-02-01,2014,2,Rabi,0.0
TSGWD_4001,Hyderabad,Hyderabad,Telangana Gw,17.412964,78.415346,2014-03-01,2014,3,Pre-Monsoon,0.0
TSGWD_4001,Hyderabad,Hyderabad,Telangana Gw,17.412964,78.415346,2014-04-01,2014,4,Pre-Monsoon,0.0
TSGWD_4001,Hyderabad,Hyderabad,Telangana Gw,17.412964,78.415346,2014-05-01,2014,5,Pre-Monsoon,0.0
TSGWD_4001,Hyderabad,Hyderabad,Telangana Gw,17.412964,78.415346,2014-06-01,2014,6,Kharif,0.0
TSGWD_4001,Hyderabad,Hyderabad,Telangana Gw,17.412964,78.415346,2014-07-01,2014,7,Kharif,0.0
TSGWD_4001,Hyderabad,Hyderabad,Telangana Gw,17.412964,78.415346,2014-08-01,2014,8,Kharif,0.0
TSGWD_4001,Hyderabad,Hyderabad,Telangana Gw,17.412964,78.415346,2014-09-01,2014,9,Kharif,0.0
TSGWD_4001,Hyderabad,Hyderabad,Telangana Gw,17.412964,78.415346,2014-10-01,2014,10,Post-Monsoon,0.0
TSGWD_4001,Hyderabad,Hyderabad,Telangana Gw,17.412964,78.415346,2014-11-01,2014,11,Post-Monsoon,0.0
TSGWD_4001,Hyderabad,Hyderabad,Telangana Gw,17.412964,78.415346,2014-12-01,2014,12,Post-Monsoon,0.0
TSGWD_4001,Hyderabad,Hyderabad,Telangana Gw,17.412964,78.415346,2015-01-01,2015,1,Rabi,0.0
TSGWD_4001,Hyderabad,Hyderabad,Telangana Gw,17.412964,78.415346,2015-02-01,2015,2,Rabi,0.0
TSGWD_4001,Hyderabad,Hyderabad,Telangana Gw,17.412964,78.415346,2015-03-01,2015,3,Pre-Monsoon,0.0
TSGWD_4001,Hyderabad,Hyderabad,Telangana Gw,17.412964,78.415346,2015-04-01,2015,4,Pre-Monsoon,0.0
TSGWD_4001,Hyderabad,Hyderabad,Telangana Gw,17.412964,78.415346,2015-05-01,2015,5,Pre-Monsoon,0.0
TSGWD_4001,Hyderabad,Hyderabad,Telangana Gw,17.412964,78.415346,2015-06-01,2015,6,Kharif,0.0
TSGWD_4001,Hyderabad,Hyderabad,Telangana Gw,17.412964,78.415346,2015-07-01,2015,7,Kharif,0.0
TSGWD_4001,Hyderabad,Hyderabad,Telangana Gw,17.412964,78.415346,2015-08-01,2015,8,Kharif,0.0
TSGWD_4001,Hyderabad,Hyderabad,Telangana Gw,17.412964,78.415346,2015-09-01,2015,9,Kharif,0.0
TSGWD_4001,Hyderabad,Hyderabad,Telangana Gw,17.412964,78.415346,2015-10-01,2015,10,Post-Monsoon,0.0
TSGWD_4001,Hyderabad,Hyderabad,Telangana Gw,17.412964,78.415346,2015-11-01,2015,11,Post-Monsoon,0.0
TSGWD_4001,Hyderabad,Hyderabad,Telangana Gw,17.412964,78.415346,2015-12-01,2015,12,Post-Monsoon,0.0
TSGWD_4001,Hyderabad,Hyderabad,Telangana Gw,17.412964,78.415346,2016-01-01,2016,1,Rabi,0.0
TSGWD_4001,Hyderabad,Hyderabad,Telangana Gw,17.412964,78.415346,2016-02-01,2016,2,Rabi,0.0
TSGWD_4001,Hyderabad,Hyderabad,Telangana Gw,17.412964,78.415346,2016-03-01,2016,3,Pre-Monsoon,0.0
TSGWD_4001,Hyderabad,Hyderabad,Telangana Gw,17.412964,78.415346,2016-04-01,2016,4,Pre-Monsoon,0.0
TSGWD_4001,Hyderabad,Hyderabad,Telangana Gw,17.412964,78.415346,2016-05-01,2016,5,Pre-Monsoon,0.0
TSGWD_4001,Hyderabad,Hyderabad,Telangana Gw,17.412964,78.415346,2016-06-01,2016,6,Kharif,0.0
TSGWD_4001,Hyderabad,Hyderabad,Telangana Gw,17.412964,78.415346,2016-07-01,2016,7,Kharif,0.0
TSGWD_4001,Hyderabad,Hyderabad,Telangana Gw,17.412964,78.415346,2016-08-01,2016,8,Kharif,0.0
TSGWD_4001,Hyderabad,Hyderabad,Telangana Gw,17.412964,78.415346,2016-09-01,2016,9,Kharif,0.0
TSGWD_4001,Hyderabad,Hyderabad,Telangana Gw,17.412964,78.415346,2016-10-01,2016,10,Post-Monsoon,0.0
TSGWD_4001,Hyderabad,Hyderabad,Telangana Gw,17.412964,78.415346,2016-11-01,2016,11,Post-Monsoon,0.0
TSGWD_4001,Hyderabad,Hyderabad,Telangana Gw,17.412964,78.415346,2016-12-01,2016,12,Post-Monsoon,0.0
TSGWD_4001,Hyderabad,Hyderabad,Telangana Gw,17.412964,78.415346,2018-02-18,2018,2,Rabi,0.0
TSGWD_4001,Hyderabad,Hyderabad,Telangana Gw,17.412964,78.415346,2018-03-18,2018,3,Pre-Monsoon,0.0
TSGWD_4001,Hyderabad,Hyderabad,Telangana Gw,17.412964,78.415346,2018-04-18,2018,4,Pre-Monsoon,6.14
TSGWD_4001,Hyderabad,Hyderabad,Telangana Gw,17.412964,78.415346,2018-05-18,2018,5,Pre-Monsoon,5.95
TSGWD_4001,Hyderabad,Hyderabad,Telangana Gw,17.412964,78.415346,2018-06-18,2018,6,Kharif,6.35
TSGWD_4001,Hyderabad,Hyderabad,Telangana Gw,17.412964,78.415346,2018-07-18,2018,7,Kharif,4.82
TSGWD_4001,Hyderabad,Hyderabad,Telangana Gw,17.412964,78.415346,2018-08-18,2018,8,Kharif,3.18
TSGWD_4001,Hyderabad,Hyderabad,Telangana Gw,17.412964,78.415346,2018-09-18,2018,9,Kharif,3.12
TSGWD_4001,Hyderabad,Hyderabad,Telangana Gw,17.412964,78.415346,2018-10-18,2018,10,Post-Monsoon,3.18
TSGWD_4001,Hyderabad,Hyderabad,Telangana Gw,17.412964,78.415346,2018-11-18,2018,11,Post-Monsoon,4.25
TSGWD_4001,Hyderabad,Hyderabad,Telangana Gw,17.412964,78.415346,2018-12-18,2018,12,Post-Monsoon,4.31
TSGWD_4001,Hyderabad,Hyderabad,Telangana Gw,17.412964,78.415346,2019-01-18,2019,1,Rabi,4.88
TSGWD_4001,Hyderabad,Hyderabad,Telangana Gw,17.412964,78.415346,2019-02-01,2019,2,Rabi,5.51
TSGWD_4001,Hyderabad,Hyderabad,Telangana Gw,17.412964,78.415346,2019-03-01,2019,3,Pre-Monsoon,6.3
TSGWD_4001,Hyderabad,Hyderabad,Telangana Gw,17.412964,78.415346,2019-04-01,2019,4,Pre-Monsoon,6.39
TSGWD_4001,Hyderabad,Hyderabad,Telangana Gw,17.412964,78.415346,2019-05-19,2019,5,Pre-Monsoon,7.07
TSGWD_4001,Hyderabad,Hyderabad,Telangana Gw,17.412964,78.415346,2019-06-19,2019,6,Kharif,4.32
TSGWD_4001,Hyderabad,Hyderabad,Telangana Gw,17.412964,78.415346,2019-07-01,2019,7,Kharif,3.97
TSGWD_4001,Hyderabad,Hyderabad,Telangana Gw,17.412964,78.415346,2019-08-01,2019,8,Kharif,3.22
TSGWD_4001,Hyderabad,Hyderabad,Telangana Gw,17.412964,78.415346,2019-09-01,2019,9,Kharif,3.07
TSGWD_4001,Hyderabad,Hyderabad,Telangana Gw,17.412964,78.415346,2019-10-22,2019,10,Post-Monsoon,4.18
TSGWD_4001,Hyderabad,Hyderabad,Telangana Gw,17.412964,78.415346,2019-11-22,2019,11,Post-Monsoon,3.45
TSGWD_4001,Hyderabad,Hyderabad,Telangana Gw,17.412964,78.415346,2019-12-22,2019,12,Post-Monsoon,3.64
