well_name,latitude,longitude,district,tehsil,block,village,agency,state,basin,n_observations,first_obs,last_obs,mean_depth_m,std_depth_m,min_depth_m,max_depth_m,years_coverage,clay_pct,soil_ph,sand_pct,silt_pct,soc_dg_kg,elevation_m,lulc_code,lulc_label
TSGWD_1001,19.67,78.52,Adilabad,Adilabad,Adilabad,Adilabad,Telangana Gw,Telangana,,154,2007-05-01 00:00:00,2023-07-25 12:00:00,8.531623376623376,4.140363640178724,0.9,17.25,16.2,,,,,,264.0,40.0,Cropland
TSGWD_1002,19.45888889,78.35083333,Adilabad,Adilabad,Bazarhatnoor,Bazarhatnoor,Telangana Gw,Telangana,,153,2007-05-01 00:00:00,2023-07-25 12:00:00,9.51156862745098,10.635294586623935,0.83,38.6,16.2,40.6,7.3,26.3,33.1,111.0,444.0,40.0,Cropland
TSGWD_1003,19.684431,78.848456,Adilabad,Adilabad,,,Telangana Gw,Telangana,,68,2007-05-01 00:00:00,2023-07-25 12:00:00,7.61985294117647,0.9708812624683392,4.36,9.6,16.2,38.4,7.0,31.7,29.9,174.0,258.0,40.0,Cropland
TSGWD_1004,19.83196,78.37931,Adilabad,Adilabad,,,Telangana Gw,Telangana,,54,2007-05-01 00:00:00,2023-07-25 12:00:00,7.339259259259259,1.735510203762997,1.89,13.89,16.2,38.6,7.1,30.4,31.0,130.0,236.0,40.0,Cropland
TSGWD_1005,19.77222222,78.41777778,Adilabad,Adilabad,Bheempoor,Bheempur,Telangana Gw,Telangana,,68,2007-05-01 00:00:00,2023-07-25 12:00:00,6.628970588235294,1.635836670044518,1.84,14.3,16.2,38.8,7.1,31.1,30.1,130.0,253.0,40.0,Cropland
TSGWD_1006,19.342416,78.316527,Adilabad,Adilabad,,,Telangana Gw,Telangana,,46,2007-05-01 00:00:00,2023-07-25 12:00:00,8.284347826086956,2.463076353013228,3.65,15.0,16.2,43.8,7.3,23.9,32.3,113.0,448.0,40.0,Cropland
TSGWD_1007,19.525555,78.512222,Adilabad,Adilabad,,,Telangana Gw,Telangana,,149,2007-05-01 00:00:00,2023-07-25 12:00:00,11.281812080536913,7.782140247342792,0.7,26.7,16.2,37.6,7.1,25.5,36.8,128.0,437.0,40.0,Cropland
TSGWD_1008,19.739722,78.546472,Adilabad,Adilabad,,,Telangana Gw,Telangana,,68,2007-05-01 00:00:00,2023-07-25 12:00:00,11.814411764705882,4.809374981067316,1.1,29.8,16.2,37.5,7.2,32.3,30.2,137.0,245.0,40.0,Cropland
TSGWD_1009,19.730555,78.64,Adilabad,Adilabad,,,Telangana Gw,Telangana,,154,2007-05-01 00:00:00,2023-07-25 12:00:00,3.9657142857142857,2.360340303686388,0.3,8.6,16.2,38.6,7.2,29.8,31.5,134.0,229.0,40.0,Cropland
TSGWD_1010,19.49555556,78.85277778,Adilabad,Adilabad,Namoor,Namoor,Telangana Gw,Telangana,,133,2007-05-01 00:00:00,2023-07-25 12:00:00,3.625714285714285,1.916183978369781,0.11,7.65,16.2,38.9,7.1,26.8,34.3,160.0,480.0,40.0,Cropland
TSGWD_1011,19.29375,78.41216,Adilabad,Adilabad,,,Telangana Gw,Telangana,,145,2007-05-01 00:00:00,2023-07-25 12:00:00,14.978344827586207,14.001295873249312,0.4,58.25,16.2,38.1,7.1,28.3,33.5,159.0,443.0,40.0,Cropland
TSGWD_1012,19.612944,78.463111,Adilabad,Adilabad,,,Telangana Gw,Telangana,,68,2007-05-01 00:00:00,2023-07-25 12:00:00,6.6838235294117645,1.9173434898175048,2.0,9.65,16.2,37.3,7.3,25.9,36.8,114.0,298.0,40.0,Cropland
TSGWD_1013,19.63305556,78.39694444,Adilabad,Adilabad,Tallamadugu,Tallamadugu,Telangana Gw,Telangana,,146,2007-05-01 00:00:00,2023-07-25 12:00:00,4.971027397260274,1.4731363349375302,1.75,8.52,16.2,37.1,7.1,27.0,35.9,151.0,300.0,40.0,Cropland
TSGWD_1014,19.6811,78.4268,Adilabad,Adilabad,,,Telangana Gw,Telangana,,145,2007-05-01 00:00:00,2023-07-25 12:00:00,4.733379310344827,1.5025276022097902,0.79,7.6,16.2,35.9,7.3,27.5,36.6,124.0,285.0,40.0,Cropland
TSGWD_1015,19.3789,78.7685,Adilabad,Adilabad,,,Telangana Gw,Telangana,,154,2007-05-01 00:00:00,2023-07-25 12:00:00,4.8361038961038965,1.95808139779144,0.61,8.23,16.2,39.7,7.1,25.7,34.5,117.0,388.0,40.0,Cropland
TSGWD_1020,17.82975,80.475008,Bhadradri,Bhadradri,,,Telangana Gw,Telangana,,40,2007-05-01 00:00:00,2023-07-25 12:00:00,6.1145000000000005,2.105561561004448,2.03,9.25,16.2,25.4,6.6,41.3,33.4,180.0,185.0,40.0,Cropland
TSGWD_1021,17.354519,80.826104,Bhadradri,Bhadradri,,,Telangana Gw,Telangana,,153,2007-05-01 00:00:00,2023-07-25 12:00:00,14.868692810457516,1.8121536666609448,1.98,19.69,16.2,26.8,6.0,47.1,26.1,287.0,304.0,40.0,Cropland
TSGWD_1022,17.841678,80.809241,Bhadradri,Bhadradri,,,Telangana Gw,Telangana,,141,2007-05-01 00:00:00,2023-07-25 12:00:00,5.519929078014184,2.1844530196216496,0.64,11.14,16.2,28.4,6.7,38.8,32.8,214.0,88.0,40.0,Cropland
TSGWD_1023,17.2442,81.1106,Bhadradri,Bhadradri,,,Telangana Gw,Telangana,,154,2007-05-01 00:00:00,2023-07-25 12:00:00,29.96233766233766,2.335901609589622,19.18,34.95,16.2,24.7,6.3,45.2,30.1,195.0,199.0,40.0,Cropland
TSGWD_1024,17.666775,80.900922,Bhadradri,Bhadradri,,,Telangana Gw,Telangana,,40,2007-05-01 00:00:00,2020-01-22 00:00:00,7.47725,3.695002159882787,1.12,15.5,12.7,,,,,,59.0,40.0,Cropland
TSGWD_1025,17.6447,80.7911,Bhadradri,Bhadradri,,,Telangana Gw,Telangana,,154,2007-05-01 00:00:00,2023-07-25 12:00:00,10.053376623376623,5.091982320151063,0.97,22.94,16.2,28.4,6.7,36.7,34.9,180.0,76.0,40.0,Cropland
TSGWD_1026,17.39861111,80.61055556,Bhadradri,Bhadradri,Chandrugonda,Ravikampadu,Telangana Gw,Telangana,,154,2007-05-01 00:00:00,2023-07-25 12:00:00,11.224350649350647,3.721557219455227,1.8,31.76,16.2,26.5,6.6,41.8,31.7,170.0,135.0,40.0,Cropland
TSGWD_1027,18.07444444,80.83111111,Bhadradri,Bhadradri,Chandrugonda,Cherla,Telangana Gw,Telangana,,41,2007-05-01 00:00:00,2023-07-25 12:00:00,3.892682926829268,2.1958017036953086,0.52,8.32,16.2,28.3,6.6,36.7,35.1,198.0,87.0,40.0,Cropland
TSGWD_1028,17.529,80.608,Bhadradri,Bhadradri,,,Telangana Gw,Telangana,,40,2007-05-01 00:00:00,2020-01-22 00:00:00,5.65275,2.2843357195226752,1.4,9.6,12.7,27.8,6.8,39.3,32.9,197.0,100.0,40.0,Cropland
TSGWD_1029,17.30888889,81.06777778,Bhadradri,Bhadradri,Dammapeta,Malkaram,Telangana Gw,Telangana,,41,2007-05-01 00:00:00,2023-07-25 12:00:00,11.905609756097562,2.893231799200065,5.65,17.05,16.2,23.6,6.4,43.5,32.9,177.0,179.0,40.0,Cropland
TSGWD_1030,17.8523,80.8937,Bhadradri,Bhadradri,,,Telangana Gw,Telangana,,150,2007-05-01 00:00:00,2023-07-25 12:00:00,2.314866666666666,1.6288336242205643,0.13,5.91,16.2,28.1,6.8,35.3,36.6,166.0,57.0,40.0,Cropland
TSGWD_1031,17.865819,80.412727,Bhadradri,Bhadradri,,,Telangana Gw,Telangana,,41,2007-05-01 00:00:00,2023-07-25 12:00:00,6.568292682926829,1.2268759155656783,3.22,8.89,16.2,28.3,6.6,42.0,29.8,187.0,190.0,40.0,Cropland
TSGWD_1032,17.4183,80.4828,Bhadradri,Bhadradri,,,Telangana Gw,Telangana,,154,2007-05-01 00:00:00,2023-07-25 12:00:00,7.296883116883117,2.4289682899472576,1.61,12.7,16.2,30.3,6.7,36.2,33.5,169.0,151.0,40.0,Cropland
TSGWD_1033,18.034655,80.568147,Bhadradri,Bhadradri,,,Telangana Gw,Telangana,,40,2007-05-01 00:00:00,2023-07-25 12:00:00,3.679,2.3542670480073697,0.3,7.6,16.2,28.4,6.7,37.4,34.2,167.0,121.0,40.0,Cropland
TSGWD_1034,17.548245,80.62317,Bhadradri,Bhadradri,,,Telangana Gw,Telangana,,40,2007-05-01 00:00:00,2023-07-25 12:00:00,27.3885,2.126334935143157,22.35,31.27,16.2,,,,,,112.0,40.0,Cropland
TSGWD_1035,17.573,80.619,Bhadradri,Bhadradri,,,Telangana Gw,Telangana,,41,2007-05-01 00:00:00,2023-07-25 12:00:00,7.504146341463415,2.7705639999914786,2.75,11.7,16.2,27.8,6.6,36.5,35.7,190.0,108.0,40.0,Cropland
TSGWD_1036,17.955,80.83,Bhadradri,Bhadradri,Manuguru,Manuguru,Telangana Gw,Telangana,,41,2007-05-01 00:00:00,2023-07-25 12:00:00,7.417804878048781,3.7383041022602232,1.45,14.16,16.2,32.5,6.7,31.9,35.6,180.0,69.0,40.0,Cropland
TSGWD_1037,17.5036,80.8319,Bhadradri,Bhadradri,,,Telangana Gw,Telangana,,41,2007-05-01 00:00:00,2023-07-25 12:00:00,8.656341463414634,2.3796751417972586,3.9,13.5,16.2,28.2,6.5,40.9,30.9,176.0,96.0,40.0,Cropland
TSGWD_1038,17.78083333,80.67916667,Bhadradri,Bhadradri,Palwancha,Ulavanoor,Telangana Gw,Telangana,,154,2007-05-01 00:00:00,2023-07-25 12:00:00,4.717987012987013,1.4539342074415875,0.5,9.11,16.2,26.4,6.7,41.2,32.4,184.0,153.0,40.0,Cropland
TSGWD_1039,17.488,80.589,Bhadradri,Bhadradri,,,Telangana Gw,Telangana,,40,2007-05-01 00:00:00,2020-01-22 00:00:00,8.905750000000001,3.4120855247495085,3.92,14.6,12.7,30.8,6.5,34.7,34.5,183.0,101.0,40.0,Cropland
TSGWD_1040,17.67444444,80.44361111,Bhadradri,Bhadradri,Tekulapalli,Bodu,Telangana Gw,Telangana,,154,2007-05-01 00:00:00,2023-07-25 12:00:00,5.295974025974027,1.59310463510904,1.5,13.6,16.2,28.5,6.7,39.2,32.3,190.0,181.0,40.0,Cropland
TSGWD_1041,17.543558,80.501917,Bhadradri,Bhadradri,,,Telangana Gw,Telangana,,146,2007-05-01 00:00:00,2023-07-25 12:00:00,7.511438356164384,3.352458899894848,1.48,15.5,16.2,27.8,6.7,39.1,33.0,150.0,132.0,40.0,Cropland
TSGWD_1042,17.5125,80.375,Bhadradri,Bhadradri,,,Telangana Gw,Telangana,,42,2007-05-01 00:00:00,2023-07-25 12:00:00,5.483809523809524,2.4933941529285546,1.84,9.25,16.2,29.1,6.7,40.7,30.2,192.0,187.0,40.0,Cropland
TSGWD_1043,18.4996,80.0572,Bhupalpally,Bhupalpally,,,Telangana Gw,Telangana,,56,2007-05-01 00:00:00,2023-07-25 12:00:00,3.2642857142857147,1.244658196443516,0.28,5.91,16.2,30.8,6.8,33.3,35.9,364.0,145.0,40.0,Cropland
TSGWD_1044,18.44111111,79.87694444,Bhupalpally,Bhupalpally,Bhupalpally,Bhupalpally,Telangana Gw,Telangana,,56,2007-05-01 00:00:00,2023-07-25 12:00:00,6.234642857142857,1.3972856339550417,2.52,8.68,16.2,33.0,6.8,33.0,34.1,310.0,203.0,40.0,Cropland
TSGWD_1045,18.389256,79.8072,Bhupalpally,Bhupalpally,,,Telangana Gw,Telangana,,56,2007-05-01 00:00:00,2023-07-25 12:00:00,17.606607142857143,8.581736267803262,3.17,33.25,16.2,30.7,6.9,32.0,37.3,187.0,171.0,40.0,Cropland
TSGWD_1046,18.3375,79.67194444,Bhupalpally,Bhupalpally,Chityala,Chityala,Telangana Gw,Telangana,,56,2007-05-01 00:00:00,2023-07-25 12:00:00,6.191249999999999,2.2673316816349245,0.73,10.96,16.2,31.2,7.0,31.5,37.3,155.0,192.0,40.0,Cropland
TSGWD_1047,18.38333333,79.73611111,Bhupalpally,Bhupalpally,Chityala,Jadalpet,Telangana Gw,Telangana,,56,2007-05-01 00:00:00,2023-07-25 12:00:00,14.460357142857143,10.916366855537392,0.73,34.72,16.2,33.5,7.0,32.0,34.5,165.0,183.0,40.0,Cropland
TSGWD_1048,18.3374,80.4232,Mulugu,Mulugu,,,Telangana Gw,Telangana,,153,2007-05-01 00:00:00,2020-01-22 00:00:00,10.377647058823529,1.6873502914901657,7.27,15.78,12.7,25.3,6.8,40.3,34.4,208.0,84.0,40.0,Cropland
TSGWD_1049,18.375514,79.835062,Bhupalpally,Bhupalpally,,,Telangana Gw,Telangana,,154,2007-05-01 00:00:00,2023-07-25 12:00:00,6.591103896103896,1.7933422850160403,1.93,13.65,16.2,32.2,6.8,31.9,35.9,334.0,175.0,40.0,Cropland
TSGWD_1050,18.3025,79.88861111,Bhupalpally,Bhupalpally,Ghanpur Mulug,Velthurlapally,Telangana Gw,Telangana,,56,2007-05-01 00:00:00,2023-07-25 12:00:00,4.536071428571429,2.8064793075838104,0.7,12.25,16.2,28.9,6.8,35.0,36.1,301.0,188.0,40.0,Cropland
TSGWD_1051,18.207438,80.171524,Mulugu,Mulugu,,,Telangana Gw,Telangana,,55,2007-05-01 00:00:00,2020-01-22 00:00:00,2.548,2.998841381205353,0.2,13.84,12.7,24.4,6.9,37.6,38.0,170.0,140.0,40.0,Cropland
TSGWD_1052,18.26166667,80.19444444,Mulugu,Mulugu,Govindaraopet,Project Nagar,Telangana Gw,Telangana,,55,2007-05-01 00:00:00,2020-01-22 00:00:00,4.290727272727273,2.548408984085629,0.92,21.41,12.7,28.2,6.9,40.9,30.9,189.0,140.0,40.0,Cropland
TSGWD_1053,18.5263,80.3454,Mulugu,Mulugu,,,Telangana Gw,Telangana,,54,2007-05-01 00:00:00,2020-01-22 00:00:00,7.316111111111111,4.259282611518033,3.52,35.6,12.7,29.9,6.7,33.2,36.9,372.0,89.0,40.0,Cropland
TSGWD_1054,18.69583333,79.88388889,Bhupalpally,Bhupalpally,Kataram,Jadaraopet,Telangana Gw,Telangana,,58,2007-05-01 00:00:00,2023-07-25 12:00:00,10.273275862068964,2.8147415125041504,4.4,15.08,16.2,36.1,7.0,24.7,39.2,157.0,141.0,40.0,Cropland
TSGWD_1055,18.550111,79.923666,Bhupalpally,Bhupalpally,,,Telangana Gw,Telangana,,58,2007-05-01 00:00:00,2023-07-25 12:00:00,13.213793103448277,5.239062400242607,1.97,21.7,16.2,28.1,6.8,33.7,38.2,366.0,164.0,40.0,Cropland
TSGWD_1056,18.62361111,79.86888889,Bhupalpally,Bhupalpally,Kataram,Regulagudem,Telangana Gw,Telangana,,58,2007-05-01 00:00:00,2023-07-25 12:00:00,23.64568965517241,6.945624676557928,7.1,36.0,16.2,33.7,7.1,26.2,40.1,311.0,151.0,40.0,Cropland
TSGWD_1057,18.6022,79.8983,Bhupalpally,Bhupalpally,,,Telangana Gw,Telangana,,136,2007-05-01 00:00:00,2023-07-25 12:00:00,13.46,5.704522572291022,3.7,30.6,16.2,33.9,7.0,27.8,38.3,167.0,159.0,40.0,Cropland
TSGWD_1058,18.56388889,79.99277778,Bhupalpally,Bhupalpally,Maha Mutharam,Stambampally,Telangana Gw,Telangana,,58,2007-05-01 00:00:00,2023-07-25 12:00:00,3.168793103448276,1.7482282535808271,0.91,7.9,16.2,32.9,6.9,32.1,35.1,337.0,132.0,40.0,Cropland
TSGWD_1059,18.573833,80.152333,Bhupalpally,Bhupalpally,,,Telangana Gw,Telangana,,58,2007-05-01 00:00:00,2023-07-25 12:00:00,5.089137931034483,2.17830473637205,1.28,17.15,16.2,33.1,6.9,32.2,34.7,210.0,122.0,40.0,Cropland
TSGWD_1060,18.695678,80.061858,Bhupalpally,Bhupalpally,,,Telangana Gw,Telangana,,149,2007-05-01 00:00:00,2023-07-25 12:00:00,17.47744966442953,2.800068086614855,11.0,24.14,16.2,32.8,7.0,28.0,39.1,165.0,113.0,40.0,Cropland
TSGWD_1061,18.762444,79.843138,Bhupalpally,Bhupalpally,,,Telangana Gw,Telangana,,58,2007-05-01 00:00:00,2023-07-25 12:00:00,18.948275862068964,6.496673139959971,9.77,35.75,16.2,35.2,7.0,26.3,38.5,152.0,124.0,40.0,Cropland
TSGWD_1062,18.80305556,79.90555556,Bhupalpally,Bhupalpally,Maha Mutharam,Kaleswaram,Telangana Gw,Telangana,,58,2007-05-01 00:00:00,2023-07-25 12:00:00,12.216206896551723,2.201612509197147,5.41,16.94,16.2,35.6,6.9,25.3,39.0,159.0,118.0,40.0,Cropland
TSGWD_1063,18.7206,79.9819,Bhupalpally,Bhupalpally,,,Telangana Gw,Telangana,,153,2007-05-01 00:00:00,2023-07-25 12:00:00,12.613071895424836,1.942203130822313,5.71,16.78,16.2,32.4,7.0,26.9,40.7,183.0,124.0,40.0,Cropland
TSGWD_1064,18.556805,79.785777,Bhupalpally,Bhupalpally,,,Telangana Gw,Telangana,,58,2007-05-01 00:00:00,2023-07-25 12:00:00,6.0536206896551725,1.677939105889484,1.91,10.38,16.2,33.9,7.1,23.9,42.3,335.0,137.0,40.0,Cropland
TSGWD_1065,18.2659,80.4747,Mulugu,Mulugu,,,Telangana Gw,Telangana,,55,2007-05-01 00:00:00,2020-01-22 00:00:00,11.772,1.757626134770882,5.38,14.83,12.7,25.1,6.7,39.0,35.9,214.0,93.0,40.0,Cropland
TSGWD_1066,18.21888889,80.56194444,Mulugu,Mulugu,Mangapet,Mallur,Telangana Gw,Telangana,,55,2007-05-01 00:00:00,2020-01-22 00:00:00,8.284727272727274,2.9643048367168925,1.78,12.48,12.7,25.9,6.8,37.3,36.8,385.0,81.0,40.0,Cropland
TSGWD_1067,18.1539,80.6256,Mulugu,Mulugu,,,Telangana Gw,Telangana,,55,2007-05-01 00:00:00,2020-01-22 00:00:00,5.553090909090909,2.1710484518940105,1.94,11.53,12.7,26.9,7.0,32.8,40.3,353.0,78.0,40.0,Cropland
TSGWD_1068,18.2716,79.6891,Bhupalpally,Bhupalpally,,,Telangana Gw,Telangana,,154,2007-05-01 00:00:00,2023-07-25 12:00:00,11.314285714285717,2.625198369633293,2.49,16.13,16.2,30.9,6.8,32.0,37.2,309.0,201.0,40.0,Cropland
TSGWD_1069,18.36305556,79.61027778,Bhupalpally,Bhupalpally,Mogullapalli,Aknepally,Telangana Gw,Telangana,,56,2007-05-01 00:00:00,2023-07-25 12:00:00,10.17375,2.7182350975319536,2.46,13.55,16.2,33.4,7.1,29.9,36.7,253.0,196.0,40.0,Cropland
TSGWD_1070,18.166873,79.887863,Mulugu,Mulugu,,,Telangana Gw,Telangana,,153,2007-05-01 00:00:00,2020-01-22 00:00:00,14.660130718954248,6.762159709010764,0.8,27.42,12.7,29.3,6.8,34.3,36.4,337.0,262.0,40.0,Cropland
TSGWD_1071,18.1661,79.9977,Mulugu,Mulugu,,,Telangana Gw,Telangana,,55,2007-05-01 00:00:00,2020-01-22 00:00:00,4.815818181818182,2.743869051856771,0.65,17.93,12.7,26.0,7.0,39.7,34.3,334.0,217.0,40.0,Cropland
TSGWD_1072,18.19222222,79.9425,Mulugu,Mulugu,Mulugu,Mulugu,Telangana Gw,Telangana,,55,2007-05-01 00:00:00,2020-01-22 00:00:00,8.009818181818183,4.299084954709717,1.84,16.02,12.7,26.6,6.9,37.3,36.0,177.0,228.0,40.0,Cropland
TSGWD_1073,18.625166,80.245666,Bhupalpally,Bhupalpally,,,Telangana Gw,Telangana,,57,2007-05-01 00:00:00,2023-07-25 12:00:00,5.847719298245614,3.2699781659078067,0.63,15.65,16.2,31.1,6.8,29.2,39.7,197.0,111.0,40.0,Cropland
TSGWD_1074,18.674833,80.129555,Bhupalpally,Bhupalpally,,,Telangana Gw,Telangana,,57,2007-05-01 00:00:00,2023-07-25 12:00:00,15.826491228070177,2.2945871798244086,4.39,19.12,16.2,34.2,6.9,29.9,35.8,165.0,117.0,40.0,Cropland
TSGWD_1075,18.683222,80.238166,Bhupalpally,Bhupalpally,,,Telangana Gw,Telangana,,44,2007-05-01 00:00:00,2023-07-25 12:00:00,13.698409090909092,3.633760908532721,4.23,19.31,16.2,33.4,6.8,27.5,39.0,410.0,105.0,40.0,Cropland
TSGWD_1076,18.1796,79.8145,Bhupalpally,Bhupalpally,,,Telangana Gw,Telangana,,56,2007-05-01 00:00:00,2023-07-25 12:00:00,11.382142857142856,6.000170820079197,0.83,39.72,16.2,29.8,6.8,33.8,36.4,304.0,243.0,40.0,Cropland
TSGWD_1077,18.24,79.7775,Bhupalpally,Bhupalpally,,,Telangana Gw,Telangana,,154,2007-05-01 00:00:00,2023-07-25 12:00:00,10.585584415584416,2.8317979662372808,2.38,17.15,16.2,30.1,6.9,31.5,38.4,330.0,230.0,40.0,Cropland
TSGWD_1078,18.2365,80.3146,Mulugu,Mulugu,,,Telangana Gw,Telangana,,54,2007-05-01 00:00:00,2020-01-22 00:00:00,22.05,3.987410376351295,8.05,25.87,12.7,27.6,6.8,42.3,30.1,176.0,196.0,40.0,Cropland
TSGWD_1079,18.030591,80.34583,Mulugu,Mulugu,,,Telangana Gw,Telangana,,55,2007-05-01 00:00:00,2020-01-22 00:00:00,11.011090909090909,2.044532612284187,6.95,16.32,12.7,28.7,6.1,45.3,26.0,293.0,321.0,40.0,Cropland
TSGWD_1080,18.17555556,80.37083333,Mulugu,Mulugu,Tadvai,Gangaram,Telangana Gw,Telangana,,55,2007-05-01 00:00:00,2020-01-22 00:00:00,4.076181818181818,1.4706366609574877,2.05,8.67,12.7,28.3,6.8,42.6,29.1,207.0,172.0,40.0,Cropland
TSGWD_1081,18.1707,80.2632,Mulugu,Mulugu,,,Telangana Gw,Telangana,,55,2007-05-01 00:00:00,2020-01-22 00:00:00,9.552545454545454,2.468984810254205,2.15,13.94,12.7,28.7,6.0,40.0,31.3,280.0,233.0,40.0,Cropland
TSGWD_1082,18.3138,80.2458,Mulugu,Mulugu,,,Telangana Gw,Telangana,,55,2007-05-01 00:00:00,2020-01-22 00:00:00,2.5521818181818183,1.667652698221522,0.5,5.75,12.7,,,,,,126.0,40.0,Cropland
TSGWD_1083,18.418,79.625,Bhupalpally,Bhupalpally,,,Telangana Gw,Telangana,,56,2007-05-01 00:00:00,2023-07-25 12:00:00,9.594107142857142,2.674995855076289,2.48,13.53,16.2,34.5,7.0,27.4,38.1,219.0,190.0,40.0,Cropland
TSGWD_1084,18.2936,79.9559,Mulugu,Mulugu,,,Telangana Gw,Telangana,,55,2007-05-01 00:00:00,2020-01-22 00:00:00,1.7972727272727271,0.8632055987561166,0.65,3.85,12.7,24.5,6.8,35.6,39.9,194.0,193.0,40.0,Cropland
TSGWD_1086,18.323,80.496,Mulugu,Mulugu,,,Telangana Gw,Telangana,,136,2007-05-01 00:00:00,2020-01-22 00:00:00,8.30205882352941,2.195229885084023,2.08,12.09,12.7,24.7,6.8,37.0,38.3,346.0,82.0,40.0,Cropland
TSGWD_1087,17.442333,78.443916,Hyderabad,Hyderabad,,,Telangana Gw,Telangana,,149,2007-05-01 00:00:00,2019-12-22 00:00:00,18.25899328859061,2.0196991831694127,8.75,23.0,12.6,,,,,,545.0,50.0,Built_Up
TSGWD_1088,17.397638,78.44525,Hyderabad,Hyderabad,,,Telangana Gw,Telangana,,151,2007-05-01 00:00:00,2019-12-22 00:00:00,3.1336423841059604,1.5139689487981394,0.85,6.75,12.6,,,,,,533.0,50.0,Built_Up
TSGWD_1089,17.374,78.437,Hyderabad,Hyderabad,,,Telangana Gw,Telangana,,149,2007-05-01 00:00:00,2019-12-22 00:00:00,6.321073825503356,3.5110597732023106,1.16,16.66,12.6,,,,,,496.0,50.0,Built_Up
TSGWD_1090,17.333,78.484,Hyderabad,Hyderabad,,,Telangana Gw,Telangana,,151,2007-05-01 00:00:00,2019-12-22 00:00:00,9.213112582781458,2.2732274223903093,3.5,15.61,12.6,,,,,,518.0,50.0,Built_Up
TSGWD_1091,17.351,78.458,Hyderabad,Hyderabad,,,Telangana Gw,Telangana,,128,2007-05-01 00:00:00,2019-12-22 00:00:00,3.089453125,2.6706899366910624,0.7,16.6,12.6,,,,,,506.0,50.0,Built_Up
TSGWD_1092,17.381,78.485,Hyderabad,Hyderabad,,,Telangana Gw,Telangana,,146,2007-05-01 00:00:00,2019-12-22 00:00:00,7.985273972602739,4.541451719166989,1.8,27.3,12.6,,,,,,493.0,50.0,Built_Up
TSGWD_1093,17.409,78.47,Hyderabad,Hyderabad,,,Telangana Gw,Telangana,,129,2007-05-01 00:00:00,2019-10-22 00:00:00,5.437674418604652,1.6431693421308124,2.45,12.01,12.5,,,,,,526.0,50.0,Built_Up
TSGWD_1094,17.411,78.461,Hyderabad,Hyderabad,,,Telangana Gw,Telangana,,58,2007-05-01 00:00:00,2019-09-01 00:00:00,8.923793103448277,4.29891452133047,1.33,18.4,12.3,,,,,,524.0,50.0,Built_Up
TSGWD_1095,17.441,78.509,Hyderabad,Hyderabad,,,Telangana Gw,Telangana,,141,2007-05-01 00:00:00,2019-12-22 00:00:00,18.80468085106383,5.194481350872219,3.65,29.5,12.6,,,,,,541.0,50.0,Built_Up
TSGWD_1096,17.422,78.512,Hyderabad,Hyderabad,,,Telangana Gw,Telangana,,78,2007-05-01 00:00:00,2019-12-22 00:00:00,7.567948717948718,2.788081479261024,3.31,23.2,12.6,,,,,,520.0,50.0,Built_Up
TSGWD_1097,17.385,78.474,Hyderabad,Hyderabad,,,Telangana Gw,Telangana,,151,2007-05-01 00:00:00,2019-12-22 00:00:00,6.424503311258278,3.7950570814752735,1.01,15.52,12.6,,,,,,502.0,50.0,Built_Up
TSGWD_1098,17.361,78.508,Hyderabad,Hyderabad,,,Telangana Gw,Telangana,,150,2007-05-01 00:00:00,2019-12-22 00:00:00,4.7918666666666665,1.5997782508527758,0.55,8.4,12.6,,,,,,519.0,50.0,Built_Up
TSGWD_1099,17.42,78.45,Hyderabad,Hyderabad,,,Telangana Gw,Telangana,,25,2007-05-01 00:00:00,2019-09-01 00:00:00,5.0036000000000005,1.964741034674375,1.95,10.31,12.3,,,,,,543.0,50.0,Built_Up
TSGWD_1101,19.02777778,78.96111111,Jagityal,Jagityal,Beerpur,Kandlapalle,Telangana Gw,Telangana,,57,2007-05-01 00:00:00,2023-07-25 12:00:00,4.092982456140351,5.011049920252056,0.83,25.8,16.2,34.9,7.0,25.5,39.6,139.0,201.0,40.0,Cropland
TSGWD_1102,18.946944,79.101944,Jagityal,Jagityal,,,Telangana Gw,Telangana,,153,2007-05-01 00:00:00,2023-07-25 12:00:00,5.527058823529412,1.7970333309567912,1.89,12.45,16.2,,,,,,158.0,40.0,Cropland
TSGWD_1103,19.0106,79.0761,Jagityal,Jagityal,,,Telangana Gw,Telangana,,58,2007-05-01 00:00:00,2023-07-25 12:00:00,5.923275862068966,2.972674020952472,2.57,18.05,16.2,32.8,7.1,28.1,39.1,137.0,181.0,40.0,Cropland
TSGWD_1104,18.7906,79.0522,Jagityal,Jagityal,,,Telangana Gw,Telangana,,153,2007-05-01 00:00:00,2023-07-25 12:00:00,6.500915032679739,2.10343120672326,0.45,13.32,16.2,37.0,7.0,27.2,35.8,211.0,238.0,40.0,Cropland
TSGWD_1105,18.898611,78.579444,Jagityal,Jagityal,,,Telangana Gw,Telangana,,153,2007-05-01 00:00:00,2023-07-25 12:00:00,3.803529411764706,2.0697535038171737,0.52,17.16,16.2,40.6,7.1,30.0,29.4,132.0,314.0,40.0,Cropland
TSGWD_1106,18.8252,78.8461,Jagityal,Jagityal,,,Telangana Gw,Telangana,,153,2007-05-01 00:00:00,2023-07-25 12:00:00,9.765816993464052,1.7240319993287017,3.32,13.9,16.2,36.5,7.1,29.6,33.9,140.0,294.0,40.0,Cropland
TSGWD_1107,18.790181,78.893939,Jagityal,Jagityal,,,Telangana Gw,Telangana,,58,2007-05-01 00:00:00,2023-07-25 12:00:00,4.245689655172414,2.310966314229859,0.56,12.29,16.2,,,,,,285.0,40.0,Cropland
TSGWD_1108,18.752777,78.689722,Jagityal,Jagityal,,,Telangana Gw,Telangana,,153,2007-05-01 00:00:00,2023-07-25 12:00:00,7.234509803921568,2.4751695691982056,1.42,14.05,16.2,39.9,7.1,30.4,29.7,135.0,324.0,40.0,Cropland
TSGWD_1109,18.62472222,78.93583333,Jagityal,Jagityal,Kodimal,Chepial,Telangana Gw,Telangana,,133,2007-05-01 00:00:00,2023-07-25 12:00:00,11.89345864661654,3.143265539239547,4.48,17.6,16.2,41.2,7.1,29.3,29.5,142.0,391.0,40.0,Cropland
TSGWD_1110,18.85611111,78.70388889,Jagityal,Jagityal,Korutla,Ilapur,Telangana Gw,Telangana,,58,2007-05-01 00:00:00,2023-07-25 12:00:00,10.249137931034484,4.459792019571568,2.26,22.97,16.2,44.3,7.1,27.6,28.1,145.0,295.0,40.0,Cropland
TSGWD_1111,18.818611,78.706388,Jagityal,Jagityal,,,Telangana Gw,Telangana,,153,2007-05-01 00:00:00,2023-07-25 12:00:00,7.435947712418301,2.318227384829696,2.44,16.54,16.2,,,,,,307.0,40.0,Cropland
TSGWD_1112,18.96472222,78.70638889,Jagityal,Jagityal,Korutla,Mallapur,Telangana Gw,Telangana,,152,2007-05-01 00:00:00,2023-07-25 12:00:00,6.904671052631579,2.3385788172423254,1.92,13.7,16.2,41.6,7.1,25.7,32.7,127.0,261.0,40.0,Cropland
TSGWD_1113,18.993948,78.770044,Jagityal,Jagityal,,,Telangana Gw,Telangana,,58,2007-05-01 00:00:00,2023-07-25 12:00:00,7.717241379310345,1.977137566852068,3.5,10.7,16.2,40.2,7.1,25.7,34.1,144.0,229.0,40.0,Cropland
TSGWD_1114,18.7094,78.9222,Jagityal,Jagityal,,,Telangana Gw,Telangana,,152,2007-05-01 00:00:00,2023-07-25 12:00:00,10.86578947368421,3.883326307904512,2.15,17.68,16.2,39.6,7.1,30.1,30.3,134.0,339.0,40.0,Cropland
TSGWD_1115,,,Jagityal,Jagityal,,,Telangana Gw,Telangana,,142,2007-05-01 00:00:00,2023-07-25 12:00:00,10.780492957746478,3.328299105034608,0.49,18.0,16.2,,,,,,,,
TSGWD_1116,18.843888,78.813333,Jagityal,Jagityal,,,Telangana Gw,Telangana,,58,2007-05-01 00:00:00,2023-07-25 12:00:00,3.608448275862069,2.3595545236144173,0.67,8.59,16.2,39.1,7.1,28.1,32.8,130.0,285.0,40.0,Cropland
TSGWD_1117,18.75833333,78.79222222,Jagityal,Jagityal,Medipally,Rangapur,Telangana Gw,Telangana,,58,2007-05-01 00:00:00,2023-07-25 12:00:00,6.535517241379311,2.283588413781513,1.53,9.75,16.2,38.4,7.1,29.3,32.3,146.0,321.0,40.0,Cropland
TSGWD_1118,18.75222222,78.62,Jagityal,Jagityal,Metpalli,Atmakur,Telangana Gw,Telangana,,58,2007-05-01 00:00:00,2023-07-25 12:00:00,13.051551724137932,3.4853758647139204,6.43,19.86,16.2,,,,,,337.0,40.0,Cropland
TSGWD_1119,18.8309,78.5853,Jagityal,Jagityal,,,Telangana Gw,Telangana,,58,2007-05-01 00:00:00,2023-07-25 12:00:00,10.798620689655174,3.8620449306788185,0.91,16.0,16.2,38.8,7.1,32.2,29.0,132.0,327.0,40.0,Cropland
TSGWD_1120,18.781131,78.588005,Jagityal,Jagityal,,,Telangana Gw,Telangana,,58,2007-05-01 00:00:00,2023-07-25 12:00:00,4.568965517241379,2.6826340091149694,0.69,10.97,16.2,38.5,7.0,32.9,28.7,139.0,341.0,40.0,Cropland
TSGWD_1121,18.847777,78.620555,Jagityal,Jagityal,,,Telangana Gw,Telangana,,133,2007-05-01 00:00:00,2020-01-22 00:00:00,12.101353383458648,2.4361640183234954,3.12,16.8,12.7,,,,,,320.0,40.0,Cropland
TSGWD_1122,18.706388,79.064444,Jagityal,Jagityal,,,Telangana Gw,Telangana,,152,2007-05-01 00:00:00,2023-07-25 12:00:00,3.796907894736842,1.6078035008733824,1.05,10.85,16.2,37.2,7.1,25.7,37.2,125.0,258.0,40.0,Cropland
TSGWD_1123,19.0265,78.8235,Jagityal,Jagityal,,,Telangana Gw,Telangana,,58,2007-05-01 00:00:00,2023-07-25 12:00:00,4.870689655172414,2.4456254264620685,0.47,9.6,16.2,37.9,7.1,26.6,35.6,139.0,205.0,40.0,Cropland
TSGWD_1124,18.9192,78.760618,Jagityal,Jagityal,,,Telangana Gw,Telangana,,58,2007-05-01 00:00:00,2023-07-25 12:00:00,3.2848275862068967,2.0492242788895902,0.47,9.9,16.2,37.3,7.1,28.2,34.5,130.0,246.0,40.0,Cropland
TSGWD_1125,18.910338,78.802852,Jagityal,Jagityal,,,Telangana Gw,Telangana,,151,2007-05-01 00:00:00,2023-07-25 12:00:00,2.991655629139073,2.0115517825677363,0.26,8.75,16.2,36.4,7.1,27.1,36.6,143.0,251.0,40.0,Cropland
TSGWD_1126,18.959166,78.837222,Jagityal,Jagityal,,,Telangana Gw,Telangana,,58,2007-05-01 00:00:00,2023-07-25 12:00:00,2.992931034482759,1.983177504083831,0.13,6.55,16.2,37.3,7.1,26.6,36.2,144.0,239.0,40.0,Cropland
TSGWD_1127,18.931444,78.931444,Jagityal,Jagityal,,,Telangana Gw,Telangana,,58,2007-05-01 00:00:00,2023-07-25 12:00:00,5.376896551724138,1.9454113414279053,0.65,8.59,16.2,35.3,7.0,26.7,38.0,154.0,272.0,40.0,Cropland
TSGWD_1128,18.929722,78.958055,Jagityal,Jagityal,,,Telangana Gw,Telangana,,151,2007-05-01 00:00:00,2023-07-25 12:00:00,5.830993377483444,1.7133704619713297,1.84,9.19,16.2,34.6,6.9,27.3,38.0,146.0,257.0,40.0,Cropland
TSGWD_1129,18.81444444,79.27361111,Jagityal,Jagityal,Velgatur,Chegyam,Telangana Gw,Telangana,,58,2007-05-01 00:00:00,2023-07-25 12:00:00,5.2412068965517244,2.208181022952385,0.15,10.05,16.2,34.8,7.0,24.6,40.6,122.0,153.0,40.0,Cropland
TSGWD_1130,18.861,79.161,Jagityal,Jagityal,,,Telangana Gw,Telangana,,58,2007-05-01 00:00:00,2023-07-25 12:00:00,4.528620689655172,2.90199595455717,0.54,11.41,16.2,31.7,7.1,29.2,39.1,140.0,174.0,40.0,Cropland
TSGWD_1131,18.8353,79.1697,Jagityal,Jagityal,,,Telangana Gw,Telangana,,153,2007-05-01 00:00:00,2023-07-25 12:00:00,4.547254901960785,1.0708863982788173,2.22,8.0,16.2,33.7,6.8,28.3,38.0,194.0,161.0,40.0,Cropland
TSGWD_1132,17.79083333,79.04222222,Jangaon,Jangaon,Bachannapet,Bachannapet,Telangana Gw,Telangana,,154,2007-05-01 00:00:00,2023-07-25 12:00:00,12.326688311688311,4.389713772019154,1.5,20.76,16.2,36.9,7.0,41.3,21.8,176.0,455.0,40.0,Cropland
TSGWD_1133,17.8383,78.9394,Jangaon,Jangaon,,,Telangana Gw,Telangana,,55,2007-05-01 00:00:00,2023-07-25 12:00:00,13.724545454545456,4.489178683514975,6.39,20.64,16.2,35.5,7.0,40.6,23.9,160.0,514.0,40.0,Cropland
TSGWD_1134,17.5374,79.3562,Jangaon,Jangaon,,,Telangana Gw,Telangana,,55,2007-05-01 00:00:00,2023-07-25 12:00:00,8.324363636363636,2.897482153229391,2.9,19.94,16.2,35.5,7.0,34.6,29.9,341.0,264.0,40.0,Cropland
TSGWD_1135,17.5919,79.2738,Jangaon,Jangaon,,,Telangana Gw,Telangana,,154,2007-05-01 00:00:00,2023-07-25 12:00:00,10.672597402597402,2.138950877524725,4.35,14.06,16.2,33.2,7.0,38.7,28.1,149.0,306.0,40.0,Cropland
TSGWD_1136,17.8387,79.3604,Jangaon,Jangaon,,,Telangana Gw,Telangana,,54,2007-05-01 00:00:00,2023-07-25 12:00:00,17.558703703703703,5.252929837035349,0.73,24.3,16.2,33.5,7.0,40.4,26.2,149.0,342.0,40.0,Cropland
TSGWD_1137,17.8772,79.2958,Jangaon,Jangaon,,,Telangana Gw,Telangana,,38,2007-05-01 00:00:00,2023-07-25 12:00:00,9.393684210526317,2.774210792135921,3.46,14.39,16.2,33.7,6.7,40.2,26.1,131.0,370.0,40.0,Cropland
TSGWD_1138,17.93416667,79.30694444,Jangaon,Jangaon,Chilpur,Malkapur,Telangana Gw,Telangana,,147,2007-05-01 00:00:00,2023-07-25 12:00:00,10.528843537414966,5.384705956918639,0.83,29.17,16.2,34.9,7.0,38.1,27.0,160.0,374.0,40.0,Cropland
TSGWD_1139,17.8333,79.4042,Jangaon,Jangaon,,,Telangana Gw,Telangana,,43,2007-05-01 00:00:00,2023-07-25 12:00:00,3.578139534883721,4.611996394401367,0.53,18.42,16.2,35.1,7.1,41.1,23.8,385.0,317.0,40.0,Cropland
TSGWD_1140,17.494643,79.253042,Yadadri,Yadadri,,,Telangana Gw,Telangana,,54,2007-05-01 00:00:00,2020-01-22 00:00:00,13.197407407407407,2.726424976345803,1.0,15.74,12.7,34.7,7.0,37.8,27.5,307.0,294.0,40.0,Cropland
TSGWD_1142,17.466944,79.341111,Yadadri,Yadadri,,,Telangana Gw,Telangana,,54,2007-05-01 00:00:00,2020-01-22 00:00:00,9.807962962962964,2.600165001752432,3.06,14.82,12.7,33.8,6.9,35.5,30.7,329.0,254.0,40.0,Cropland
TSGWD_1143,17.566419,79.213269,Yadadri,Yadadri,,,Telangana Gw,Telangana,,53,2007-05-01 00:00:00,2020-01-22 00:00:00,10.818490566037736,3.966423692517372,2.66,17.51,12.7,34.5,7.0,36.2,29.3,168.0,314.0,40.0,Cropland
TSGWD_1144,17.6973,79.1474,Jangaon,Jangaon,,,Telangana Gw,Telangana,,154,2007-05-01 00:00:00,2023-07-25 12:00:00,11.589545454545457,2.6560643007683016,2.28,16.45,16.2,35.0,6.9,38.3,26.7,178.0,385.0,40.0,Cropland
TSGWD_1145,17.7676,79.0981,Jangaon,Jangaon,,,Telangana Gw,Telangana,,55,2007-05-01 00:00:00,2023-07-25 12:00:00,15.23109090909091,3.434692111236449,8.18,21.17,16.2,36.0,7.0,40.6,23.3,177.0,434.0,40.0,Cropland
TSGWD_1146,17.5258,79.5144,Jangaon,Jangaon,,,Telangana Gw,Telangana,,55,2007-05-01 00:00:00,2023-07-25 12:00:00,16.669272727272727,3.365766576348492,5.65,21.74,16.2,30.3,6.9,37.4,32.3,149.0,244.0,40.0,Cropland
TSGWD_1147,17.6084,79.1613,Jangaon,Jangaon,,,Telangana Gw,Telangana,,55,2007-05-01 00:00:00,2023-07-25 12:00:00,14.281454545454546,3.915065591514218,5.9,20.65,16.2,36.6,6.9,35.7,27.7,306.0,337.0,40.0,Cropland
TSGWD_1148,17.6606,79.2365,Jangaon,Jangaon,,,Telangana Gw,Telangana,,55,2007-05-01 00:00:00,2023-07-25 12:00:00,8.497636363636364,2.2200725410540274,1.25,11.95,16.2,36.6,6.9,35.2,28.1,321.0,324.0,40.0,Cropland
TSGWD_1149,17.65916667,79.19972222,Jangaon,Jangaon,Lingala Ghanpur,Lingala Ghanpur,Telangana Gw,Telangana,,154,2007-05-01 00:00:00,2023-07-25 12:00:00,9.750584415584417,1.9183548360877245,3.6,13.59,16.2,34.3,7.1,37.9,27.8,321.0,343.0,40.0,Cropland
TSGWD_1150,17.9427,79.1802,Jangaon,Jangaon,,,Telangana Gw,Telangana,,154,2007-05-01 00:00:00,2023-07-25 12:00:00,10.931558441558442,3.432520392976021,2.79,18.34,16.2,34.7,7.0,41.5,23.8,155.0,463.0,40.0,Cropland
TSGWD_1151,17.87118,79.222159,Jangaon,Jangaon,,,Telangana Gw,Telangana,,55,2007-05-01 00:00:00,2023-07-25 12:00:00,16.550363636363635,5.154071013622923,5.35,31.55,16.2,32.1,7.0,42.4,25.4,142.0,441.0,40.0,Cropland
TSGWD_1152,17.858198,79.124717,Jangaon,Jangaon,,,Telangana Gw,Telangana,,55,2007-05-01 00:00:00,2023-07-25 12:00:00,12.747454545454543,2.337787192245898,5.28,16.32,16.2,35.3,6.9,40.0,24.7,188.0,485.0,40.0,Cropland
TSGWD_1153,17.736265,79.409394,Jangaon,Jangaon,,,Telangana Gw,Telangana,,55,2007-05-01 00:00:00,2023-07-25 12:00:00,8.573454545454545,1.8297016739043053,3.75,12.67,16.2,33.1,7.0,38.5,28.4,145.0,309.0,40.0,Cropland
TSGWD_1154,17.66916667,79.4225,Jangaon,Jangaon,Palakurthi,Palakurthi,Telangana Gw,Telangana,,154,2007-05-01 00:00:00,2023-07-25 12:00:00,13.456103896103894,4.077104462678455,2.6,24.33,16.2,33.2,6.9,36.1,30.7,135.0,292.0,40.0,Cropland
TSGWD_1155,17.75916667,79.22888889,Jangaon,Jangaon,Raghunadhapalli,Ibrahimpur,Telangana Gw,Telangana,,42,2007-05-01 00:00:00,2023-07-25 12:00:00,12.549047619047618,5.144376901529883,5.35,25.32,16.2,33.3,7.0,38.7,28.0,146.0,361.0,40.0,Cropland
TSGWD_1156,17.731,79.231,Jangaon,Jangaon,,,Telangana Gw,Telangana,,43,2007-05-01 00:00:00,2023-07-25 12:00:00,10.487674418604652,2.8611559745180783,1.54,14.42,16.2,34.3,6.9,37.9,27.8,209.0,356.0,40.0,Cropland
TSGWD_1157,17.7647,79.2636,Jangaon,Jangaon,,,Telangana Gw,Telangana,,154,2007-05-01 00:00:00,2023-07-25 12:00:00,20.95720779220779,10.766151842044207,3.7,45.9,16.2,33.4,6.9,39.4,27.2,145.0,355.0,40.0,Cropland
TSGWD_1158,17.847,79.4766,Jangaon,Jangaon,,,Telangana Gw,Telangana,,55,2007-05-01 00:00:00,2023-07-25 12:00:00,13.37629090909091,4.021740500647134,4.07,23.67,16.2,34.5,7.1,38.7,26.9,165.0,295.0,40.0,Cropland
TSGWD_1159,17.7651,79.487,Jangaon,Jangaon,,,Telangana Gw,Telangana,,153,2007-05-01 00:00:00,2023-07-25 12:00:00,10.110261437908498,2.663990859522908,2.58,15.83,16.2,31.0,6.8,39.0,30.0,220.0,332.0,40.0,Cropland
TSGWD_1160,15.896441,78.121104,Jogulamba(Gadwal),Jogulamba(Gadwal),,,Telangana Gw,Telangana,,152,2007-05-01 00:00:00,2023-07-25 12:00:00,3.775592105263158,0.9474109464188252,1.587,6.08,16.2,35.7,7.4,32.6,31.7,480.0,292.0,40.0,Cropland
TSGWD_1161,16.224385,77.678908,Jogulamba(Gadwal),Jogulamba(Gadwal),,,Telangana Gw,Telangana,,150,2007-05-01 00:00:00,2023-07-25 12:00:00,25.58373333333333,12.341510058839578,1.79,42.81,16.2,31.1,6.7,36.7,32.2,306.0,365.0,40.0,Cropland
TSGWD_1162,16.249,77.565,Jogulamba(Gadwal),Jogulamba(Gadwal),,,Telangana Gw,Telangana,,148,2007-05-01 00:00:00,2023-07-25 12:00:00,3.3524594594594594,2.908600056876554,1.75,36.39,16.2,31.9,7.1,41.2,27.0,409.0,398.0,40.0,Cropland
TSGWD_1163,16.265211,77.641794,Jogulamba(Gadwal),Jogulamba(Gadwal),,,Telangana Gw,Telangana,,58,2007-05-01 00:00:00,2023-07-25 12:00:00,16.31206896551724,4.762315800598905,6.96,22.21,16.2,31.6,6.9,39.0,29.4,351.0,386.0,40.0,Cropland
TSGWD_1164,16.2325,77.80222222,Jogulamba(Gadwal),Jogulamba(Gadwal),Gadwal,Gadwal,Telangana Gw,Telangana,,153,2007-05-01 00:00:00,2023-07-25 12:00:00,3.1634640522875817,1.2302210543025431,0.42,7.27,16.2,,,,,,319.0,40.0,Cropland
TSGWD_1165,16.1287,77.5757,Jogulamba(Gadwal),Jogulamba(Gadwal),,,Telangana Gw,Telangana,,152,2007-05-01 00:00:00,2023-07-25 12:00:00,7.701736842105263,2.423923396536296,2.09,12.2,16.2,33.2,7.0,42.3,24.5,182.0,405.0,40.0,Cropland
TSGWD_1166,16.179,77.526,Jogulamba(Gadwal),Jogulamba(Gadwal),,,Telangana Gw,Telangana,,58,2007-05-01 00:00:00,2023-07-25 12:00:00,6.840517241379311,3.0411138439687235,1.17,11.25,16.2,33.7,6.8,38.4,27.9,365.0,408.0,40.0,Cropland
TSGWD_1167,16.0482,77.6515,Jogulamba(Gadwal),Jogulamba(Gadwal),,,Telangana Gw,Telangana,,17,2007-05-01 00:00:00,2023-07-25 12:00:00,12.55,2.605870775767671,4.04,16.05,16.2,30.8,7.0,38.7,30.5,437.0,343.0,40.0,Cropland
TSGWD_1168,16.01518,77.671609,Jogulamba(Gadwal),Jogulamba(Gadwal),,,Telangana Gw,Telangana,,137,2007-05-01 00:00:00,2023-07-25 12:00:00,15.79907299270073,3.4808231904059976,7.37,23.65,16.2,,,,,,333.0,40.0,Cropland
TSGWD_1169,16.0701,77.8315,Jogulamba(Gadwal),Jogulamba(Gadwal),,,Telangana Gw,Telangana,,58,2007-05-01 00:00:00,2023-07-25 12:00:00,5.526379310344828,2.119692710496701,2.02,10.64,16.2,36.3,7.4,31.6,32.1,343.0,332.0,40.0,Cropland
TSGWD_1170,16.129667,77.687599,Jogulamba(Gadwal),Jogulamba(Gadwal),,,Telangana Gw,Telangana,,153,2007-05-01 00:00:00,2023-07-25 12:00:00,6.767189542483661,3.215806450691797,0.8,15.54,16.2,32.7,7.0,34.6,32.7,364.0,388.0,40.0,Cropland
TSGWD_1171,15.96555556,77.95333333,Jogulamba(Gadwal),Jogulamba(Gadwal),Manopad,Manopad,Telangana Gw,Telangana,,153,2007-05-01 00:00:00,2023-07-25 12:00:00,10.42718954248366,3.6086421227958088,1.33,16.78,16.2,38.9,7.5,33.1,28.0,276.0,304.0,40.0,Cropland
TSGWD_1172,15.939999999999998,77.83888889,Jogulamba(Gadwal),Jogulamba(Gadwal),Waddepalli,Santhinagar,Telangana Gw,Telangana,,153,2007-05-01 00:00:00,2023-07-25 12:00:00,3.7889542483660135,2.819653805597299,0.22,20.35,16.2,34.6,7.1,36.7,28.7,396.0,303.0,40.0,Cropland
TSGWD_1173,18.21,77.93,Kamareddy,Kamareddy,Nizamsagar,Achampet,Telangana Gw,Telangana,,48,2007-05-01 00:00:00,2023-07-25 12:00:00,6.855,2.1760074702625216,1.14,10.2,16.2,,,,,,431.0,40.0,Cropland
TSGWD_1174,18.3438,78.3435,Kamareddy,Kamareddy,,,Telangana Gw,Telangana,,106,2007-05-01 00:00:00,2023-07-25 12:00:00,18.14245283018868,3.4401538756616694,10.75,24.6,16.2,35.1,7.4,35.3,29.6,144.0,537.0,40.0,Cropland
TSGWD_1175,18.234,78.272,Kamareddy,Kamareddy,,,Telangana Gw,Telangana,,48,2007-05-01 00:00:00,2023-07-25 12:00:00,14.253125,3.488240522310548,3.8,20.01,16.2,33.3,7.2,42.3,24.5,143.0,578.0,40.0,Cropland
TSGWD_1176,18.145,78.08166667,Kamareddy,Kamareddy,Nagireddipet,Banjara Thanda,Telangana Gw,Telangana,,48,2007-05-01 00:00:00,2023-07-25 12:00:00,17.10625,8.026871260587312,6.25,35.25,16.2,36.4,7.1,38.1,25.5,128.0,463.0,40.0,Cropland
TSGWD_1177,18.393,77.879,Kamareddy,Kamareddy,,,Telangana Gw,Telangana,,154,2007-05-01 00:00:00,2023-07-25 12:00:00,4.662272727272727,1.5069128389587283,1.32,10.33,16.2,33.4,6.9,34.6,32.0,168.0,380.0,40.0,Cropland
TSGWD_1178,18.27916667,78.05805556,Kamareddy,Kamareddy,Lingampet,Bhavanipet,Telangana Gw,Telangana,,154,2007-05-01 00:00:00,2023-07-25 12:00:00,8.07435064935065,3.975254614334839,1.05,17.04,16.2,28.6,7.2,41.8,29.6,195.0,467.0,40.0,Cropland
TSGWD_1179,18.19611111,78.39888889,Kamareddy,Kamareddy,Bhiknoor,Bhiknoor,Telangana Gw,Telangana,,154,2007-05-01 00:00:00,2023-07-25 12:00:00,17.64922077922078,8.498786863253862,4.27,41.73,16.2,36.2,7.2,39.2,24.7,169.0,531.0,40.0,Cropland
TSGWD_1180,18.205,78.523,Kamareddy,Kamareddy,,,Telangana Gw,Telangana,,154,2007-05-01 00:00:00,2023-07-25 12:00:00,22.34694805194805,4.776909066810658,4.42,34.93,16.2,37.1,7.4,34.3,28.6,133.0,487.0,40.0,Cropland
TSGWD_1181,18.47,77.80305556,Kamareddy,Kamareddy,Bhiknoor,Bhiknoor,Telangana Gw,Telangana,,48,2007-05-01 00:00:00,2023-07-25 12:00:00,13.844791666666666,2.582886386067597,4.8,18.2,16.2,34.8,7.3,31.8,33.4,146.0,371.0,40.0,Cropland
TSGWD_1182,18.34,77.89,Kamareddy,Kamareddy,,,Telangana Gw,Telangana,,48,2007-05-01 00:00:00,2023-07-25 12:00:00,3.5189583333333334,1.7642311803733144,0.59,8.7,16.2,32.7,7.0,36.0,31.3,177.0,378.0,40.0,Cropland
TSGWD_1183,18.25,78.436,Kamareddy,Kamareddy,,,Telangana Gw,Telangana,,154,2007-05-01 00:00:00,2023-07-25 12:00:00,24.483766233766232,4.539275528548707,8.64,35.15,16.2,34.3,7.2,41.2,24.5,167.0,518.0,40.0,Cropland
TSGWD_1184,18.39611111,78.10694444,Kamareddy,Kamareddy,Gandhari,Gandhari,Telangana Gw,Telangana,,154,2007-05-01 00:00:00,2023-07-25 12:00:00,17.487597402597405,6.362885752929231,2.67,33.4,16.2,34.9,7.2,36.8,28.4,155.0,552.0,40.0,Cropland
TSGWD_1185,18.1429,78.4767,Kamareddy,Kamareddy,,,Telangana Gw,Telangana,,48,2007-05-01 00:00:00,2023-07-25 12:00:00,9.459166666666668,3.00369901977852,1.7,13.4,16.2,32.9,7.2,42.4,24.7,164.0,546.0,40.0,Cropland
TSGWD_1186,18.364,77.604,Kamareddy,Kamareddy,,,Telangana Gw,Telangana,,154,2007-05-01 00:00:00,2023-07-25 12:00:00,5.8975,1.723166189224439,1.74,12.28,16.2,39.9,7.4,31.7,28.4,122.0,398.0,40.0,Cropland
TSGWD_1187,18.19,78.16,Kamareddy,Kamareddy,Lingampet,Khannapur,Telangana Gw,Telangana,,48,2007-05-01 00:00:00,2023-07-25 12:00:00,21.79083333333333,4.030584052146592,13.42,30.37,16.2,31.2,7.2,40.0,28.7,159.0,463.0,40.0,Cropland
TSGWD_1188,18.184,78.289,Kamareddy,Kamareddy,,,Telangana Gw,Telangana,,48,2007-05-01 00:00:00,2023-07-25 12:00:00,19.711458333333333,6.886968881968733,6.63,29.05,16.2,31.0,7.3,43.2,25.8,160.0,497.0,40.0,Cropland
TSGWD_1189,18.32888889,78.49305556,Kamareddy,Kamareddy,Machareddy,Machareddy,Telangana Gw,Telangana,,154,2007-05-01 00:00:00,2023-07-25 12:00:00,11.489220779220778,3.2774685916479203,5.2,20.04,16.2,35.8,7.3,36.4,27.7,173.0,478.0,40.0,Cropland
TSGWD_1190,18.34972222,77.85,Kamareddy,Kamareddy,Pitlam,Maddela Cheruvu,Telangana Gw,Telangana,,104,2007-05-01 00:00:00,2023-07-25 12:00:00,14.276923076923076,3.942123541118784,4.38,22.6,16.2,32.3,7.2,37.5,30.2,156.0,375.0,40.0,Cropland
TSGWD_1191,18.114,78.142,Kamareddy,Kamareddy,,,Telangana Gw,Telangana,,154,2007-05-01 00:00:00,2023-07-25 12:00:00,13.451753246753247,3.660299531140742,1.47,23.57,16.2,33.7,7.3,37.5,28.8,154.0,447.0,40.0,Cropland
TSGWD_1192,18.293098,77.908661,Kamareddy,Kamareddy,,,Telangana Gw,Telangana,,154,2007-05-01 00:00:00,2023-07-25 12:00:00,6.178311688311688,3.578817958578895,1.01,16.84,16.2,32.6,7.0,34.4,33.0,175.0,400.0,40.0,Cropland
TSGWD_1193,18.48305556,77.65194444,Kamareddy,Kamareddy,Maddnur,Menoor,Telangana Gw,Telangana,,154,2007-05-01 00:00:00,2023-07-25 12:00:00,13.575714285714286,4.811393423531663,3.96,23.33,16.2,36.9,7.3,30.5,32.6,142.0,374.0,40.0,Cropland
TSGWD_1194,18.31,78.17,Kamareddy,Kamareddy,,,Telangana Gw,Telangana,,48,2007-05-01 00:00:00,2023-07-25 12:00:00,18.225625,9.169755769793412,5.17,38.21,16.2,32.1,7.3,42.1,25.9,150.0,538.0,40.0,Cropland
TSGWD_1195,18.26861111,78.36166667,Kamareddy,Kamareddy,Kamareddy,Narasannapally,Telangana Gw,Telangana,,106,2007-05-01 00:00:00,2023-07-25 12:00:00,17.692169811320753,4.273631667333106,3.47,25.05,16.2,33.8,7.4,41.6,24.6,167.0,551.0,40.0,Cropland
TSGWD_1196,18.468,77.873,Kamareddy,Kamareddy,,,Telangana Gw,Telangana,,154,2007-05-01 00:00:00,2023-07-25 12:00:00,3.2746103896103897,2.121017878443193,0.59,9.28,16.2,34.3,7.1,36.7,29.0,182.0,394.0,40.0,Cropland
TSGWD_1197,18.173,78.453,Kamareddy,Kamareddy,,,Telangana Gw,Telangana,,154,2007-05-01 00:00:00,2023-07-25 12:00:00,25.147272727272725,6.059710974009599,15.0,39.63,16.2,34.6,7.3,40.7,24.7,155.0,533.0,40.0,Cropland
TSGWD_1198,18.399,77.767,Kamareddy,Kamareddy,,,Telangana Gw,Telangana,,154,2007-05-01 00:00:00,2023-07-25 12:00:00,4.012792207792208,2.3483361504466176,0.45,11.4,16.2,33.5,7.2,34.3,32.2,142.0,372.0,40.0,Cropland
TSGWD_1199,18.32,78.13,Kamareddy,Kamareddy,Gandhari,Ramlaxmanpally,Telangana Gw,Telangana,,48,2007-05-01 00:00:00,2023-07-25 12:00:00,16.282291666666666,5.832686779011603,6.51,27.14,16.2,31.5,7.3,41.7,26.9,153.0,509.0,40.0,Cropland
TSGWD_1200,18.409,78.417,Kamareddy,Kamareddy,,,Telangana Gw,Telangana,,106,2007-05-01 00:00:00,2023-07-25 12:00:00,12.698962264150945,3.869559081378228,1.6,19.45,16.2,35.4,7.2,36.0,28.6,170.0,512.0,40.0,Cropland
TSGWD_1201,18.40611111,78.26388889,Kamareddy,Kamareddy,Sadasivanagar,Sadasivanagar,Telangana Gw,Telangana,,154,2007-05-01 00:00:00,2023-07-25 12:00:00,10.158051948051948,3.613463626896592,2.35,18.68,16.2,35.2,7.2,40.3,24.6,157.0,559.0,40.0,Cropland
TSGWD_1202,18.36472222,77.985,Kamareddy,Kamareddy,Gandhari,Sarvapoor,Telangana Gw,Telangana,,151,2007-05-01 00:00:00,2023-07-25 12:00:00,16.02748344370861,5.699357884129643,5.18,26.62,16.2,30.4,7.2,44.9,24.6,178.0,471.0,40.0,Cropland
TSGWD_1203,18.32166667,77.64944444,Kamareddy,Kamareddy,Jukkal,Savargao,Telangana Gw,Telangana,,48,2007-05-01 00:00:00,2023-07-25 12:00:00,5.59875,2.5205399835175477,2.87,14.2,16.2,32.6,7.2,39.4,27.9,176.0,479.0,40.0,Cropland
TSGWD_1204,18.33,77.73,Kamareddy,Kamareddy,Pedda Kodapgal,Shanthapur,Telangana Gw,Telangana,,48,2007-05-01 00:00:00,2023-07-25 12:00:00,10.569375,5.017312752922454,3.23,19.03,16.2,32.8,7.2,37.3,29.9,139.0,398.0,40.0,Cropland
TSGWD_1205,18.29305556,78.22305556,Kamareddy,Kamareddy,Tadwai,Yerrapahad,Telangana Gw,Telangana,,154,2007-05-01 00:00:00,2023-07-25 12:00:00,3.64448051948052,2.011937265036253,0.27,9.14,16.2,32.9,7.2,39.0,28.1,156.0,585.0,40.0,Cropland
TSGWD_1206,18.194,78.02,Kamareddy,Kamareddy,,,Telangana Gw,Telangana,,57,2007-05-01 00:00:00,2023-07-25 12:00:00,9.960350877192983,3.0965418297284706,0.97,15.36,16.2,32.5,7.3,36.5,31.0,163.0,443.0,40.0,Cropland
TSGWD_1207,18.2126,79.2301,Karimnagar,Karimnagar,,,Telangana Gw,Telangana,,111,2007-05-01 00:00:00,2019-09-01 00:00:00,9.963963963963964,4.055037782422183,1.04,16.31,12.3,34.1,6.9,35.6,30.3,394.0,317.0,40.0,Cropland
TSGWD_1208,18.263438,79.154589,Karimnagar,Karimnagar,,,Telangana Gw,Telangana,,58,2007-05-01 00:00:00,2023-07-25 12:00:00,13.729310344827583,3.5666288875203453,2.8,18.45,16.2,35.2,7.1,34.6,30.2,157.0,297.0,40.0,Cropland
TSGWD_1209,18.23625,79.201111,Karimnagar,Karimnagar,,,Telangana Gw,Telangana,,40,2007-05-01 00:00:00,2023-07-25 12:00:00,17.330750000000002,9.19413341031479,2.9,46.45,16.2,35.8,7.0,34.8,29.4,158.0,320.0,40.0,Cropland
TSGWD_1210,18.5334,79.1461,Karimnagar,Karimnagar,,,Telangana Gw,Telangana,,153,2007-05-01 00:00:00,2023-07-25 12:00:00,11.51516339869281,3.54534908543558,3.34,19.1,16.2,35.4,7.1,28.6,36.0,155.0,290.0,40.0,Cropland
TSGWD_1211,18.2992,79.5058,Karimnagar,Karimnagar,,,Telangana Gw,Telangana,,111,2007-05-01 00:00:00,2020-01-22 00:00:00,7.200180180180181,4.74485615875128,1.5,21.67,12.7,33.7,7.1,29.1,37.2,158.0,226.0,40.0,Cropland
TSGWD_1212,18.6386,79.0333,Karimnagar,Karimnagar,,,Telangana Gw,Telangana,,58,2007-05-01 00:00:00,2023-07-25 12:00:00,10.95948275862069,4.222907629888997,3.01,19.58,16.2,40.7,7.0,26.9,32.3,126.0,326.0,40.0,Cropland
TSGWD_1213,18.579444,79.008888,Karimnagar,Karimnagar,,,Telangana Gw,Telangana,,153,2007-05-01 00:00:00,2023-07-25 12:00:00,17.294444444444444,5.324546421118261,4.34,27.86,16.2,39.6,7.0,28.2,32.1,130.0,349.0,40.0,Cropland
TSGWD_1214,18.368,79.078,Karimnagar,Karimnagar,,,Telangana Gw,Telangana,,44,2007-05-01 00:00:00,2023-07-25 12:00:00,10.481136363636365,4.321117004550911,1.7,26.69,16.2,36.3,7.2,32.7,30.9,145.0,297.0,40.0,Cropland
TSGWD_1215,18.18944444,79.4075,Karimnagar,Huzurabad,Huzurabad,Huzurabad,Telangana Gw,Telangana,,151,2007-05-01 00:00:00,2023-07-25 12:00:00,8.686225165562913,3.8334880099324415,0.36,17.57,16.2,34.7,7.1,35.7,29.5,164.0,264.0,40.0,Cropland
TSGWD_1216,18.3963,79.5529,Karimnagar,Karimnagar,,,Telangana Gw,Telangana,,58,2007-05-01 00:00:00,2023-07-25 12:00:00,4.583448275862069,1.3143987374983763,2.31,7.15,16.2,,,,,,193.0,40.0,Cropland
TSGWD_1217,18.43611111,79.12833333,Karimnagar,Karimnagar,Karimnagar,Karimnagar,Telangana Gw,Telangana,,140,2007-05-01 00:00:00,2023-07-25 12:00:00,12.581071428571429,6.019519651051371,0.82,27.32,16.2,,,,,,282.0,40.0,Cropland
TSGWD_1218,18.500305,79.144638,Karimnagar,Karimnagar,,,Telangana Gw,Telangana,,58,2007-05-01 00:00:00,2023-07-25 12:00:00,4.745689655172414,2.341747819335974,1.2,14.9,16.2,34.5,7.0,30.1,35.4,181.0,278.0,40.0,Cropland
TSGWD_1219,18.30888889,79.28944444,Karimnagar,Keshavapatnam,Keshavapatnam,Thadikal,Telangana Gw,Telangana,,152,2007-05-01 00:00:00,2023-07-25 12:00:00,6.42828947368421,2.436769867231768,2.24,13.66,16.2,36.8,7.0,32.8,30.4,157.0,265.0,40.0,Cropland
TSGWD_1220,18.446611,79.285194,Karimnagar,Karimnagar,,,Telangana Gw,Telangana,,58,2007-05-01 00:00:00,2023-07-25 12:00:00,7.313793103448275,4.261568703669103,0.56,15.25,16.2,35.8,7.1,29.1,35.1,154.0,254.0,40.0,Cropland
TSGWD_1221,18.61888889,79.08722222,Karimnagar,Bejjanki,Ramadugu,Gundi,Telangana Gw,Telangana,,58,2007-05-01 00:00:00,2023-07-25 12:00:00,10.844655172413791,2.86328679711213,0.45,15.9,16.2,40.0,7.0,28.2,31.8,150.0,315.0,40.0,Cropland
TSGWD_1222,18.2148,79.305174,Karimnagar,Karimnagar,,,Telangana Gw,Telangana,,153,2007-05-01 00:00:00,2023-07-25 12:00:00,10.492679738562092,3.086183984720825,0.59,20.5,16.2,36.3,6.9,33.3,30.4,168.0,284.0,40.0,Cropland
TSGWD_1223,18.40083333,79.15111111,Karimnagar,Timmapur,Timmapur,Alugunoor,Telangana Gw,Telangana,,153,2007-05-01 00:00:00,2023-07-25 12:00:00,5.948915032679738,2.489808880711509,1.6,11.74,16.2,36.2,7.2,33.0,30.8,162.0,262.0,40.0,Cropland
TSGWD_1224,18.31166667,79.13833333,Karimnagar,Bejjanki,Thimmapur,Nedunur,Telangana Gw,Telangana,,58,2007-05-01 00:00:00,2023-07-25 12:00:00,13.206379310344827,4.421353963566292,4.55,20.15,16.2,37.9,7.3,29.8,32.3,151.0,289.0,40.0,Cropland
TSGWD_1225,18.346111,79.420555,Karimnagar,Karimnagar,,,Telangana Gw,Telangana,,153,2007-05-01 00:00:00,2023-07-25 12:00:00,4.35124183006536,1.51982526707818,1.56,7.65,16.2,33.1,7.2,29.2,37.8,148.0,215.0,40.0,Cropland
TSGWD_1226,17.040809,80.223141,Khammam,Khammam(R),,,Telangana Gw,Telangana,,153,2007-05-01 00:00:00,2023-07-25 12:00:00,2.742745098039216,1.6228249554136491,0.18,9.15,16.2,26.1,6.5,40.8,33.1,302.0,99.0,40.0,Cropland
TSGWD_1227,17.21,80.54666667,Khammam,Aswapuram,Kallur,Kallur,Telangana Gw,Telangana,,154,2007-05-01 00:00:00,2023-07-25 12:00:00,3.117792207792208,1.3365853707385171,0.45,10.4,16.2,25.6,6.5,41.4,33.1,173.0,118.0,40.0,Cropland
TSGWD_1228,17.42944444,80.23777778,Khammam,Aswapuram,Kamepalli,Kothalingala,Telangana Gw,Telangana,,154,2007-05-01 00:00:00,2023-07-25 12:00:00,7.230064935064935,3.2012202527890814,0.62,13.9,16.2,29.6,6.7,38.2,32.2,365.0,157.0,40.0,Cropland
TSGWD_1229,17.2333,80.1333,Khammam,Khammam(R),,,Telangana Gw,Telangana,,152,2007-05-01 00:00:00,2023-07-25 12:00:00,1.391052631578947,0.921818788052334,0.13,3.89,16.2,,,,,,114.0,40.0,Cropland
TSGWD_1230,17.2525,80.1436,Khammam,Khammam(R),,,Telangana Gw,Telangana,,146,2007-05-01 00:00:00,2023-07-25 12:00:00,2.656712328767123,1.3053836057090078,0.3,6.53,16.2,,,,,,122.0,40.0,Cropland
TSGWD_1231,17.29666667,80.09694444,Khammam,Aswapuram,Khammam (R ),M.V.Palem,Telangana Gw,Telangana,,147,2007-05-01 00:00:00,2023-07-25 12:00:00,6.620068027210884,2.250079601818275,1.93,11.8,16.2,26.9,6.7,36.2,36.9,287.0,134.0,40.0,Cropland
TSGWD_1232,17.22111111,80.29083333,Khammam,Konjerla,Konjerla,Konijarla,Telangana Gw,Telangana,,154,2007-05-01 00:00:00,2023-07-25 12:00:00,2.3356493506493505,0.9504040594617668,0.47,5.27,16.2,27.7,6.8,37.1,35.1,199.0,121.0,40.0,Cropland
TSGWD_1233,17.2208,79.9583,Khammam,Khammam(R),,,Telangana Gw,Telangana,,154,2007-05-01 00:00:00,2023-07-25 12:00:00,11.818116883116884,2.8593538210285803,2.53,17.4,16.2,27.4,6.8,38.9,33.7,324.0,164.0,40.0,Cropland
TSGWD_1234,17.1875,80.0986,Khammam,Khammam(R),,,Telangana Gw,Telangana,,154,2007-05-01 00:00:00,2023-07-25 12:00:00,2.586493506493506,1.3625286625119888,0.3,6.75,16.2,29.8,6.6,37.1,33.1,324.0,130.0,40.0,Cropland
TSGWD_1235,17.19416667,80.89416667,Khammam,Aswapuram,Sathupalli,Prakashnagar,Telangana Gw,Telangana,,154,2007-05-01 00:00:00,2023-07-25 12:00:00,29.642337662337663,4.385519814355158,21.35,40.6,16.2,26.8,6.5,43.5,29.7,176.0,177.0,40.0,Cropland
TSGWD_1236,17.21472222,80.4625,Khammam,Aswapuram,Thallada,Anjanapuram,Telangana Gw,Telangana,,154,2007-05-01 00:00:00,2023-07-25 12:00:00,3.944090909090909,1.7233925402793964,0.63,9.2,16.2,25.2,6.7,40.8,34.0,177.0,96.0,40.0,Cropland
TSGWD_1237,17.2997,79.9006,Khammam,Khammam(R),,,Telangana Gw,Telangana,,146,2007-05-01 00:00:00,2023-07-25 12:00:00,5.781986301369863,1.9655588377452964,1.62,10.15,16.2,30.7,6.8,37.1,32.2,320.0,168.0,40.0,Cropland
TSGWD_1238,17.317454,80.050896,Khammam,Khammam(R),,,Telangana Gw,Telangana,,153,2007-05-01 00:00:00,2023-07-25 12:00:00,7.279607843137255,3.690702201470348,0.81,18.22,16.2,26.5,6.8,36.7,36.9,170.0,157.0,40.0,Cropland
TSGWD_1239,17.1442,80.805,Khammam,Khammam(R),,,Telangana Gw,Telangana,,153,2007-05-01 00:00:00,2023-07-25 12:00:00,3.7037254901960783,1.9074662452531597,0.14,8.6,16.2,26.1,6.5,42.9,31.0,168.0,157.0,40.0,Cropland
TSGWD_1240,16.8606,80.4803,Khammam,Khammam(R),,,Telangana Gw,Telangana,,23,2007-05-01 00:00:00,2023-07-25 12:00:00,1.7839130434782609,0.7251503864743868,0.55,3.26,16.2,27.8,6.6,38.0,34.1,325.0,61.0,40.0,Cropland
TSGWD_1241,17.26324,80.656018,Khammam,Khammam(R),,,Telangana Gw,Telangana,,15,2007-05-01 00:00:00,2019-09-01 00:00:00,8.911333333333333,1.876139146022517,5.52,11.5,12.3,26.0,6.5,42.9,31.1,174.0,147.0,40.0,Cropland
TSGWD_1243,19.359617,79.286065,Kumuram Bheem,Kumuram Bheem,,,Telangana Gw,Telangana,,154,2007-05-01 00:00:00,2023-07-25 12:00:00,21.472012987012988,2.3865731112866646,12.93,25.41,16.2,,,,,,225.0,40.0,Cropland
TSGWD_1244,19.391953,79.250368,Kumuram Bheem,Kumuram Bheem,,,Telangana Gw,Telangana,,64,2007-05-01 00:00:00,2023-07-25 12:00:00,1.953125,1.942729935728228,0.15,11.65,16.2,37.2,7.2,23.5,39.3,134.0,244.0,40.0,Cropland
TSGWD_1245,19.35666667,79.86222222,Kumuram Bheem,Kumuram Bheem,Bejjur,Bejjur,Telangana Gw,Telangana,,67,2007-05-01 00:00:00,2023-07-25 12:00:00,3.3128358208955224,0.9815970381801732,1.4,4.7,16.2,36.2,7.0,26.0,37.8,142.0,140.0,40.0,Cropland
TSGWD_1246,19.400277,79.75,Kumuram Bheem,Kumuram Bheem,,,Telangana Gw,Telangana,,67,2007-05-01 00:00:00,2023-07-25 12:00:00,4.293582089552239,2.602065439218888,0.2,13.77,16.2,34.6,7.0,25.8,39.6,123.0,173.0,40.0,Cropland
TSGWD_1247,19.25055556,79.70222222,Kumuram Bheem,Kumuram Bheem,Dahegaon,Dahegaon,Telangana Gw,Telangana,,67,2007-05-01 00:00:00,2023-07-25 12:00:00,12.559850746268657,2.048609648648886,8.37,17.17,16.2,34.9,7.0,25.9,39.2,128.0,151.0,40.0,Cropland
TSGWD_1248,19.40055556,78.99611111,Kumuram Bheem,Kumuram Bheem,Jainoor,Rasimetta,Telangana Gw,Telangana,,67,2007-05-01 00:00:00,2023-07-25 12:00:00,4.527462686567164,1.604380691696844,0.42,6.79,16.2,40.7,6.5,24.7,34.6,224.0,377.0,40.0,Cropland
TSGWD_1249,19.325,79.57638889,Kumuram Bheem,Kumuram Bheem,Kagaznagar,Jambugaon,Telangana Gw,Telangana,,67,2007-05-01 00:00:00,2023-07-25 12:00:00,12.00134328358209,2.366734033733296,5.57,15.5,16.2,33.7,7.1,25.1,41.2,141.0,175.0,40.0,Cropland
TSGWD_1250,19.355709,79.496997,Kumuram Bheem,Kumuram Bheem,,,Telangana Gw,Telangana,,154,2007-05-01 00:00:00,2023-07-25 12:00:00,4.749935064935065,1.854223406227071,0.45,8.6,16.2,35.3,6.9,24.1,40.6,125.0,181.0,40.0,Cropland
TSGWD_1251,19.42388889,79.15194444,Kumuram Bheem,Kumuram Bheem,Kerameri,Bheemangondi,Telangana Gw,Telangana,,67,2007-05-01 00:00:00,2023-07-25 12:00:00,9.77,1.1921854136861694,6.28,12.2,16.2,41.2,6.9,23.6,35.2,253.0,341.0,40.0,Cropland
TSGWD_1252,19.444,79.05625,Kumuram Bheem,Kumuram Bheem,,,Telangana Gw,Telangana,,138,2007-05-01 00:00:00,2023-07-25 12:00:00,10.14550724637681,2.70973025631536,2.0,14.53,16.2,38.8,7.3,23.2,38.1,134.0,286.0,40.0,Cropland
TSGWD_1253,19.5219,79.7324,Kumuram Bheem,Kumuram Bheem,,,Telangana Gw,Telangana,,151,2007-05-01 00:00:00,2023-07-25 12:00:00,6.252913907284769,2.045246061611813,1.55,10.5,16.2,37.7,6.9,27.2,35.1,150.0,185.0,40.0,Cropland
TSGWD_1254,19.233,79.088,Kumuram Bheem,Kumuram Bheem,,,Telangana Gw,Telangana,,63,2007-05-01 00:00:00,2023-07-25 12:00:00,1.3987301587301588,0.6966451683083675,0.22,3.66,16.2,39.1,6.9,27.0,33.9,233.0,550.0,40.0,Cropland
TSGWD_1255,19.278088,79.756802,Kumuram Bheem,Kumuram Bheem,,,Telangana Gw,Telangana,,67,2007-05-01 00:00:00,2023-07-25 12:00:00,13.47955223880597,1.8823513928512805,0.9,15.6,16.2,33.8,7.0,25.2,41.0,132.0,158.0,40.0,Cropland
TSGWD_1256,19.257,79.415972,Kumuram Bheem,Kumuram Bheem,,,Telangana Gw,Telangana,,154,2007-05-01 00:00:00,2023-07-25 12:00:00,6.623376623376624,1.453002400161403,2.59,9.86,16.2,37.1,7.0,24.5,38.4,122.0,221.0,40.0,Cropland
TSGWD_1257,19.48,79.57,Kumuram Bheem,Kumuram Bheem,,,Telangana Gw,Telangana,,23,2007-05-01 00:00:00,2023-07-25 12:00:00,0.9504347826086956,0.7821211151319071,0.13,2.85,16.2,35.8,7.0,25.7,38.4,132.0,184.0,40.0,Cropland
TSGWD_1258,19.110748,79.203166,Kumuram Bheem,Kumuram Bheem,,,Telangana Gw,Telangana,,55,2007-05-01 00:00:00,2023-07-25 12:00:00,10.428545454545455,4.552566804758005,0.85,15.92,16.2,38.6,7.0,27.8,33.6,230.0,493.0,40.0,Cropland
TSGWD_1259,19.25113,79.14703,Kumuram Bheem,Kumuram Bheem,,,Telangana Gw,Telangana,,67,2007-05-01 00:00:00,2023-07-25 12:00:00,3.946865671641791,0.7725326490211976,2.2,5.38,16.2,40.4,7.1,23.7,35.9,182.0,368.0,40.0,Cropland
TSGWD_1260,19.174472,79.27225,Kumuram Bheem,Kumuram Bheem,,,Telangana Gw,Telangana,,153,2007-05-01 00:00:00,2020-01-22 00:00:00,9.40470588235294,1.1074532536311987,3.93,11.35,12.7,38.5,7.1,20.5,41.0,121.0,293.0,40.0,Cropland
TSGWD_1261,19.57,79.27,Kumuram Bheem,Kumuram Bheem,,,Telangana Gw,Telangana,,65,2007-05-01 00:00:00,2023-07-25 12:00:00,7.48923076923077,0.8511229855540631,5.58,8.75,16.2,41.3,7.1,26.9,31.8,216.0,294.0,40.0,Cropland
TSGWD_1262,19.48,79.32,Kumuram Bheem,Kumuram Bheem,Wankidi,Wankidi,Telangana Gw,Telangana,,67,2007-05-01 00:00:00,2023-07-25 12:00:00,7.684328358208956,1.1661516922489723,1.28,8.75,16.2,39.1,7.4,25.3,35.5,121.0,234.0,40.0,Cropland
TSGWD_1263,17.61055556,80.08722222,Mahabubabad,Mahabubabad,Bayyaram,Balajipeta,Telangana Gw,Telangana,,152,2007-05-01 00:00:00,2023-07-25 12:00:00,5.2125,1.6858704788693517,0.95,8.65,16.2,28.6,6.6,41.5,29.9,203.0,180.0,40.0,Cropland
TSGWD_1264,17.514565,79.885498,Mahabubabad,Mahabubabad,,,Telangana Gw,Telangana,,54,2007-05-01 00:00:00,2023-07-25 12:00:00,6.222407407407407,1.5683820953215537,3.3,8.84,16.2,26.7,6.8,37.2,36.2,306.0,186.0,40.0,Cropland
TSGWD_1265,17.5147,79.7347,Mahabubabad,Mahabubabad,,,Telangana Gw,Telangana,,154,2007-05-01 00:00:00,2023-07-25 12:00:00,5.485064935064935,2.0425308684808297,0.43,13.53,16.2,27.2,6.8,37.1,35.7,304.0,213.0,40.0,Cropland
TSGWD_1266,17.46777778,80.09222222,Mahabubabad,Mahabubabad,Dornakal,Gollacherla,Telangana Gw,Telangana,,54,2007-05-01 00:00:00,2023-07-25 12:00:00,4.952592592592593,1.529432235492296,1.76,7.61,16.2,28.8,6.7,36.1,35.1,188.0,167.0,40.0,Cropland
TSGWD_1267,17.4202,80.0536,Mahabubabad,Mahabubabad,,,Telangana Gw,Telangana,,154,2007-05-01 00:00:00,2023-07-25 12:00:00,4.140844155844156,1.7474560225416993,1.0,7.4,16.2,27.1,6.6,36.0,36.9,189.0,164.0,40.0,Cropland
TSGWD_1268,17.374115,80.043883,Mahabubabad,Mahabubabad,,,Telangana Gw,Telangana,,54,2007-05-01 00:00:00,2023-07-25 12:00:00,7.3405555555555555,2.3129042566930718,2.35,13.8,16.2,27.6,6.8,36.1,36.3,178.0,144.0,40.0,Cropland
TSGWD_1269,17.84805556,80.21611111,Mahabubabad,Mahabubabad,Gangaram,Gangaram,Telangana Gw,Telangana,,54,2007-05-01 00:00:00,2023-07-25 12:00:00,3.6222222222222222,1.3323431858120771,1.33,6.15,16.2,30.2,6.7,45.6,24.2,175.0,362.0,40.0,Cropland
TSGWD_1270,17.8808,80.2306,Mahabubabad,Mahabubabad,,,Telangana Gw,Telangana,,54,2007-05-01 00:00:00,2023-07-25 12:00:00,11.075925925925926,4.489921845988942,1.43,20.43,16.2,29.3,6.7,44.7,26.0,229.0,356.0,40.0,Cropland
TSGWD_1271,17.8005,79.9811,Mahabubabad,Mahabubabad,,,Telangana Gw,Telangana,,154,2007-05-01 00:00:00,2023-07-25 12:00:00,5.805974025974026,2.188224433017688,1.16,11.08,16.2,28.2,6.8,37.7,34.1,180.0,219.0,40.0,Cropland
TSGWD_1272,17.6555,79.8869,Mahabubabad,Mahabubabad,,,Telangana Gw,Telangana,,54,2007-05-01 00:00:00,2023-07-25 12:00:00,6.693703703703704,2.0963978956694165,2.2,9.92,16.2,27.0,6.7,37.9,35.2,163.0,225.0,40.0,Cropland
TSGWD_1273,17.6816,79.9069,Mahabubabad,Mahabubabad,,,Telangana Gw,Telangana,,154,2007-05-01 00:00:00,2023-07-25 12:00:00,6.708961038961039,2.2309510761902573,1.07,11.04,16.2,28.2,6.7,37.3,34.5,173.0,222.0,40.0,Cropland
TSGWD_1274,17.503,79.9886,Mahabubabad,Mahabubabad,,,Telangana Gw,Telangana,,154,2007-05-01 00:00:00,2023-07-25 12:00:00,5.257012987012987,1.9928381999885247,1.38,9.84,16.2,26.1,6.7,37.1,36.8,165.0,190.0,40.0,Cropland
TSGWD_1275,17.5403,80.0335,Mahabubabad,Mahabubabad,,,Telangana Gw,Telangana,,54,2007-05-01 00:00:00,2023-07-25 12:00:00,3.3894444444444445,1.3620204424070113,0.82,5.3,16.2,27.1,6.8,36.1,36.8,313.0,202.0,40.0,Cropland
TSGWD_1276,17.44944444,80.03555556,Mahabubabad,Mahabubabad,Koravi,Upperagudem,Telangana Gw,Telangana,,54,2007-05-01 00:00:00,2023-07-25 12:00:00,6.817777777777779,1.3489739870027375,3.41,9.01,16.2,28.1,6.8,35.7,36.3,199.0,170.0,40.0,Cropland
TSGWD_1277,17.91055556,80.055,Mahabubabad,Mahabubabad,Kothaguda,Kothaguda,Telangana Gw,Telangana,,54,2007-05-01 00:00:00,2023-07-25 12:00:00,13.388333333333334,6.599377257641758,4.36,27.03,16.2,29.2,6.9,39.3,31.4,161.0,268.0,40.0,Cropland
TSGWD_1278,17.835962,80.175691,Mahabubabad,Mahabubabad,,,Telangana Gw,Telangana,,54,2007-05-01 00:00:00,2023-07-25 12:00:00,3.577777777777777,1.4983622086051491,1.1,6.32,16.2,30.5,6.3,44.8,24.7,163.0,298.0,40.0,Cropland
TSGWD_1279,17.9941,80.0451,Mahabubabad,Mahabubabad,,,Telangana Gw,Telangana,,54,2007-05-01 00:00:00,2023-07-25 12:00:00,13.826481481481482,8.050714759644638,1.78,28.71,16.2,30.6,6.8,40.3,29.1,351.0,272.0,40.0,Cropland
TSGWD_1280,17.59388889,79.91,Mahabubabad,Mahabubabad,Mahabubabad,Amanagal,Telangana Gw,Telangana,,54,2007-05-01 00:00:00,2023-07-25 12:00:00,7.942592592592592,2.173687576434133,0.81,11.75,16.2,27.1,6.8,36.4,36.4,318.0,212.0,40.0,Cropland
TSGWD_1281,17.5983,80.0011,Mahabubabad,Mahabubabad,,,Telangana Gw,Telangana,,154,2007-05-01 00:00:00,2023-07-25 12:00:00,5.103376623376623,1.7637731468181763,1.18,8.88,16.2,,,,,,199.0,40.0,Cropland
TSGWD_1282,17.36916667,79.87833333,Mahabubabad,Mahabubabad,Marripeda,Giripuram,Telangana Gw,Telangana,,54,2007-05-01 00:00:00,2023-07-25 12:00:00,15.284074074074075,3.0094182466198927,8.35,19.62,16.2,28.3,6.9,36.6,35.1,310.0,183.0,40.0,Cropland
TSGWD_1283,17.3852,79.8941,Mahabubabad,Mahabubabad,,,Telangana Gw,Telangana,,154,2007-05-01 00:00:00,2023-07-25 12:00:00,6.841103896103896,1.702449431720784,2.13,10.12,16.2,,,,,,190.0,40.0,Cropland
TSGWD_1284,17.45,79.86305556,Mahabubabad,Mahabubabad,Marripeda,Yellampet,Telangana Gw,Telangana,,54,2007-05-01 00:00:00,2023-07-25 12:00:00,7.112407407407408,2.130680585028125,0.46,10.42,16.2,26.1,6.9,37.3,36.6,191.0,189.0,40.0,Cropland
TSGWD_1285,17.53,79.789,Mahabubabad,Mahabubabad,,,Telangana Gw,Telangana,,54,2007-05-01 00:00:00,2023-07-25 12:00:00,8.742407407407407,2.581146399673577,2.87,13.62,16.2,27.0,6.6,38.2,34.8,338.0,197.0,40.0,Cropland
TSGWD_1286,17.63777778,79.77472222,Mahabubabad,Mahabubabad,Nellikudur,Chinna Nagaram,Telangana Gw,Telangana,,54,2007-05-01 00:00:00,2023-07-25 12:00:00,12.237222222222222,2.216948792752222,7.59,16.6,16.2,27.0,6.8,35.3,37.7,175.0,222.0,40.0,Cropland
TSGWD_1287,17.5897,79.7597,Mahabubabad,Mahabubabad,,,Telangana Gw,Telangana,,154,2007-05-01 00:00:00,2023-07-25 12:00:00,5.592077922077921,1.926816832239011,1.01,9.6,16.2,26.3,6.9,37.8,35.9,191.0,202.0,40.0,Cropland
TSGWD_1288,17.6159,79.7249,Mahabubabad,Mahabubabad,,,Telangana Gw,Telangana,,54,2007-05-01 00:00:00,2023-07-25 12:00:00,9.67314814814815,2.6979403912978706,4.69,17.8,16.2,26.7,6.8,37.4,35.9,293.0,203.0,40.0,Cropland
TSGWD_1289,17.527081,79.558433,Mahabubabad,Mahabubabad,,,Telangana Gw,Telangana,,46,2007-05-01 00:00:00,2023-07-25 12:00:00,10.183260869565215,3.4633394638045365,1.52,17.8,16.2,28.4,6.9,37.6,34.0,327.0,238.0,40.0,Cropland
TSGWD_1290,17.5225,79.645,Mahabubabad,Mahabubabad,,,Telangana Gw,Telangana,,54,2007-05-01 00:00:00,2023-07-25 12:00:00,4.120740740740741,1.8134423139036,0.52,8.65,16.2,29.2,6.9,38.4,32.4,308.0,219.0,40.0,Cropland
TSGWD_1291,17.58361111,79.66111111,Mahabubabad,Mahabubabad,Torrur,Torrur,Telangana Gw,Telangana,,154,2007-05-01 00:00:00,2023-07-25 12:00:00,7.693603896103896,3.729249801757224,1.5,19.28,16.2,28.0,7.0,36.5,35.5,176.0,239.0,40.0,Cropland
TSGWD_1292,16.487109,77.954489,Mahbubnagar,Mahbubnagar,,,Telangana Gw,Telangana,,152,2007-05-01 00:00:00,2023-07-25 12:00:00,6.053184210526315,2.0878485660401545,0.74,11.25,16.2,29.6,6.7,38.3,32.1,159.0,389.0,40.0,Cropland
TSGWD_1293,16.69722222,78.05527778,Mahbubnagar,Achampet,Bhoothpur,Bhoothpur,Telangana Gw,Telangana,,58,2007-05-01 00:00:00,2023-07-25 12:00:00,16.720862068965516,5.414530251119704,2.29,22.8,16.2,30.2,6.8,37.7,32.1,182.0,453.0,40.0,Cropland
TSGWD_1294,16.623,78.116,Mahbubnagar,Mahbubnagar,,,Telangana Gw,Telangana,,58,2007-05-01 00:00:00,2023-07-25 12:00:00,18.57689655172414,3.4950487318825045,7.22,26.0,16.2,30.4,6.9,35.4,34.2,173.0,463.0,40.0,Cropland
TSGWD_1295,16.4997,77.7554,Mahbubnagar,Mahbubnagar,,,Telangana Gw,Telangana,,58,2007-05-01 00:00:00,2023-07-25 12:00:00,6.223793103448276,2.294676392417136,1.58,12.65,16.2,31.5,7.1,32.3,36.2,145.0,362.0,40.0,Cropland
TSGWD_1296,16.441442,77.816757,Mahbubnagar,Mahbubnagar,,,Telangana Gw,Telangana,,150,2007-05-01 00:00:00,2023-07-25 12:00:00,22.737266666666667,2.655241466203758,7.41,39.78,16.2,32.2,7.1,36.2,31.6,166.0,330.0,40.0,Cropland
TSGWD_1297,16.48271,77.824269,Mahbubnagar,Mahbubnagar,,,Telangana Gw,Telangana,,58,2007-05-01 00:00:00,2023-07-25 12:00:00,10.449827586206895,2.898868194978384,2.25,16.0,16.2,32.9,7.1,32.1,35.0,143.0,350.0,40.0,Cropland
TSGWD_1298,16.889856,77.470614,Narayanpet,Narayanpet,,,Telangana Gw,Telangana,,40,2007-05-01 00:00:00,2023-07-25 12:00:00,13.341,3.122406041369297,5.89,17.87,16.2,28.6,6.7,43.5,28.0,162.0,611.0,40.0,Cropland
TSGWD_1299,16.68,77.774,Mahbubnagar,Mahbubnagar,,,Telangana Gw,Telangana,,18,2007-05-01 00:00:00,2023-07-25 12:00:00,8.863333333333333,2.376163492097392,5.07,13.06,16.2,34.1,6.8,34.3,31.6,201.0,401.0,40.0,Cropland
TSGWD_1300,16.60583333,77.83277778,Mahbubnagar,Devarakadra,Devarakadra,Devarakhadra,Telangana Gw,Telangana,,152,2007-05-01 00:00:00,2023-07-25 12:00:00,12.12407894736842,1.4731577811051564,7.42,16.96,16.2,31.7,6.9,32.7,35.7,134.0,389.0,40.0,Cropland
TSGWD_1301,16.522,77.857,Mahbubnagar,Mahbubnagar,,,Telangana Gw,Telangana,,58,2007-05-01 00:00:00,2023-07-25 12:00:00,14.853103448275862,2.4604814868243663,6.39,19.91,16.2,32.0,7.1,31.1,36.9,133.0,362.0,40.0,Cropland
TSGWD_1302,16.58695,77.814497,Mahbubnagar,Mahbubnagar,,,Telangana Gw,Telangana,,58,2007-05-01 00:00:00,2023-07-25 12:00:00,9.642586206896553,4.246550534234395,1.3,21.4,16.2,35.5,6.9,30.2,34.3,136.0,372.0,40.0,Cropland
TSGWD_1303,16.94805556,77.79805556,Mahbubnagar,Achampet,Gandeed,Salkerpet,Telangana Gw,Telangana,,44,2007-05-01 00:00:00,2023-07-25 12:00:00,19.932954545454542,8.31333548472614,5.32,29.85,16.2,28.5,7.0,40.8,30.7,166.0,507.0,40.0,Cropland
TSGWD_1304,16.808381,77.897252,Mahbubnagar,Mahbubnagar,,,Telangana Gw,Telangana,,152,2007-05-01 00:00:00,2023-07-25 12:00:00,17.09816447368421,5.141549415301557,4.81,30.22,16.2,31.8,6.6,41.8,26.3,206.0,564.0,40.0,Cropland
TSGWD_1305,16.774181,78.122404,Mahbubnagar,Mahbubnagar,,,Telangana Gw,Telangana,,153,2007-05-01 00:00:00,2023-07-25 12:00:00,20.0191045751634,2.634470463028775,14.22,24.78,16.2,32.8,6.5,39.9,27.3,157.0,576.0,40.0,Cropland
TSGWD_1306,16.834188,78.26586,Mahbubnagar,Mahbubnagar,,,Telangana Gw,Telangana,,58,2007-05-01 00:00:00,2023-07-25 12:00:00,15.355689655172414,2.873905046758824,8.39,18.57,16.2,33.0,7.0,39.5,27.6,343.0,527.0,40.0,Cropland
TSGWD_1307,16.759993,77.89946,Mahbubnagar,Mahbubnagar,,,Telangana Gw,Telangana,,58,2007-05-01 00:00:00,2023-07-25 12:00:00,11.85103448275862,3.984619416396869,2.23,17.06,16.2,32.8,6.8,40.7,26.5,183.0,524.0,40.0,Cropland
TSGWD_1308,16.75775,77.790148,Mahbubnagar,Mahbubnagar,,,Telangana Gw,Telangana,,103,2007-05-01 00:00:00,2023-07-25 12:00:00,8.773466019417477,4.94061597297963,1.63,24.65,16.2,29.8,6.7,38.5,31.7,222.0,444.0,40.0,Cropland
TSGWD_1309,16.98472222,77.70555556,Narayanpet,Narayanpet,Kosigi,Kosigi,Telangana Gw,Telangana,,151,2007-05-01 00:00:00,2023-07-25 12:00:00,11.383774834437087,3.9135955559599074,3.5,21.71,16.2,34.4,6.9,37.4,28.2,138.0,521.0,40.0,Cropland
TSGWD_1310,16.85694444,77.60694444,Narayanpet,Narayanpet,Maddur,Maddur,Telangana Gw,Telangana,,58,2007-05-01 00:00:00,2023-07-25 12:00:00,13.238620689655171,1.4219833545499256,8.17,15.86,16.2,31.7,6.9,38.0,30.3,173.0,521.0,40.0,Cropland
TSGWD_1311,16.446356,77.430836,Narayanpet,Narayanpet,,,Telangana Gw,Telangana,,77,2007-05-01 00:00:00,2023-07-25 12:00:00,5.929740259740259,1.2253248484703467,3.64,9.3,16.2,33.3,7.2,34.4,32.3,177.0,345.0,40.0,Cropland
TSGWD_1312,16.68,77.92388889,Mahbubnagar,Mahbubnagar,Mahbubnagar,Koduru(Rs),Telangana Gw,Telangana,,58,2007-05-01 00:00:00,2023-07-25 12:00:00,17.631551724137932,4.241789510532514,7.66,30.0,16.2,29.2,6.7,36.7,34.1,159.0,428.0,40.0,Cropland
TSGWD_1313,16.76138889,78.02111111,Mahbubnagar,Mahbubnagar,Mahbubnagar,Yenugonda,Telangana Gw,Telangana,,150,2007-05-01 00:00:00,2023-07-25 12:00:00,18.906586666666666,8.684188202748755,4.52,46.95,16.2,29.9,6.7,42.0,28.2,179.0,505.0,40.0,Cropland
TSGWD_1314,16.50055556,77.5,Narayanpet,Narayanpet,Makthal,Makthal,Telangana Gw,Telangana,,152,2007-05-01 00:00:00,2023-07-25 12:00:00,10.911677631578948,3.027804700766944,4.22,18.33,16.2,28.4,7.2,35.2,36.4,428.0,373.0,40.0,Cropland
TSGWD_1315,16.59194444,77.69805556,Narayanpet,Narayanpet,Marikal,Marikal,Telangana Gw,Telangana,,151,2007-05-01 00:00:00,2023-07-25 12:00:00,14.995165562913908,1.719740233990641,8.31,17.43,16.2,29.4,6.9,34.2,36.4,172.0,386.0,40.0,Cropland
TSGWD_1316,16.7506,78.2315,Mahbubnagar,Mahbubnagar,,,Telangana Gw,Telangana,,153,2007-05-01 00:00:00,2023-07-25 12:00:00,12.468496732026145,3.45335282756251,4.81,20.71,16.2,30.5,6.9,40.6,28.9,151.0,490.0,40.0,Cropland
TSGWD_1317,16.726583,78.318739,Mahbubnagar,Mahbubnagar,,,Telangana Gw,Telangana,,121,2007-05-01 00:00:00,2023-07-25 12:00:00,24.60276033057852,7.563905232555463,13.75,40.19,16.2,32.2,6.9,40.2,27.6,150.0,479.0,40.0,Cropland
TSGWD_1318,16.734089,77.565649,Narayanpet,Narayanpet,,,Telangana Gw,Telangana,,42,2007-05-01 00:00:00,2023-07-25 12:00:00,19.992142857142856,7.109617853856463,7.23,31.72,16.2,29.1,6.8,38.7,32.2,187.0,444.0,40.0,Cropland
TSGWD_1319,16.667939,77.616892,Narayanpet,Narayanpet,,,Telangana Gw,Telangana,,58,2007-05-01 00:00:00,2023-07-25 12:00:00,9.91655172413793,2.4349001577024523,5.77,14.23,16.2,27.9,6.8,38.4,33.7,178.0,412.0,40.0,Cropland
TSGWD_1320,16.754004,77.637795,Narayanpet,Narayanpet,,,Telangana Gw,Telangana,,58,2007-05-01 00:00:00,2023-07-25 12:00:00,7.468275862068965,2.100538893204142,2.96,10.98,16.2,33.2,6.9,40.2,26.7,198.0,513.0,40.0,Cropland
TSGWD_1321,16.74222222,77.48111111,Narayanpet,Narayanpet,Narayanpet,Narayanapet,Telangana Gw,Telangana,,151,2007-05-01 00:00:00,2023-07-25 12:00:00,12.470145695364238,4.575447199123238,2.16,20.35,16.2,29.4,6.9,39.4,31.2,186.0,429.0,40.0,Cropland
TSGWD_1322,16.4706,77.6567,Narayanpet,Narayanpet,,,Telangana Gw,Telangana,,152,2007-05-01 00:00:00,2023-07-25 12:00:00,18.419144736842107,2.5002471252901763,6.5,22.91,16.2,36.3,7.1,30.9,32.8,422.0,355.0,40.0,Cropland
TSGWD_1323,16.88805556,78.02388889,Mahbubnagar,Hanwada,Hanwada,Nawabpet,Telangana Gw,Telangana,,152,2007-05-01 00:00:00,2023-07-25 12:00:00,7.246184210526316,2.921610264114325,1.6,14.08,16.2,29.6,6.6,40.8,29.6,161.0,607.0,40.0,Cropland
TSGWD_1324,16.8378,78.1538,Mahbubnagar,Mahbubnagar,,,Telangana Gw,Telangana,,152,2007-05-01 00:00:00,2023-07-25 12:00:00,23.02802631578947,5.198660555899167,10.35,33.15,16.2,30.1,6.7,43.0,26.8,149.0,557.0,40.0,Cropland
TSGWD_1325,16.568,77.552,Narayanpet,Narayanpet,,,Telangana Gw,Telangana,,36,2007-05-01 00:00:00,2023-07-25 12:00:00,19.044722222222223,3.894380189900838,6.92,25.18,16.2,35.6,7.1,30.1,34.3,144.0,390.0,40.0,Cropland
TSGWD_1326,16.581217,77.516956,Narayanpet,Narayanpet,,,Telangana Gw,Telangana,,58,2007-05-01 00:00:00,2023-07-25 12:00:00,9.339137931034482,2.1301044241619325,5.0,14.23,16.2,35.6,7.0,30.5,34.0,133.0,381.0,40.0,Cropland
TSGWD_1327,16.6407,77.5003,Narayanpet,Narayanpet,,,Telangana Gw,Telangana,,151,2007-05-01 00:00:00,2023-07-25 12:00:00,8.111986754966887,1.5905177437415576,3.12,11.52,16.2,32.5,7.2,32.9,34.7,171.0,393.0,40.0,Cropland
TSGWD_1328,16.904,77.898,Mahbubnagar,Mahbubnagar,,,Telangana Gw,Telangana,,52,2007-05-01 00:00:00,2023-07-25 12:00:00,11.247115384615386,3.911168190435732,4.1,20.25,16.2,28.8,6.7,42.6,28.5,180.0,555.0,40.0,Cropland
TSGWD_1329,19.072027,79.503111,Mancherial,Mancherial,,,Telangana Gw,Telangana,,154,2007-05-01 00:00:00,2023-07-25 12:00:00,14.947987012987012,1.8142559575673995,9.85,18.4,16.2,37.8,6.9,26.3,35.8,127.0,231.0,40.0,Cropland
TSGWD_1330,19.16944444,79.58388889,Mancherial,Mancherial,Bhimini,Rampur,Telangana Gw,Telangana,,59,2007-05-01 00:00:00,2023-07-25 12:00:00,2.465254237288135,0.935708022416445,0.65,4.4,16.2,36.6,7.1,23.0,40.4,112.0,183.0,40.0,Cropland
TSGWD_1331,18.852222,79.780222,Mancherial,Mancherial,,,Telangana Gw,Telangana,,154,2007-05-01 00:00:00,2023-07-25 12:00:00,10.605844155844157,5.324001357927511,4.61,32.37,16.2,39.6,7.0,23.7,36.8,141.0,140.0,40.0,Cropland
TSGWD_1332,18.7725,79.79981,Mancherial,Mancherial,,,Telangana Gw,Telangana,,67,2007-05-01 00:00:00,2023-07-25 12:00:00,2.764179104477612,1.232900189198809,0.3,5.13,16.2,40.6,7.0,24.7,34.7,151.0,126.0,40.0,Cropland
TSGWD_1333,19.005,79.14472222,Mancherial,Mancherial,Dandepally,Myadaripet,Telangana Gw,Telangana,,67,2007-05-01 00:00:00,2023-07-25 12:00:00,4.5558208955223884,1.7460085643631562,1.09,8.32,16.2,32.6,7.0,27.1,40.3,149.0,184.0,40.0,Cropland
TSGWD_1334,18.874803,79.322716,Mancherial,Mancherial,,,Telangana Gw,Telangana,,67,2007-05-01 00:00:00,2023-07-25 12:00:00,4.897910447761195,1.401579776768617,1.6,7.59,16.2,35.7,6.9,24.5,39.8,141.0,171.0,40.0,Cropland
TSGWD_1335,18.84416667,79.58,Mancherial,Mancherial,Jaipur,Jaipur,Telangana Gw,Telangana,,154,2007-05-01 00:00:00,2023-07-25 12:00:00,5.046363636363636,1.7664919699721924,1.07,8.78,16.2,37.6,6.9,25.5,36.9,169.0,156.0,40.0,Cropland
TSGWD_1336,18.787918,79.631578,Mancherial,Mancherial,,,Telangana Gw,Telangana,,67,2007-05-01 00:00:00,2023-07-25 12:00:00,11.686716417910448,4.4747332366941,4.0,20.25,16.2,36.1,6.9,26.5,37.4,159.0,171.0,40.0,Cropland
TSGWD_1337,19.148888,78.942222,Mancherial,Mancherial,,,Telangana Gw,Telangana,,58,2007-05-01 00:00:00,2023-07-25 12:00:00,4.673448275862069,1.4765209841298983,1.82,7.0,16.2,33.1,7.0,24.6,42.4,125.0,214.0,40.0,Cropland
TSGWD_1338,19.0,79.408055,Mancherial,Mancherial,,,Telangana Gw,Telangana,,0,2007-05-01 00:00:00,2023-07-25 12:00:00,,,,,16.2,37.9,6.9,28.4,33.7,244.0,202.0,40.0,Cropland
TSGWD_1339,19.039139,79.397808,Mancherial,Mancherial,,,Telangana Gw,Telangana,,67,2007-05-01 00:00:00,2023-07-25 12:00:00,2.602537313432836,1.2386861848328266,0.3,5.55,16.2,38.9,6.9,25.6,35.5,195.0,216.0,40.0,Cropland
TSGWD_1340,18.95,79.881944,Mancherial,Mancherial,,,Telangana Gw,Telangana,,67,2007-05-01 00:00:00,2023-07-25 12:00:00,5.446865671641791,2.6882793916821783,0.55,12.23,16.2,35.1,7.0,26.3,38.6,162.0,129.0,40.0,Cropland
TSGWD_1341,18.877722,79.202054,Mancherial,Mancherial,,,Telangana Gw,Telangana,,154,2007-05-01 00:00:00,2023-07-25 12:00:00,5.078116883116883,2.5760314945199814,0.53,10.0,16.2,32.3,7.1,27.2,40.6,129.0,159.0,40.0,Cropland
TSGWD_1342,18.978679,79.477854,Mancherial,Mancherial,,,Telangana Gw,Telangana,,66,2007-05-01 00:00:00,2023-07-25 12:00:00,5.3531818181818185,1.5044182715137229,1.32,7.58,16.2,,,,,,179.0,40.0,Cropland
TSGWD_1343,18.940004,79.544712,Mancherial,Mancherial,,,Telangana Gw,Telangana,,67,2007-05-01 00:00:00,2023-07-25 12:00:00,10.963880597014926,3.086060524565984,5.4,18.1,16.2,35.6,7.0,26.4,38.0,126.0,179.0,40.0,Cropland
TSGWD_1344,19.079833,79.627194,Mancherial,Mancherial,,,Telangana Gw,Telangana,,153,2007-05-01 00:00:00,2023-07-25 12:00:00,4.409019607843137,1.6632188848204947,0.45,7.96,16.2,35.9,7.1,23.6,40.5,121.0,179.0,40.0,Cropland
TSGWD_1345,19.15777778,79.45638889,Mancherial,Mancherial,Nennel,Tandur,Telangana Gw,Telangana,,154,2007-05-01 00:00:00,2023-07-25 12:00:00,15.02844155844156,3.0997012569251226,5.33,27.3,16.2,39.2,7.0,25.8,34.9,129.0,245.0,40.0,Cropland
TSGWD_1346,19.04805556,79.815,Mancherial,Mancherial,Vemanpally,Neelwai,Telangana Gw,Telangana,,64,2007-05-01 00:00:00,2023-07-25 12:00:00,1.6075,1.1468839771933588,0.15,7.15,16.2,38.8,6.9,23.7,37.5,308.0,125.0,40.0,Cropland
TSGWD_1347,17.967169,77.9379,Medak,Medak,,,Telangana Gw,Telangana,,57,2007-05-01 00:00:00,2023-07-25 12:00:00,26.99,5.052055805030548,13.07,36.15,16.2,36.1,7.4,41.8,22.2,141.0,517.0,40.0,Cropland
TSGWD_1348,17.93416667,78.51861111,Medak,Chegunta,Chegunta,Chegunta,Telangana Gw,Telangana,,153,2007-05-01 00:00:00,2023-07-25 12:00:00,16.48367320261438,4.231951008680191,7.52,30.49,16.2,36.5,7.3,40.7,22.8,145.0,552.0,40.0,Cropland
TSGWD_1349,17.978333,78.459722,Medak,Medak,,,Telangana Gw,Telangana,,57,2007-05-01 00:00:00,2023-07-25 12:00:00,18.327192982456143,6.81231860948185,8.26,31.2,16.2,36.6,7.2,40.4,23.1,161.0,544.0,40.0,Cropland
TSGWD_1350,18.0845,78.2189,Medak,Medak,,,Telangana Gw,Telangana,,57,2007-05-01 00:00:00,2023-07-25 12:00:00,16.649122807017545,4.784561959611707,5.55,24.7,16.2,34.8,7.3,35.2,30.1,143.0,449.0,40.0,Cropland
TSGWD_1351,18.0709,78.2005,Medak,Medak,,,Telangana Gw,Telangana,,39,2007-05-01 00:00:00,2023-07-25 12:00:00,15.282307692307691,3.2163058750344904,9.13,23.0,16.2,35.0,7.3,34.4,30.7,142.0,446.0,40.0,Cropland
TSGWD_1352,17.903,78.205,Medak,Medak,,,Telangana Gw,Telangana,,54,2007-05-01 00:00:00,2023-07-25 12:00:00,19.31888888888889,6.027565817602874,0.59,33.3,16.2,38.1,7.5,37.4,24.5,117.0,529.0,40.0,Cropland
TSGWD_1353,17.9451,78.1176,Medak,Medak,,,Telangana Gw,Telangana,,143,2007-05-01 00:00:00,2023-07-25 12:00:00,30.376433566433565,7.609087821327085,12.95,46.75,16.2,35.5,7.6,36.7,27.8,144.0,493.0,40.0,Cropland
TSGWD_1354,18.0528,78.2708,Medak,Medak,,,Telangana Gw,Telangana,,152,2007-05-01 00:00:00,2023-07-25 12:00:00,18.863144736842106,5.3641158439075065,7.8,34.82,16.2,,,,,,481.0,40.0,Cropland
TSGWD_1355,18.0398,78.2723,Medak,Medak,,,Telangana Gw,Telangana,,57,2007-05-01 00:00:00,2023-07-25 12:00:00,8.23421052631579,3.765939432867989,1.6,24.24,16.2,35.7,7.4,33.9,30.4,162.0,469.0,40.0,Cropland
TSGWD_1356,17.735,78.2819,Medak,Medak,,,Telangana Gw,Telangana,,153,2007-05-01 00:00:00,2023-07-25 12:00:00,18.34527450980392,4.65234526629099,5.16,32.88,16.2,,,,,,566.0,40.0,Cropland
TSGWD_1357,17.7856,78.2633,Medak,Medak,,,Telangana Gw,Telangana,,57,2007-05-01 00:00:00,2023-07-25 12:00:00,15.512105263157896,3.5097220773375164,8.31,23.9,16.2,34.4,7.2,43.2,22.4,127.0,534.0,40.0,Cropland
TSGWD_1358,18.1614,78.5476,Medak,Medak,,,Telangana Gw,Telangana,,57,2007-05-01 00:00:00,2023-07-25 12:00:00,19.256666666666668,5.48381460472978,9.45,33.0,16.2,37.7,7.3,38.8,23.5,140.0,480.0,40.0,Cropland
TSGWD_1359,18.04222222,78.08527778,Medak,Papannapet,Papannapet,Papannapet(Narsingi),Telangana Gw,Telangana,,152,2007-05-01 00:00:00,2023-07-25 12:00:00,13.24638157894737,5.70879715579526,3.02,30.83,16.2,35.3,7.3,36.2,28.5,129.0,436.0,40.0,Cropland
TSGWD_1360,17.943349,77.827959,Medak,Medak,,,Telangana Gw,Telangana,,140,2007-05-01 00:00:00,2023-07-25 12:00:00,7.135928571428571,4.844284906346245,0.48,30.69,16.2,32.2,7.1,40.1,27.7,140.0,569.0,40.0,Cropland
TSGWD_1361,18.05166667,77.91722222,Medak,Shankarampet(R),Shankarampet(R),Gavvalapally,Telangana Gw,Telangana,,153,2007-05-01 00:00:00,2023-07-25 12:00:00,8.729281045751634,4.13177833902813,2.36,28.85,16.2,34.5,7.4,38.7,26.8,139.0,454.0,40.0,Cropland
TSGWD_1362,17.971,78.372,Medak,Medak,,,Telangana Gw,Telangana,,153,2007-05-01 00:00:00,2023-07-25 12:00:00,14.882352941176473,5.363678868667657,3.8,39.35,16.2,36.1,7.5,38.7,25.2,137.0,505.0,40.0,Cropland
TSGWD_1363,17.7817,78.3674,Medak,Medak,,,Telangana Gw,Telangana,,47,2007-05-01 00:00:00,2023-07-25 12:00:00,26.464893617021275,6.359488245865872,6.7,37.15,16.2,33.0,7.0,46.9,20.1,118.0,574.0,40.0,Cropland
TSGWD_1364,17.7863,78.37,Medak,Medak,,,Telangana Gw,Telangana,,152,2007-05-01 00:00:00,2023-07-25 12:00:00,14.988322368421052,6.326217881441473,3.06,29.85,16.2,32.0,7.1,47.6,20.4,119.0,572.0,40.0,Cropland
TSGWD_1365,17.8211,78.3949,Medak,Medak,,,Telangana Gw,Telangana,,56,2007-05-01 00:00:00,2023-07-25 12:00:00,19.33267857142857,3.869752395683232,9.95,26.3,16.2,32.4,7.1,46.0,21.6,120.0,552.0,40.0,Cropland
TSGWD_1366,17.9754,78.0304,Medak,Medak,,,Telangana Gw,Telangana,,153,2007-05-01 00:00:00,2023-07-25 12:00:00,22.635673202614377,8.56651669432097,5.77,49.09,16.2,35.8,7.7,37.9,26.3,127.0,492.0,40.0,Cropland
TSGWD_1367,17.8772,78.4746,Medak,Medak,,,Telangana Gw,Telangana,,56,2007-05-01 00:00:00,2023-07-25 12:00:00,22.38125,10.968311225360248,1.71,38.65,16.2,37.8,7.3,36.4,25.9,115.0,536.0,40.0,Cropland
TSGWD_1368,17.84138889,78.4775,Medak,Tupran,Tupran,Toopran,Telangana Gw,Telangana,,115,2007-05-01 00:00:00,2023-07-25 12:00:00,18.702434782608695,10.216171871304963,4.71,38.8,16.2,,,,,,538.0,40.0,Cropland
TSGWD_1369,17.9672,78.3492,Medak,Medak,,,Telangana Gw,Telangana,,54,2007-05-01 00:00:00,2023-07-25 12:00:00,24.233148148148143,5.00159175571593,12.65,32.03,16.2,37.6,7.5,37.5,24.9,141.0,496.0,40.0,Cropland
TSGWD_1370,17.9146,78.3208,Medak,Medak,,,Telangana Gw,Telangana,,57,2007-05-01 00:00:00,2023-07-25 12:00:00,10.804385964912282,5.9296389367144,1.79,22.35,16.2,35.3,7.4,41.3,23.4,124.0,483.0,40.0,Cropland
TSGWD_1371,17.9453,78.3213,Medak,Medak,,,Telangana Gw,Telangana,,57,2007-05-01 00:00:00,2023-07-25 12:00:00,14.317192982456142,4.558127260488348,5.8,37.95,16.2,35.6,7.4,37.8,26.6,159.0,476.0,40.0,Cropland
TSGWD_1372,17.918055,77.986111,Medak,Medak,,,Telangana Gw,Telangana,,93,2007-05-01 00:00:00,2019-09-01 00:00:00,13.418430107526882,2.895494492565128,7.12,23.55,12.3,38.0,7.5,38.2,23.9,127.0,523.0,40.0,Cropland
TSGWD_1373,18.7766,78.9505,Medak,Medak,,,Telangana Gw,Telangana,,84,2007-05-01 00:00:00,2023-07-25 12:00:00,7.138071428571428,3.8781430309273617,0.4,16.47,16.2,36.8,7.1,26.7,36.5,149.0,273.0,40.0,Cropland
TSGWD_1374,17.49388889,78.50805556,Medchal,Medchal,Alwal,Old Alwal,Telangana Gw,Telangana,,48,2007-05-01 00:00:00,2023-07-25 12:00:00,9.422291666666666,3.373995825132892,4.3,17.35,16.2,,,,,,565.0,50.0,Built_Up
TSGWD_1375,17.52,78.38,Medchal,Medchal,,,Telangana Gw,Telangana,,47,2007-05-01 00:00:00,2023-07-25 12:00:00,3.918085106382979,1.2790054531241006,1.29,10.1,16.2,21.6,6.4,62.2,16.3,149.0,592.0,50.0,Built_Up
TSGWD_1376,17.47,78.45,Medchal,Medchal,,,Telangana Gw,Telangana,,153,2007-05-01 00:00:00,2023-07-25 12:00:00,10.391045751633987,3.010640595279623,0.6,18.6,16.2,,,,,,551.0,50.0,Built_Up
TSGWD_1377,17.466,78.448,Medchal,Medchal,,,Telangana Gw,Telangana,,48,2007-05-01 00:00:00,2023-07-25 12:00:00,5.596666666666667,2.0595985286678524,1.7,11.54,16.2,,,,,,539.0,50.0,Built_Up
TSGWD_1378,17.46,78.44,Medchal,Medchal,,,Telangana Gw,Telangana,,48,2007-05-01 00:00:00,2023-07-25 12:00:00,11.420625,3.034986351576449,4.65,16.72,16.2,,,,,,551.0,50.0,Built_Up
TSGWD_1379,17.564805,78.370275,Medchal,Medchal,,,Telangana Gw,Telangana,,48,2007-05-01 00:00:00,2023-07-25 12:00:00,11.834583333333333,9.56172488630678,1.06,33.6,16.2,22.3,6.5,58.5,19.2,132.0,578.0,40.0,Cropland
TSGWD_1380,17.54972222,78.46,Medchal,Medchal,Dundigal,Dulapally,Telangana Gw,Telangana,,44,2007-05-01 00:00:00,2023-07-25 12:00:00,18.58,2.9025874583702658,13.22,25.15,16.2,25.5,6.4,60.5,14.0,137.0,594.0,50.0,Built_Up
TSGWD_1381,17.608,78.416,Medchal,Medchal,,,Telangana Gw,Telangana,,45,2007-05-01 00:00:00,2023-07-25 12:00:00,29.88088888888889,8.16893027998109,6.13,38.64,16.2,,,,,,609.0,40.0,Cropland
TSGWD_1382,17.447,78.679,Medchal,Medchal,,,Telangana Gw,Telangana,,48,2007-05-01 00:00:00,2023-07-25 12:00:00,4.051458333333334,0.7805180755831712,2.4,6.09,16.2,30.4,6.8,45.9,23.7,146.0,478.0,40.0,Cropland
TSGWD_1383,17.46805556,78.61111111,Medchal,Medchal,Kapra,Cherlapally,Telangana Gw,Telangana,,48,2007-05-01 00:00:00,2023-07-25 12:00:00,6.254375,4.284988595158486,0.5,19.65,16.2,32.9,6.6,46.2,20.9,155.0,512.0,50.0,Built_Up
TSGWD_1384,17.547,78.547,Medchal,Medchal,,,Telangana Gw,Telangana,,48,2007-05-01 00:00:00,2023-07-25 12:00:00,12.196041666666666,6.009438583040294,2.15,26.01,16.2,28.1,6.5,56.1,15.9,133.0,597.0,50.0,Built_Up
TSGWD_1385,17.55,78.63,Medchal,Medchal,,,Telangana Gw,Telangana,,131,2007-05-01 00:00:00,2023-07-25 12:00:00,11.44083969465649,4.25540109980932,3.13,37.05,16.2,31.3,6.6,50.9,17.8,147.0,550.0,50.0,Built_Up
TSGWD_1386,17.484,78.575,Medchal,Medchal,,,Telangana Gw,Telangana,,18,2007-05-01 00:00:00,2019-09-01 00:00:00,5.142777777777778,3.666504675566051,1.95,13.38,12.3,,,,,,538.0,50.0,Built_Up
TSGWD_1387,17.48111111,78.39694444,Medchal,Medchal,Kukatpally,Kukatpally 1,Telangana Gw,Telangana,,48,2007-05-01 00:00:00,2023-07-25 12:00:00,19.984166666666667,8.804458453106715,3.55,31.46,16.2,26.0,6.3,58.4,15.5,137.0,572.0,50.0,Built_Up
TSGWD_1388,17.49,78.39,Medchal,Medchal,,,Telangana Gw,Telangana,,48,2007-05-01 00:00:00,2023-07-25 12:00:00,10.041041666666668,5.987289814045741,1.0,30.1,16.2,,,,,,586.0,50.0,Built_Up
TSGWD_1389,17.47,78.4,Medchal,Medchal,,,Telangana Gw,Telangana,,48,2007-05-01 00:00:00,2023-07-25 12:00:00,6.7352083333333335,2.6876415268689304,1.35,11.4,16.2,25.5,6.5,58.3,16.1,176.0,565.0,50.0,Built_Up
TSGWD_1390,17.449,78.535,Medchal,Medchal,,,Telangana Gw,Telangana,,153,2007-05-01 00:00:00,2023-07-25 12:00:00,18.618169934640523,4.804454133776679,7.76,24.65,16.2,,,,,,530.0,50.0,Built_Up
TSGWD_1391,17.62,78.528,Medchal,Medchal,,,Telangana Gw,Telangana,,1,2007-05-01 00:00:00,2019-09-01 00:00:00,3.95,,3.95,3.95,12.3,29.5,6.7,50.8,19.7,133.0,570.0,40.0,Cropland
TSGWD_1392,17.567,78.48,Medchal,Medchal,,,Telangana Gw,Telangana,,140,2007-05-01 00:00:00,2023-07-25 12:00:00,12.568785714285715,5.649693754717738,4.7,35.34,16.2,,,,,,595.0,40.0,Cropland
TSGWD_1393,17.62,78.485,Medchal,Medchal,,,Telangana Gw,Telangana,,48,2007-05-01 00:00:00,2023-07-25 12:00:00,12.34375,5.437528234213812,3.65,25.4,16.2,26.4,6.8,52.6,21.0,386.0,586.0,40.0,Cropland
TSGWD_1394,17.54,78.44,Medchal,Medchal,,,Telangana Gw,Telangana,,3,2007-05-01 00:00:00,2019-09-01 00:00:00,3.89,2.133799428249994,1.43,5.24,12.3,,,,,,590.0,50.0,Built_Up
TSGWD_1395,17.53,78.42,Medchal,Medchal,,,Telangana Gw,Telangana,,48,2007-05-01 00:00:00,2023-07-25 12:00:00,7.806041666666666,5.930804451761621,0.53,19.3,16.2,23.6,6.4,61.1,15.3,154.0,584.0,50.0,Built_Up
TSGWD_1396,17.53,78.42,Medchal,Medchal,,,Telangana Gw,Telangana,,48,2007-05-01 00:00:00,2023-07-25 12:00:00,9.719791666666667,8.522925900952124,0.57,41.63,16.2,23.6,6.4,61.1,15.3,154.0,584.0,50.0,Built_Up
TSGWD_1397,17.52,78.47,Medchal,Medchal,,,Telangana Gw,Telangana,,48,2007-05-01 00:00:00,2023-07-25 12:00:00,13.232916666666666,3.3244004151978093,3.29,18.6,16.2,28.2,6.4,55.5,16.3,384.0,559.0,50.0,Built_Up
TSGWD_1398,17.498,78.455,Medchal,Medchal,,,Telangana Gw,Telangana,,137,2007-05-01 00:00:00,2019-09-01 00:00:00,7.0297810218978105,8.533560775580117,1.2,45.02,12.3,,,,,,553.0,50.0,Built_Up
TSGWD_1399,17.5,78.46,Medchal,Medchal,,,Telangana Gw,Telangana,,40,2007-05-01 00:00:00,2023-07-25 12:00:00,29.0825,9.078896564038647,2.55,45.39,16.2,,,,,,551.0,50.0,Built_Up
TSGWD_1400,17.551,78.54,Medchal,Medchal,,,Telangana Gw,Telangana,,42,2007-05-01 00:00:00,2023-07-25 12:00:00,17.83857142857143,4.862942284821528,1.51,24.3,16.2,27.1,6.3,57.2,15.7,143.0,593.0,40.0,Cropland
TSGWD_1401,17.583,78.574,Medchal,Medchal,,,Telangana Gw,Telangana,,129,2007-05-01 00:00:00,2023-07-25 12:00:00,2.954418604651163,2.0953437616895134,0.5,23.05,16.2,31.5,6.7,51.5,16.9,142.0,561.0,40.0,Cropland
TSGWD_1402,17.667,78.594,Medchal,Medchal,,,Telangana Gw,Telangana,,48,2007-05-01 00:00:00,2023-07-25 12:00:00,13.529375,4.72112202956936,2.79,22.1,16.2,26.2,6.7,53.8,20.0,154.0,572.0,40.0,Cropland
TSGWD_1403,17.623,78.626,Medchal,Medchal,,,Telangana Gw,Telangana,,0,2007-05-01 00:00:00,2019-09-01 00:00:00,,,,,12.3,32.2,7.0,47.8,20.0,153.0,544.0,40.0,Cropland
TSGWD_1404,17.408,78.584,Medchal,Medchal,,,Telangana Gw,Telangana,,119,2007-05-01 00:00:00,2023-07-25 12:00:00,9.390084033613446,2.5472978357594838,2.4,17.25,16.2,,,,,,483.0,50.0,Built_Up
TSGWD_1405,16.398306,78.651523,Nagarkurnool,Nagarkurnool,,,Telangana Gw,Telangana,,58,2007-05-01 00:00:00,2023-07-25 12:00:00,19.938103448275864,5.034042865139121,7.69,29.56,16.2,33.3,6.9,35.5,31.2,373.0,474.0,40.0,Cropland
TSGWD_1406,16.211577,78.87839,Nagarkurnool,Nagarkurnool,,,Telangana Gw,Telangana,,152,2007-05-01 00:00:00,2023-07-25 12:00:00,4.864605263157895,2.3166731917963768,0.49,9.72,16.2,26.8,6.6,49.7,23.5,239.0,707.0,40.0,Cropland
TSGWD_1407,16.408437,78.861953,Nagarkurnool,Nagarkurnool,,,Telangana Gw,Telangana,,58,2007-05-01 00:00:00,2023-07-25 12:00:00,10.291896551724138,3.0318366021428598,5.05,13.96,16.2,31.7,6.7,41.7,26.7,199.0,620.0,40.0,Cropland
TSGWD_1408,16.371,78.76,Nagarkurnool,Nagarkurnool,,,Telangana Gw,Telangana,,58,2007-05-01 00:00:00,2023-07-25 12:00:00,24.356034482758623,4.982167477184997,10.34,33.75,16.2,31.1,6.9,38.3,30.6,180.0,625.0,40.0,Cropland
TSGWD_1409,16.233981,78.77527,Nagarkurnool,Nagarkurnool,,,Telangana Gw,Telangana,,1,2007-05-01 00:00:00,2023-07-25 12:00:00,23.99,,23.99,23.99,16.2,29.1,6.4,45.5,25.4,288.0,682.0,40.0,Cropland
TSGWD_1410,16.331127,78.566382,Nagarkurnool,Nagarkurnool,,,Telangana Gw,Telangana,,153,2007-05-01 00:00:00,2023-07-25 12:00:00,17.613660130718955,3.5352359319082582,10.64,24.35,16.2,30.9,6.7,38.6,30.4,155.0,472.0,40.0,Cropland
TSGWD_1411,16.3194,78.6417,Nagarkurnool,Nagarkurnool,,,Telangana Gw,Telangana,,24,2007-05-01 00:00:00,2023-07-25 12:00:00,14.698333333333332,1.8562858350613112,10.6,17.45,16.2,33.6,6.7,34.5,31.9,158.0,493.0,40.0,Cropland
TSGWD_1412,16.402,78.552,Nagarkurnool,Nagarkurnool,,,Telangana Gw,Telangana,,58,2007-05-01 00:00:00,2023-07-25 12:00:00,10.71603448275862,5.345488650354689,4.07,21.85,16.2,28.7,6.7,41.9,29.4,137.0,454.0,40.0,Cropland
TSGWD_1413,16.53527778,78.19638889,Nagarkurnool,Nagarkurnool,Bijinepalli,Bijinepalli,Telangana Gw,Telangana,,152,2007-05-01 00:00:00,2023-07-25 12:00:00,24.800763157894732,4.49260570379368,10.78,36.15,16.2,32.2,7.0,37.0,30.9,152.0,490.0,40.0,Cropland
TSGWD_1414,16.667,78.488,Nagarkurnool,Nagarkurnool,,,Telangana Gw,Telangana,,153,2007-05-01 00:00:00,2023-07-25 12:00:00,24.990130718954248,7.290990563966793,10.13,39.9,16.2,,,,,,506.0,40.0,Cropland
TSGWD_1415,16.5528,78.4694,Nagarkurnool,Nagarkurnool,,,Telangana Gw,Telangana,,37,2007-05-01 00:00:00,2019-09-01 00:00:00,24.26513513513513,4.52760276380192,9.4,29.4,12.3,33.0,7.0,38.3,28.7,134.0,447.0,40.0,Cropland
TSGWD_1416,16.6917,78.4542,Nagarkurnool,Nagarkurnool,,,Telangana Gw,Telangana,,36,2007-05-01 00:00:00,2023-07-25 12:00:00,41.60277777777778,11.432447209864964,11.58,61.31,16.2,29.3,7.0,46.8,23.9,127.0,493.0,40.0,Cropland
TSGWD_1417,16.269624,78.274343,Nagarkurnool,Nagarkurnool,,,Telangana Gw,Telangana,,152,2007-05-01 00:00:00,2023-07-25 12:00:00,4.8618421052631575,2.61873975581366,0.32,11.26,16.2,35.5,6.8,32.0,32.5,333.0,384.0,40.0,Cropland
TSGWD_1418,16.287915,78.222435,Nagarkurnool,Nagarkurnool,,,Telangana Gw,Telangana,,58,2007-05-01 00:00:00,2023-07-25 12:00:00,6.96051724137931,2.7250220809752683,0.62,11.3,16.2,33.7,6.9,33.7,32.6,316.0,412.0,40.0,Cropland
TSGWD_1419,16.107,78.306,Nagarkurnool,Nagarkurnool,,,Telangana Gw,Telangana,,152,2007-05-01 00:00:00,2023-07-25 12:00:00,3.837684210526316,2.1232336466247976,0.47,13.71,16.2,35.1,6.8,33.8,31.2,376.0,305.0,40.0,Cropland
TSGWD_1420,16.13888889,78.41805556,Nagarkurnool,Nagarkurnool,Kollapur,Molachintalapally,Telangana Gw,Telangana,,58,2007-05-01 00:00:00,2023-07-25 12:00:00,4.245517241379311,1.6021007835807808,1.15,11.98,16.2,34.4,7.2,35.6,30.0,318.0,287.0,40.0,Cropland
TSGWD_1421,16.277,78.446,Nagarkurnool,Nagarkurnool,,,Telangana Gw,Telangana,,53,2007-05-01 00:00:00,2023-07-25 12:00:00,7.252075471698113,2.59254282546823,1.55,12.7,16.2,34.8,6.9,34.5,30.7,331.0,393.0,40.0,Cropland
TSGWD_1422,16.26805556,78.52083333,Nagarkurnool,Nagarkurnool,Lingal,Lingal,Telangana Gw,Telangana,,58,2007-05-01 00:00:00,2023-07-25 12:00:00,17.29758620689655,8.030811785307538,5.44,36.82,16.2,32.2,7.1,35.6,32.2,410.0,437.0,40.0,Cropland
TSGWD_1423,16.44027778,78.35166667,Nagarkurnool,Nagarkurnool,Nagarkurnool,Manthati,Telangana Gw,Telangana,,58,2007-05-01 00:00:00,2023-07-25 12:00:00,13.832241379310345,3.5511085707233363,6.6,20.04,16.2,29.6,6.7,42.4,28.0,166.0,485.0,40.0,Cropland
TSGWD_1424,16.49166667,78.3025,Nagarkurnool,Nagarkurnool,Nagarkurnool,Nagarkurnool,Telangana Gw,Telangana,,153,2007-05-01 00:00:00,2023-07-25 12:00:00,19.381045751633987,3.879453841681212,12.7,27.0,16.2,,,,,,463.0,40.0,Cropland
TSGWD_1425,16.510124,78.357684,Nagarkurnool,Nagarkurnool,,,Telangana Gw,Telangana,,8,2007-05-01 00:00:00,2023-07-25 12:00:00,6.705,3.2642128782120987,0.11,10.73,16.2,34.2,7.1,36.8,29.0,163.0,454.0,40.0,Cropland
TSGWD_1426,16.544155,78.398824,Nagarkurnool,Nagarkurnool,,,Telangana Gw,Telangana,,58,2007-05-01 00:00:00,2023-07-25 12:00:00,10.111034482758622,4.771694204131007,2.86,20.12,16.2,35.4,7.1,37.3,27.3,147.0,456.0,40.0,Cropland
TSGWD_1427,16.480357,78.41424,Nagarkurnool,Nagarkurnool,,,Telangana Gw,Telangana,,58,2007-05-01 00:00:00,2023-07-25 12:00:00,10.468793103448276,6.328654433518943,1.9,36.21,16.2,35.2,7.1,34.9,29.9,145.0,444.0,40.0,Cropland
TSGWD_1428,16.435,78.44027778,Nagarkurnool,Nagarkurnool,Telkapally,Telkapally,Telangana Gw,Telangana,,152,2007-05-01 00:00:00,2023-07-25 12:00:00,3.643092105263158,1.412365557595353,0.7,14.36,16.2,33.9,7.0,34.4,31.7,147.0,451.0,40.0,Cropland
TSGWD_1429,16.6225,78.19,Nagarkurnool,Nagarkurnool,Thimmajipet,Gummakonda,Telangana Gw,Telangana,,153,2007-05-01 00:00:00,2023-07-25 12:00:00,11.602202614379085,3.6464994990861057,5.36,20.15,16.2,30.7,6.7,39.6,29.7,151.0,525.0,40.0,Cropland
TSGWD_1430,16.47819,78.527908,Nagarkurnool,Nagarkurnool,,,Telangana Gw,Telangana,,58,2007-05-01 00:00:00,2023-07-25 12:00:00,7.567931034482759,3.9292630256811374,1.85,19.26,16.2,35.0,6.9,35.6,29.4,316.0,432.0,40.0,Cropland
TSGWD_1431,16.45,78.59138889,Nagarkurnool,Nagarkurnool,Uppununuthala,Uppununthala,Telangana Gw,Telangana,,151,2007-05-01 00:00:00,2023-07-25 12:00:00,12.987662251655628,5.333247568336346,5.02,23.3,16.2,35.0,6.7,36.2,28.8,154.0,444.0,40.0,Cropland
TSGWD_1432,16.61277778,78.6225,Nagarkurnool,Nagarkurnool,Vangoor,Vangoor,Telangana Gw,Telangana,,58,2007-05-01 00:00:00,2023-07-25 12:00:00,9.810862068965516,3.189332154962281,2.18,14.89,16.2,34.8,6.8,39.6,25.5,169.0,433.0,40.0,Cropland
TSGWD_1433,16.73106,78.5211,Nagarkurnool,Nagarkurnool,,,Telangana Gw,Telangana,,153,2007-05-01 00:00:00,2023-07-25 12:00:00,25.003823529411765,5.2191720760521685,4.31,30.9,16.2,27.2,6.8,49.3,23.5,134.0,566.0,40.0,Cropland
TSGWD_1434,16.706822,79.499703,Nalgonda,Nalgonda,,,Telangana Gw,Telangana,,52,2007-05-01 00:00:00,2023-07-25 12:00:00,6.178269230769231,7.622187612787085,0.35,27.54,16.2,27.6,6.8,40.2,32.2,333.0,115.0,40.0,Cropland
TSGWD_1435,16.798786,79.289548,Nalgonda,Nalgonda,,,Telangana Gw,Telangana,,57,2007-05-01 00:00:00,2023-07-25 12:00:00,15.410526315789474,7.117029983741372,3.99,31.31,16.2,30.5,6.9,39.3,30.2,186.0,151.0,40.0,Cropland
TSGWD_1436,16.833094,79.292086,Nalgonda,Nalgonda,,,Telangana Gw,Telangana,,106,2007-05-01 00:00:00,2023-07-25 12:00:00,5.225283018867924,2.167207203290588,0.25,12.77,16.2,30.5,7.0,37.8,31.7,329.0,156.0,40.0,Cropland
TSGWD_1437,16.884037,79.267224,Nalgonda,Nalgonda,,,Telangana Gw,Telangana,,58,2007-05-01 00:00:00,2023-07-25 12:00:00,9.289655172413791,2.1912176904011984,4.51,14.37,16.2,31.4,6.9,36.4,32.2,222.0,171.0,40.0,Cropland
TSGWD_1438,16.68016,79.407512,Nalgonda,Nalgonda,,,Telangana Gw,Telangana,,54,2007-05-01 00:00:00,2023-07-25 12:00:00,10.045185185185186,3.307268005948808,1.56,23.8,16.2,26.1,6.7,45.8,28.1,214.0,155.0,40.0,Cropland
TSGWD_1439,16.72916667,79.30472222,Nalgonda,Nalgonda,Anumula,Sreerampur,Telangana Gw,Telangana,,54,2007-05-01 00:00:00,2023-07-25 12:00:00,7.817037037037037,4.249062773298667,2.5,15.74,16.2,29.2,6.9,42.6,28.3,204.0,155.0,40.0,Cropland
TSGWD_1440,16.578477,78.888363,Nalgonda,Nalgonda,,,Telangana Gw,Telangana,,154,2007-05-01 00:00:00,2023-07-25 12:00:00,9.913214285714286,2.6259191156902606,1.44,18.77,16.2,31.7,7.1,39.5,28.8,325.0,290.0,40.0,Cropland
TSGWD_1441,16.553849,78.962028,Nalgonda,Nalgonda,,,Telangana Gw,Telangana,,55,2007-05-01 00:00:00,2023-07-25 12:00:00,25.379636363636365,10.091405394110517,9.79,49.57,16.2,29.4,6.7,41.1,29.5,212.0,428.0,40.0,Cropland
TSGWD_1442,16.450582,79.114232,Nalgonda,Nalgonda,,,Telangana Gw,Telangana,,58,2007-05-01 00:00:00,2023-07-25 12:00:00,7.511896551724138,2.374005761899445,2.97,11.27,16.2,24.7,6.7,47.6,27.7,236.0,458.0,40.0,Cropland
TSGWD_1443,16.505545,78.969167,Nalgonda,Nalgonda,,,Telangana Gw,Telangana,,58,2007-05-01 00:00:00,2023-07-25 12:00:00,22.63362068965517,4.3550948982654525,7.97,28.82,16.2,26.7,7.0,43.0,30.3,353.0,211.0,40.0,Cropland
TSGWD_1444,16.442094,79.084123,Nalgonda,Nalgonda,,,Telangana Gw,Telangana,,0,2007-05-01 00:00:00,2019-09-01 00:00:00,,,,,12.3,28.6,6.8,42.5,28.9,273.0,469.0,40.0,Cropland
TSGWD_1446,16.98472222,79.01138889,Nalgonda,Nalgonda,Chandur,Bangarigadda,Telangana Gw,Telangana,,58,2007-05-01 00:00:00,2023-07-25 12:00:00,11.981637931034482,3.670186833517056,4.88,29.89,16.2,34.4,6.7,39.3,26.3,154.0,272.0,40.0,Cropland
TSGWD_1447,16.9681,79.0601,Nalgonda,Nalgonda,,,Telangana Gw,Telangana,,58,2007-05-01 00:00:00,2023-07-25 12:00:00,10.651258620689656,3.4162673719285097,3.86,17.18,16.2,34.4,7.0,37.9,27.7,301.0,264.0,40.0,Cropland
TSGWD_1448,16.988276,78.977726,Nalgonda,Nalgonda,,,Telangana Gw,Telangana,,28,2007-05-01 00:00:00,2019-09-01 00:00:00,28.953214285714285,7.223419244513679,11.99,49.7,12.3,35.0,7.1,38.9,26.1,146.0,289.0,40.0,Cropland
TSGWD_1449,17.057975,78.915649,Nalgonda,Nalgonda,,,Telangana Gw,Telangana,,57,2007-05-01 00:00:00,2023-07-25 12:00:00,16.94780701754386,4.308473691619626,2.55,37.185,16.2,32.1,6.8,40.4,27.5,394.0,328.0,40.0,Cropland
TSGWD_1450,17.001027,78.984777,Nalgonda,Nalgonda,,,Telangana Gw,Telangana,,44,2007-05-01 00:00:00,2023-07-25 12:00:00,14.920681818181816,1.959140055450614,6.28,19.05,16.2,34.7,7.0,37.8,27.5,179.0,284.0,40.0,Cropland
TSGWD_1451,,,Nalgonda,Nalgonda,,,Telangana Gw,Telangana,,58,2007-05-01 00:00:00,2023-07-25 12:00:00,25.688344827586207,7.750601705112228,7.85,38.45,16.2,,,,,,,,
TSGWD_1452,17.014888,79.063083,Nalgonda,Nalgonda,,,Telangana Gw,Telangana,,58,2007-05-01 00:00:00,2023-07-25 12:00:00,12.313879310344827,3.0305932838051906,6.15,23.79,16.2,33.8,7.1,36.5,29.6,295.0,252.0,40.0,Cropland
TSGWD_1453,16.892055,78.755194,Nalgonda,Nalgonda,,,Telangana Gw,Telangana,,14,2007-05-01 00:00:00,2023-07-25 12:00:00,13.425714285714289,2.943132068668745,9.86,22.15,16.2,31.9,7.0,42.0,26.1,147.0,425.0,40.0,Cropland
TSGWD_1454,16.792111,78.909846,Nalgonda,Nalgonda,,,Telangana Gw,Telangana,,25,2007-05-01 00:00:00,2019-09-01 00:00:00,6.5032000000000005,4.6324163241228655,0.61,15.22,12.3,32.5,7.0,40.1,27.3,155.0,308.0,40.0,Cropland
TSGWD_1455,17.182742,79.090249,Nalgonda,Nalgonda,,,Telangana Gw,Telangana,,57,2007-05-01 00:00:00,2023-07-25 12:00:00,11.520701754385964,5.4096870320251575,3.08,21.75,16.2,30.7,7.0,41.6,27.7,318.0,295.0,40.0,Cropland
TSGWD_1456,17.228916,79.020166,Nalgonda,Nalgonda,,,Telangana Gw,Telangana,,145,2007-05-01 00:00:00,2023-07-25 12:00:00,23.925,7.600383168337997,7.32,38.75,16.2,30.8,7.0,43.2,26.0,159.0,326.0,40.0,Cropland
TSGWD_1457,16.72638889,78.85916667,Nalgonda,Nalgonda,Devarakonda,Kamalapur,Telangana Gw,Telangana,,58,2007-05-01 00:00:00,2023-07-25 12:00:00,10.421724137931037,2.128432532492409,4.25,13.29,16.2,33.3,7.1,39.0,27.7,337.0,322.0,40.0,Cropland
TSGWD_1458,,,Nalgonda,Nalgonda,,,Telangana Gw,Telangana,,52,2007-05-01 00:00:00,2023-07-25 12:00:00,8.7525,1.5399871084257966,5.08,10.99,16.2,,,,,,,,
TSGWD_1459,16.67664,78.797379,Nalgonda,Nalgonda,,,Telangana Gw,Telangana,,58,2007-05-01 00:00:00,2023-07-25 12:00:00,15.011293103448276,3.292861039409936,7.38,30.295,16.2,34.0,7.2,35.9,30.1,416.0,329.0,40.0,Cropland
TSGWD_1460,16.625235,78.856645,Nalgonda,Nalgonda,,,Telangana Gw,Telangana,,48,2007-05-01 00:00:00,2023-07-25 12:00:00,12.787083333333332,4.991481235973748,6.2,25.1,16.2,36.3,7.1,35.9,27.8,303.0,299.0,40.0,Cropland
TSGWD_1461,16.675791,78.76505,Nalgonda,Nalgonda,,,Telangana Gw,Telangana,,56,2007-05-01 00:00:00,2020-01-22 00:00:00,6.2594642857142855,0.6681736835797792,4.94,7.46,12.7,36.9,7.2,38.3,24.8,148.0,337.0,40.0,Cropland
TSGWD_1462,16.552222,78.6925,Nalgonda,Nalgonda,,,Telangana Gw,Telangana,,106,2007-05-01 00:00:00,2023-07-25 12:00:00,9.511603773584904,2.9853557295547906,1.57,14.6,16.2,33.5,7.0,36.4,30.1,143.0,405.0,40.0,Cropland
TSGWD_1463,16.851709,79.091378,Nalgonda,Nalgonda,,,Telangana Gw,Telangana,,106,2007-05-01 00:00:00,2023-07-25 12:00:00,5.492169811320754,3.1942528762695286,0.42,19.53,16.2,33.8,7.2,37.7,28.5,157.0,240.0,40.0,Cropland
TSGWD_1464,16.914619,79.146882,Nalgonda,Nalgonda,,,Telangana Gw,Telangana,,58,2007-05-01 00:00:00,2023-07-25 12:00:00,3.471724137931034,2.1016878245921107,1.04,11.27,16.2,30.8,7.0,36.3,32.9,169.0,213.0,40.0,Cropland
TSGWD_1465,16.75244,79.024457,Nalgonda,Nalgonda,,,Telangana Gw,Telangana,,58,2007-05-01 00:00:00,2023-07-25 12:00:00,15.06551724137931,7.907449335337255,4.38,31.54,16.2,34.5,7.1,36.4,29.0,314.0,256.0,40.0,Cropland
TSGWD_1466,16.72944444,78.98111111,Nalgonda,Nalgonda,K.Mallepally,K.Mallepally,Telangana Gw,Telangana,,105,2007-05-01 00:00:00,2023-07-25 12:00:00,9.99,4.62549269724942,0.78,20.36,16.2,33.0,7.0,38.0,29.0,378.0,275.0,40.0,Cropland
TSGWD_1467,16.937341,79.198425,Nalgonda,Nalgonda,,,Telangana Gw,Telangana,,105,2007-05-01 00:00:00,2023-07-25 12:00:00,6.093333333333333,2.39932589357714,0.2,11.18,16.2,31.6,6.9,37.9,30.6,178.0,207.0,40.0,Cropland
TSGWD_1468,17.198652,79.354249,Nalgonda,Nalgonda,,,Telangana Gw,Telangana,,56,2007-05-01 00:00:00,2023-07-25 12:00:00,23.87767857142857,7.661575909829381,6.82,39.75,16.2,,,,,,219.0,40.0,Cropland
TSGWD_1469,17.161891,79.320303,Nalgonda,Nalgonda,,,Telangana Gw,Telangana,,152,2007-05-01 00:00:00,2023-07-25 12:00:00,8.497644736842105,3.001206513254945,0.47,15.24,16.2,33.1,6.9,35.1,31.8,302.0,221.0,40.0,Cropland
TSGWD_1470,17.18083333,79.26805556,Nalgonda,Nalgonda,Kattangur,Pamangundla,Telangana Gw,Telangana,,58,2007-05-01 00:00:00,2023-07-25 12:00:00,14.04241379310345,4.246857376950313,4.52,23.23,16.2,30.9,7.1,39.0,30.1,327.0,242.0,40.0,Cropland
TSGWD_1471,17.147211,79.511941,Nalgonda,Nalgonda,,,Telangana Gw,Telangana,,57,2007-05-01 00:00:00,2023-07-25 12:00:00,4.595263157894737,3.464010426237586,1.02,11.8,16.2,32.0,7.0,35.1,32.9,164.0,192.0,40.0,Cropland
TSGWD_1472,16.923295,79.371114,Nalgonda,Nalgonda,,,Telangana Gw,Telangana,,58,2007-05-01 00:00:00,2023-07-25 12:00:00,13.204310344827586,4.421691790249664,5.1,22.15,16.2,26.3,7.0,38.8,35.0,172.0,177.0,40.0,Cropland
TSGWD_1473,17.035083,78.890972,Nalgonda,Nalgonda,,,Telangana Gw,Telangana,,58,2007-05-01 00:00:00,2023-07-25 12:00:00,21.353155172413796,6.639659909388523,6.55,32.18,16.2,33.3,7.1,41.9,24.7,377.0,340.0,40.0,Cropland
TSGWD_1474,17.028083,78.833111,Nalgonda,Nalgonda,,,Telangana Gw,Telangana,,54,2007-05-01 00:00:00,2023-07-25 12:00:00,43.37157407407408,12.318854502311742,16.59,67.72,16.2,32.3,6.8,46.4,21.4,174.0,397.0,40.0,Cropland
TSGWD_1475,16.986166,78.949555,Nalgonda,Nalgonda,,,Telangana Gw,Telangana,,57,2007-05-01 00:00:00,2023-07-25 12:00:00,17.676929824561405,10.83835615148423,4.65,45.11,16.2,33.2,7.0,39.6,27.2,302.0,304.0,40.0,Cropland
TSGWD_1476,16.939916,78.863805,Nalgonda,Nalgonda,,,Telangana Gw,Telangana,,140,2007-05-01 00:00:00,2023-07-25 12:00:00,12.043971428571428,2.8915097844742257,2.98,22.62,16.2,31.6,7.0,42.6,25.9,146.0,361.0,40.0,Cropland
TSGWD_1477,17.025833,78.928777,Nalgonda,Nalgonda,,,Telangana Gw,Telangana,,58,2007-05-01 00:00:00,2023-07-25 12:00:00,6.414172413793104,2.81960192000499,2.87,16.44,16.2,32.4,6.9,40.8,26.8,336.0,315.0,40.0,Cropland
TSGWD_1478,16.991055,78.897333,Nalgonda,Nalgonda,,,Telangana Gw,Telangana,,58,2007-05-01 00:00:00,2023-07-25 12:00:00,26.610482758620687,5.860785095726853,6.6,36.24,16.2,32.3,6.9,41.2,26.5,162.0,333.0,40.0,Cropland
TSGWD_1479,16.984083,79.018416,Nalgonda,Nalgonda,,,Telangana Gw,Telangana,,18,2007-05-01 00:00:00,2023-07-25 12:00:00,19.88111111111111,4.319859595878618,5.16,22.75,16.2,33.1,6.9,40.0,26.8,162.0,269.0,40.0,Cropland
TSGWD_1480,16.778908,79.558144,Nalgonda,Nalgonda,,,Telangana Gw,Telangana,,56,2007-05-01 00:00:00,2023-07-25 12:00:00,2.9567857142857146,2.9630795449346934,0.27,16.33,16.2,26.6,6.8,43.5,29.9,255.0,128.0,40.0,Cropland
TSGWD_1481,16.82444444,79.59833333,Nalgonda,Nalgonda,Miryalguda,Kothagudem,Telangana Gw,Telangana,,58,2007-05-01 00:00:00,2023-07-25 12:00:00,3.664137931034483,2.508430021671665,0.74,13.58,16.2,28.5,6.8,41.0,30.5,283.0,122.0,40.0,Cropland
TSGWD_1482,17.156249,79.017026,Nalgonda,Nalgonda,,,Telangana Gw,Telangana,,56,2007-05-01 00:00:00,2023-07-25 12:00:00,11.143214285714285,3.233316398848856,0.7,19.2,16.2,35.1,7.2,37.0,27.9,175.0,283.0,40.0,Cropland
TSGWD_1483,17.09944444,78.99361111,Nalgonda,Nalgonda,Munugode,Kompalli,Telangana Gw,Telangana,,58,2007-05-01 00:00:00,2023-07-25 12:00:00,9.411551724137931,3.1103521556835654,5.03,28.23,16.2,33.4,7.1,39.9,26.8,169.0,282.0,40.0,Cropland
TSGWD_1484,17.065875,79.077438,Nalgonda,Nalgonda,,,Telangana Gw,Telangana,,58,2007-05-01 00:00:00,2023-07-25 12:00:00,9.052413793103447,2.0685356379382127,5.51,13.25,16.2,33.7,7.0,37.4,28.8,320.0,249.0,40.0,Cropland
TSGWD_1485,17.139111,79.400636,Nalgonda,Nalgonda,,,Telangana Gw,Telangana,,57,2007-05-01 00:00:00,2023-07-25 12:00:00,14.995438596491228,3.580427982286594,6.71,21.18,16.2,30.7,6.9,34.6,34.7,188.0,200.0,40.0,Cropland
TSGWD_1486,17.159338,79.420978,Nalgonda,Nalgonda,,,Telangana Gw,Telangana,,58,2007-05-01 00:00:00,2023-07-25 12:00:00,11.12,3.624048332430112,4.46,17.5,16.2,30.8,6.9,35.9,33.3,297.0,201.0,40.0,Cropland
TSGWD_1487,17.22861111,79.44944444,Nalgonda,Nalgonda,Nakrekal,Palem,Telangana Gw,Telangana,,58,2007-05-01 00:00:00,2023-07-25 12:00:00,7.4494827586206895,1.145763244295357,3.78,12.96,16.2,32.6,6.9,34.9,32.6,313.0,214.0,40.0,Cropland
TSGWD_1488,17.238945,79.479895,Nalgonda,Nalgonda,,,Telangana Gw,Telangana,,58,2007-05-01 00:00:00,2023-07-25 12:00:00,4.492931034482758,3.274639398184596,1.05,15.65,16.2,30.7,7.0,36.6,32.6,284.0,205.0,40.0,Cropland
TSGWD_1489,16.97492,79.32478,Nalgonda,Nalgonda,,,Telangana Gw,Telangana,,57,2007-05-01 00:00:00,2023-07-25 12:00:00,14.742982456140352,9.972954671243958,0.79,34.4,16.2,32.1,6.8,36.1,31.8,200.0,191.0,40.0,Cropland
TSGWD_1490,17.038588,79.253982,Nalgonda,Nalgonda,,,Telangana Gw,Telangana,,9,2007-05-01 00:00:00,2019-09-01 00:00:00,10.583333333333334,4.914147942420944,2.07,17.83,12.3,,,,,,240.0,40.0,Cropland
TSGWD_1491,17.016163,79.148493,Nalgonda,Nalgonda,,,Telangana Gw,Telangana,,56,2007-05-01 00:00:00,2023-07-25 12:00:00,5.413035714285714,1.3740966217752033,3.8,14.43,16.2,31.8,7.1,34.6,33.6,165.0,216.0,40.0,Cropland
TSGWD_1492,17.076937,79.311747,Nalgonda,Nalgonda,,,Telangana Gw,Telangana,,57,2007-05-01 00:00:00,2023-07-25 12:00:00,3.1878947368421056,1.7529207634709332,1.46,14.54,16.2,29.3,6.8,39.6,31.1,176.0,213.0,40.0,Cropland
TSGWD_1493,17.110312,79.216751,Nalgonda,Nalgonda,,,Telangana Gw,Telangana,,58,2007-05-01 00:00:00,2023-07-25 12:00:00,9.92793103448276,2.761276566347904,3.16,14.11,16.2,29.4,7.1,39.5,31.0,326.0,254.0,40.0,Cropland
TSGWD_1494,17.060183,79.300907,Nalgonda,Nalgonda,,,Telangana Gw,Telangana,,105,2007-05-01 00:00:00,2023-07-25 12:00:00,7.034380952380952,3.3120612695842224,0.68,18.67,16.2,29.8,6.8,38.4,31.8,168.0,207.0,40.0,Cropland
TSGWD_1495,16.991392,79.306945,Nalgonda,Nalgonda,,,Telangana Gw,Telangana,,57,2007-05-01 00:00:00,2023-07-25 12:00:00,10.307719298245614,4.035773079395189,3.67,16.25,16.2,31.2,6.9,37.1,31.6,201.0,200.0,40.0,Cropland
TSGWD_1496,17.290078,79.235645,Nalgonda,Nalgonda,,,Telangana Gw,Telangana,,57,2007-05-01 00:00:00,2023-07-25 12:00:00,2.9431578947368418,1.3435509425914394,0.68,7.97,16.2,30.9,6.9,40.6,28.4,161.0,287.0,40.0,Cropland
TSGWD_1497,17.20025,79.191305,Nalgonda,Nalgonda,,,Telangana Gw,Telangana,,151,2007-05-01 00:00:00,2023-07-25 12:00:00,16.061576158940397,2.5165421631995653,9.18,21.36,16.2,29.7,6.8,40.7,29.5,336.0,289.0,40.0,Cropland
TSGWD_1498,16.56833333,79.03027778,Nalgonda,Nalgonda,Neredgomma,Kothapally,Telangana Gw,Telangana,,58,2007-05-01 00:00:00,2023-07-25 12:00:00,7.959482758620689,3.6913965514013145,2.87,18.07,16.2,27.9,6.8,43.6,28.5,397.0,265.0,40.0,Cropland
TSGWD_1499,16.597169,78.972569,Nalgonda,Nalgonda,,,Telangana Gw,Telangana,,58,2007-05-01 00:00:00,2023-07-25 12:00:00,24.91655172413793,5.806083183685382,11.93,35.94,16.2,27.9,6.8,43.3,28.8,394.0,282.0,40.0,Cropland
TSGWD_1500,16.84,79.285277,Nalgonda,Nalgonda,,,Telangana Gw,Telangana,,106,2007-05-01 00:00:00,2023-07-25 12:00:00,4.882075471698113,1.2305583068797388,1.95,9.31,16.2,29.7,7.1,37.3,33.0,423.0,158.0,40.0,Cropland
TSGWD_1501,16.81,79.42694444,Nalgonda,Nalgonda,Nidamanuru,Thummadam,Telangana Gw,Telangana,,58,2007-05-01 00:00:00,2023-07-25 12:00:00,5.878793103448276,2.494246767843745,3.34,13.67,16.2,26.7,6.7,42.6,30.6,171.0,133.0,40.0,Cropland
TSGWD_1502,16.716555,79.084472,Nalgonda,Nalgonda,,,Telangana Gw,Telangana,,58,2007-05-01 00:00:00,2023-07-25 12:00:00,9.51155172413793,2.2331629694571946,4.45,17.63,16.2,32.9,7.1,40.3,26.8,439.0,259.0,40.0,Cropland
TSGWD_1503,16.60138889,79.07888889,Nalgonda,Nalgonda,P.A Pally,Azmapur,Telangana Gw,Telangana,,58,2007-05-01 00:00:00,2023-07-25 12:00:00,8.891551724137932,1.9475813175592296,3.09,11.36,16.2,31.3,7.0,39.9,28.7,359.0,183.0,40.0,Cropland
TSGWD_1504,16.74399,79.187767,Nalgonda,Nalgonda,,,Telangana Gw,Telangana,,58,2007-05-01 00:00:00,2023-07-25 12:00:00,5.046120689655172,2.9750802794864195,1.44,19.655,16.2,29.0,7.1,42.9,28.1,405.0,199.0,40.0,Cropland
TSGWD_1505,16.655305,79.174829,Nalgonda,Nalgonda,,,Telangana Gw,Telangana,,58,2007-05-01 00:00:00,2023-07-25 12:00:00,7.2506896551724145,2.026752533443817,4.34,17.29,16.2,32.7,7.1,41.3,26.1,356.0,227.0,40.0,Cropland
TSGWD_1506,16.77852,79.18302,Nalgonda,Nalgonda,,,Telangana Gw,Telangana,,56,2007-05-01 00:00:00,2023-07-25 12:00:00,18.822142857142858,7.969785149216717,3.44,36.19,16.2,31.1,6.9,39.3,29.6,181.0,184.0,40.0,Cropland
TSGWD_1507,16.580344,79.287497,Nalgonda,Nalgonda,,,Telangana Gw,Telangana,,57,2007-05-01 00:00:00,2023-07-25 12:00:00,14.608245614035088,5.515011696272735,3.19,33.4,16.2,,,,,,160.0,40.0,Cropland
TSGWD_1508,17.301938,79.301465,Nalgonda,Nalgonda,,,Telangana Gw,Telangana,,57,2007-05-01 00:00:00,2023-07-25 12:00:00,14.599473684210526,5.129054292199569,2.12,22.56,16.2,34.4,6.9,35.7,29.9,315.0,270.0,40.0,Cropland
TSGWD_1509,17.24944444,79.42305556,Nalgonda,Nalgonda,Shaligowraram,P.Kondaram,Telangana Gw,Telangana,,58,2007-05-01 00:00:00,2023-07-25 12:00:00,10.332931034482758,2.555937022959633,4.87,15.16,16.2,35.6,6.9,32.5,31.9,276.0,220.0,40.0,Cropland
TSGWD_1510,17.236408,79.386319,Nalgonda,Nalgonda,,,Telangana Gw,Telangana,,56,2007-05-01 00:00:00,2023-07-25 12:00:00,12.838214285714288,3.111538121334766,6.0,18.11,16.2,35.7,7.0,33.2,31.0,373.0,237.0,40.0,Cropland
TSGWD_1511,17.096359,79.359173,Nalgonda,Nalgonda,,,Telangana Gw,Telangana,,52,2007-05-01 00:00:00,2023-07-25 12:00:00,12.3625,4.660749697752289,5.98,25.55,16.2,32.1,6.9,36.4,31.5,335.0,214.0,40.0,Cropland
TSGWD_1512,17.01375,79.418305,Nalgonda,Nalgonda,,,Telangana Gw,Telangana,,154,2007-05-01 00:00:00,2023-07-25 12:00:00,6.973116883116883,3.2784701755744856,0.54,23.84,16.2,28.9,6.9,38.4,32.7,308.0,185.0,40.0,Cropland
TSGWD_1513,17.065212,79.465001,Nalgonda,Nalgonda,,,Telangana Gw,Telangana,,58,2007-05-01 00:00:00,2023-07-25 12:00:00,14.780172413793103,8.56973489147143,7.01,50.42,16.2,30.3,6.9,37.0,32.7,348.0,175.0,40.0,Cropland
TSGWD_1514,16.649373,79.301538,Nalgonda,Nalgonda,,,Telangana Gw,Telangana,,58,2007-05-01 00:00:00,2023-07-25 12:00:00,23.35293103448276,7.065200363089422,3.62,32.01,16.2,25.8,6.7,47.8,26.4,186.0,213.0,40.0,Cropland
TSGWD_1515,17.026526,79.518081,Nalgonda,Nalgonda,,,Telangana Gw,Telangana,,54,2007-05-01 00:00:00,2023-07-25 12:00:00,5.917962962962963,1.8215723869411635,2.95,12.5,16.2,28.3,6.8,39.2,32.6,313.0,159.0,40.0,Cropland
TSGWD_1516,16.951483,79.554738,Nalgonda,Nalgonda,,,Telangana Gw,Telangana,,58,2007-05-01 00:00:00,2023-07-25 12:00:00,5.804655172413794,1.6259067273449015,1.45,10.39,16.2,28.1,6.7,39.8,32.2,349.0,159.0,40.0,Cropland
TSGWD_1517,16.984083,79.018416,Nalgonda,Nalgonda,,,Telangana Gw,Telangana,,57,2007-05-01 00:00:00,2023-07-25 12:00:00,12.243719298245614,2.9581771520070665,3.58,17.56,16.2,33.1,6.9,40.0,26.8,162.0,269.0,40.0,Cropland
TSGWD_1518,,,Nalgonda,Nalgonda,,,Telangana Gw,Telangana,,98,2007-05-01 00:00:00,2019-09-01 00:00:00,7.443469387755102,2.4390238464999667,2.39,19.09,12.3,,,,,,,,
TSGWD_1519,16.671448,79.359228,Nalgonda,Nalgonda,,,Telangana Gw,Telangana,,98,2007-05-01 00:00:00,2019-09-01 00:00:00,9.092551020408164,2.58477752785498,4.13,27.93,12.3,27.1,6.8,48.2,24.7,193.0,220.0,40.0,Cropland
TSGWD_1520,,,Nalgonda,Nalgonda,,,Telangana Gw,Telangana,,98,2007-05-01 00:00:00,2019-09-01 00:00:00,10.57558163265306,4.461915491590149,4.05,20.57,12.3,,,,,,,,
TSGWD_1521,17.249444,79.423055,Nalgonda,Nalgonda,,,Telangana Gw,Telangana,,99,2007-05-01 00:00:00,2019-09-01 00:00:00,11.01610101010101,3.572324703272536,2.4,16.73,12.3,35.6,6.9,32.5,31.9,276.0,220.0,40.0,Cropland
TSGWD_1522,19.092306,78.22198,Nirmal,Nirmal,,,Telangana Gw,Telangana,,65,2007-05-01 00:00:00,2023-07-25 12:00:00,11.902615384615384,3.247033394559504,5.0,18.55,16.2,40.2,7.1,30.1,29.7,124.0,348.0,40.0,Cropland
TSGWD_1523,19.09666667,78.77583333,Nirmal,Nirmal,Kadam,Kadam,Telangana Gw,Telangana,,153,2007-05-01 00:00:00,2023-07-25 12:00:00,3.954248366013072,2.0486888274193094,0.15,8.6,16.2,38.0,7.1,26.1,35.8,112.0,226.0,40.0,Cropland
TSGWD_1524,19.04722222,78.66222222,Nirmal,Nirmal,Khanapur,Khanapur,Telangana Gw,Telangana,,154,2007-05-01 00:00:00,2023-07-25 12:00:00,7.2412337662337665,1.6484757578081477,1.63,10.38,16.2,34.3,7.1,26.2,39.4,164.0,234.0,40.0,Cropland
TSGWD_1525,19.24944444,77.94583333,Nirmal,Nirmal,Kubeer,Kubeer,Telangana Gw,Telangana,,154,2007-05-01 00:00:00,2023-07-25 12:00:00,5.67909090909091,2.2576615710640286,0.7,9.3,16.2,41.7,7.2,26.8,31.4,127.0,389.0,40.0,Cropland
TSGWD_1526,19.16916667,78.10027778,Nirmal,Nirmal,Kuntala,Kuntala,Telangana Gw,Telangana,,154,2007-05-01 00:00:00,2023-07-25 12:00:00,11.779545454545454,3.2414481434303157,3.87,18.38,16.2,41.2,7.2,27.2,31.6,135.0,367.0,40.0,Cropland
TSGWD_1527,19.01694444,78.46083333,Nirmal,Nirmal,Laxmanchanda,Laxmanchanda,Telangana Gw,Telangana,,154,2007-05-01 00:00:00,2023-07-25 12:00:00,2.771753246753247,2.164059104552352,0.29,11.96,16.2,37.6,7.2,27.5,34.8,155.0,311.0,40.0,Cropland
TSGWD_1528,18.97027778,78.03777778,Nirmal,Nirmal,Lokeswaram,Abdullapur,Telangana Gw,Telangana,,154,2007-05-01 00:00:00,2023-07-25 12:00:00,14.24564935064935,2.8261361704665218,6.85,20.26,16.2,39.7,7.1,27.5,32.7,132.0,340.0,40.0,Cropland
TSGWD_1529,19.0245,78.0899,Nirmal,Nirmal,,,Telangana Gw,Telangana,,154,2007-05-01 00:00:00,2023-07-25 12:00:00,18.01954545454545,5.876263467634652,7.08,27.6,16.2,40.2,7.1,27.3,32.5,139.0,362.0,40.0,Cropland
TSGWD_1530,19.05777778,78.1125,Nirmal,Nirmal,Lokeswaram,Manmad,Telangana Gw,Telangana,,66,2007-05-01 00:00:00,2023-07-25 12:00:00,18.214242424242425,4.512669024528801,8.0,26.71,16.2,42.4,7.1,27.8,29.8,112.0,346.0,40.0,Cropland
TSGWD_1531,19.077972,78.522916,Nirmal,Nirmal,,,Telangana Gw,Telangana,,154,2007-05-01 00:00:00,2023-07-25 12:00:00,2.64538961038961,1.993799910348511,0.17,16.45,16.2,38.4,7.1,27.6,34.0,133.0,333.0,40.0,Cropland
TSGWD_1532,18.97722222,77.91666667,Nirmal,Nirmal,Mudhole,Mudhole,Telangana Gw,Telangana,,66,2007-05-01 00:00:00,2023-07-25 12:00:00,14.895757575757576,2.2584399384776552,7.35,17.99,16.2,41.5,7.2,29.7,28.8,160.0,372.0,40.0,Cropland
TSGWD_1533,19.1098,78.1653,Nirmal,Nirmal,,,Telangana Gw,Telangana,,66,2007-05-01 00:00:00,2023-07-25 12:00:00,14.141515151515152,4.468700462421242,4.92,24.15,16.2,40.9,7.0,30.2,28.9,129.0,358.0,40.0,Cropland
TSGWD_1534,19.092416,78.343527,Nirmal,Nirmal,,,Telangana Gw,Telangana,,154,2007-05-01 00:00:00,2023-07-25 12:00:00,2.659155844155844,1.0642281877889612,0.15,4.84,16.2,,,,,,334.0,40.0,Cropland
TSGWD_1535,19.1885,78.6374,Nirmal,Nirmal,,,Telangana Gw,Telangana,,66,2007-05-01 00:00:00,2023-07-25 12:00:00,4.476560606060605,1.7876798382156418,0.55,8.0,16.2,35.5,7.0,26.9,37.6,135.0,255.0,40.0,Cropland
TSGWD_1536,19.13972222,78.26194444,Nirmal,Nirmal,Sarangapur,Beeravelly,Telangana Gw,Telangana,,154,2007-05-01 00:00:00,2023-07-25 12:00:00,12.692727272727272,3.4531683420210357,3.63,19.2,16.2,38.9,7.2,26.5,34.6,136.0,345.0,40.0,Cropland
TSGWD_1537,19.246611,78.215138,Nirmal,Nirmal,,,Telangana Gw,Telangana,,66,2007-05-01 00:00:00,2023-07-25 12:00:00,9.116818181818182,2.152895123452931,3.45,14.8,16.2,40.3,7.0,28.2,31.6,131.0,372.0,40.0,Cropland
TSGWD_1538,19.10944444,77.87944444,Nirmal,Nirmal,Tanur,Bhosi,Telangana Gw,Telangana,,153,2007-05-01 00:00:00,2023-07-25 12:00:00,15.788954248366013,8.299116880998358,0.69,30.15,16.2,42.1,7.1,29.8,28.1,142.0,391.0,40.0,Cropland
TSGWD_1541,18.85305556,78.11388889,Nizamabad,Nizamabad,Nandipet,Ailapoor,Telangana Gw,Telangana,,154,2007-05-01 00:00:00,2023-07-25 12:00:00,7.115974025974025,3.7944533856740112,2.56,21.7,16.2,39.5,7.2,28.3,32.3,126.0,357.0,40.0,Cropland
TSGWD_1542,18.81111111,78.39611111,Nizamabad,Velpur,Velpur,Ankushpur,Telangana Gw,Telangana,,154,2007-05-01 00:00:00,2023-07-25 12:00:00,7.961753246753246,4.838940241175657,0.86,21.91,16.2,37.9,7.2,29.5,32.6,123.0,334.0,40.0,Cropland
TSGWD_1543,18.685342,78.06863,Nizamabad,Nizamabad,,,Telangana Gw,Telangana,,154,2007-05-01 00:00:00,2023-07-25 12:00:00,3.729805194805195,1.91889656159223,0.75,10.38,16.2,33.9,7.2,35.2,30.9,158.0,391.0,40.0,Cropland
TSGWD_1544,18.715,78.442,Nizamabad,Nizamabad,,,Telangana Gw,Telangana,,154,2007-05-01 00:00:00,2023-07-25 12:00:00,12.99935064935065,3.521131479489122,4.45,22.8,16.2,39.6,7.4,32.7,27.7,126.0,360.0,40.0,Cropland
TSGWD_1545,18.6705,77.8925,Nizamabad,Nizamabad,,,Telangana Gw,Telangana,,154,2007-05-01 00:00:00,2023-07-25 12:00:00,7.4170129870129875,4.262666036460319,1.25,28.55,16.2,,,,,,366.0,40.0,Cropland
TSGWD_1546,18.7753,78.5416,Nizamabad,Nizamabad,,,Telangana Gw,Telangana,,154,2007-05-01 00:00:00,2023-07-25 12:00:00,8.978506493506494,6.128310899985874,1.22,26.42,16.2,38.2,7.1,32.4,29.4,119.0,364.0,40.0,Cropland
TSGWD_1547,18.733,77.991,Nizamabad,Nizamabad,,,Telangana Gw,Telangana,,152,2007-05-01 00:00:00,2023-07-25 12:00:00,14.865328947368422,4.20712151170558,6.4,29.9,16.2,38.9,7.2,31.1,30.1,123.0,375.0,40.0,Cropland
TSGWD_1548,18.512497,78.234885,Nizamabad,Nizamabad,,,Telangana Gw,Telangana,,153,2007-05-01 00:00:00,2023-07-25 12:00:00,5.4177124183006535,2.771778238056427,1.61,14.96,16.2,35.8,7.2,34.4,29.9,122.0,458.0,40.0,Cropland
TSGWD_1549,18.7072,78.2716,Nizamabad,Nizamabad,,,Telangana Gw,Telangana,,154,2007-05-01 00:00:00,2023-07-25 12:00:00,13.521168831168833,5.370177873181706,1.62,27.35,16.2,,,,,,386.0,40.0,Cropland
TSGWD_1550,18.575,77.8303,Nizamabad,Nizamabad,,,Telangana Gw,Telangana,,151,2007-05-01 00:00:00,2023-07-25 12:00:00,17.056953642384105,4.235029318021695,6.74,29.17,16.2,37.8,7.3,31.5,30.7,136.0,373.0,40.0,Cropland
TSGWD_1551,18.681,78.178,Nizamabad,Nizamabad,,,Telangana Gw,Telangana,,154,2007-05-01 00:00:00,2023-07-25 12:00:00,12.70025974025974,2.6145665227774737,5.98,21.4,16.2,33.4,7.3,33.3,33.4,134.0,396.0,40.0,Cropland
TSGWD_1552,18.539,78.114,Nizamabad,Nizamabad,,,Telangana Gw,Telangana,,154,2007-05-01 00:00:00,2023-07-25 12:00:00,4.241428571428571,2.4644654801209427,1.29,13.42,16.2,36.8,7.3,35.2,28.0,151.0,429.0,40.0,Cropland
TSGWD_1553,18.826,78.449,Nizamabad,Nizamabad,,,Telangana Gw,Telangana,,154,2007-05-01 00:00:00,2023-07-25 12:00:00,18.518246753246757,5.978656496851308,1.48,31.49,16.2,38.2,7.1,31.4,30.5,115.0,334.0,40.0,Cropland
TSGWD_1554,18.91305556,78.36166667,Nizamabad,Nizamabad,Mupkal,Mupkal,Telangana Gw,Telangana,,154,2007-05-01 00:00:00,2023-07-25 12:00:00,14.920909090909092,5.776728540636512,2.2,31.1,16.2,37.6,7.2,29.1,33.3,118.0,329.0,40.0,Cropland
TSGWD_1555,18.9365,78.2182,Nizamabad,Nizamabad,,,Telangana Gw,Telangana,,152,2007-05-01 00:00:00,2023-07-25 12:00:00,6.011842105263158,4.191980426413506,1.46,20.2,16.2,38.7,7.1,28.9,32.3,129.0,342.0,40.0,Cropland
TSGWD_1556,18.604,78.426,Nizamabad,Nizamabad,,,Telangana Gw,Telangana,,154,2007-05-01 00:00:00,2023-07-25 12:00:00,6.566038961038961,2.44101109952712,0.55,12.94,16.2,38.8,7.2,30.5,30.7,136.0,379.0,40.0,Cropland
TSGWD_1557,18.808,78.315,Nizamabad,Nizamabad,,,Telangana Gw,Telangana,,150,2007-05-01 00:00:00,2023-07-25 12:00:00,11.3254,4.580182967242991,1.4,20.67,16.2,38.2,7.3,29.9,31.9,142.0,360.0,40.0,Cropland
TSGWD_1558,18.613,78.309,Nizamabad,Nizamabad,,,Telangana Gw,Telangana,,154,2007-05-01 00:00:00,2023-07-25 12:00:00,9.063571428571429,3.5865596380582145,2.3,18.17,16.2,40.4,7.2,29.5,30.2,145.0,392.0,40.0,Cropland
TSGWD_1559,18.6102,77.8575,Nizamabad,Nizamabad,,,Telangana Gw,Telangana,,154,2007-05-01 00:00:00,2023-07-25 12:00:00,10.21564935064935,3.8794288922257865,5.1,19.83,16.2,39.3,7.4,30.9,29.9,151.0,376.0,40.0,Cropland
TSGWD_1560,18.773,78.386,Nizamabad,Nizamabad,,,Telangana Gw,Telangana,,154,2007-05-01 00:00:00,2023-07-25 12:00:00,18.209415584415584,7.543121199742444,4.34,34.6,16.2,42.2,7.2,29.1,28.8,120.0,348.0,40.0,Cropland
TSGWD_1561,18.54305556,77.90305556,Nizamabad,Nizamabad,Varni,Varni,Telangana Gw,Telangana,,154,2007-05-01 00:00:00,2023-07-25 12:00:00,9.523116883116884,2.918002163599596,3.45,17.3,16.2,34.1,7.3,36.0,29.9,158.0,392.0,40.0,Cropland
TSGWD_1562,18.831,78.143,Nizamabad,Nizamabad,,,Telangana Gw,Telangana,,154,2007-05-01 00:00:00,2023-07-25 12:00:00,12.48396103896104,5.585201901995471,2.05,25.29,16.2,38.1,7.3,30.4,31.5,127.0,372.0,40.0,Cropland
TSGWD_1563,18.627,78.249,Nizamabad,Nizamabad,,,Telangana Gw,Telangana,,103,2007-05-01 00:00:00,2023-07-25 12:00:00,11.589029126213592,5.350957494410367,1.9,26.3,16.2,37.8,7.2,33.0,29.3,144.0,412.0,40.0,Cropland
TSGWD_1564,18.678,77.954,Nizamabad,Nizamabad,,,Telangana Gw,Telangana,,151,2007-05-01 00:00:00,2023-07-25 12:00:00,12.462847682119206,3.940376864799176,4.61,25.95,16.2,,,,,,373.0,40.0,Cropland
TSGWD_1565,18.234,78.272,Nizamabad,Nizamabad,,,Telangana Gw,Telangana,,113,2007-05-01 00:00:00,2019-09-01 00:00:00,13.408849557522124,3.8832673908643858,2.65,19.65,12.3,33.3,7.2,42.3,24.5,143.0,578.0,40.0,Cropland
TSGWD_1566,18.541,77.839,Nizamabad,Nizamabad,,,Telangana Gw,Telangana,,56,2007-05-01 00:00:00,2019-09-01 00:00:00,10.435892857142855,2.7435092171660966,2.14,14.69,12.3,37.5,7.4,34.5,28.0,138.0,393.0,40.0,Cropland
TSGWD_1567,18.754,78.124,Nizamabad,Nizamabad,,,Telangana Gw,Telangana,,60,2007-05-01 00:00:00,2023-07-25 12:00:00,13.613,2.775604560805826,5.41,19.79,16.2,37.0,7.1,32.1,30.9,144.0,374.0,40.0,Cropland
TSGWD_1568,18.588,77.89,Nizamabad,Nizamabad,,,Telangana Gw,Telangana,,56,2007-05-01 00:00:00,2023-07-25 12:00:00,7.761071428571428,2.814349386187235,0.4,15.27,16.2,36.2,7.3,33.5,30.3,304.0,374.0,40.0,Cropland
TSGWD_1569,18.75,77.929,Nizamabad,Nizamabad,,,Telangana Gw,Telangana,,57,2007-05-01 00:00:00,2023-07-25 12:00:00,17.053859649122806,2.9416247662922874,6.4,20.7,16.2,38.2,7.3,28.4,33.4,127.0,351.0,40.0,Cropland
TSGWD_1570,18.8361,79.4167,Peddapally,Peddapally,,,Telangana Gw,Telangana,,58,2007-05-01 00:00:00,2023-07-25 12:00:00,10.178620689655173,5.0747546646346455,0.8,21.3,16.2,37.6,7.1,24.6,37.8,133.0,144.0,40.0,Cropland
TSGWD_1571,18.7453,79.1872,Peddapally,Peddapally,,,Telangana Gw,Telangana,,153,2007-05-01 00:00:00,2023-07-25 12:00:00,6.946797385620914,2.749704446700344,0.92,18.6,16.2,37.9,6.9,29.4,32.7,201.0,230.0,40.0,Cropland
TSGWD_1572,18.703666,79.27625,Peddapally,Peddapally,,,Telangana Gw,Telangana,,58,2007-05-01 00:00:00,2023-07-25 12:00:00,5.05,3.0040312096867314,1.65,16.48,16.2,35.0,6.9,28.9,36.1,142.0,213.0,40.0,Cropland
TSGWD_1573,18.552157,79.260942,Peddapally,Peddapally,,,Telangana Gw,Telangana,,131,2007-05-01 00:00:00,2023-07-25 12:00:00,6.343893129770992,2.976540731613198,2.15,13.8,16.2,39.4,7.1,25.9,34.7,162.0,261.0,40.0,Cropland
TSGWD_1574,18.6205,79.2492,Peddapally,Peddapally,,,Telangana Gw,Telangana,,153,2007-05-01 00:00:00,2023-07-25 12:00:00,4.834117647058823,1.9475951869893036,2.02,13.22,16.2,36.7,7.0,26.8,36.6,148.0,259.0,40.0,Cropland
TSGWD_1575,18.66944444,79.48083333,Peddapally,Peddapally,Kamanpur,Rompikunta,Telangana Gw,Telangana,,58,2007-05-01 00:00:00,2023-07-25 12:00:00,7.122068965517241,3.3845846404164246,1.95,12.56,16.2,36.4,7.0,28.3,35.3,153.0,182.0,40.0,Cropland
TSGWD_1576,18.646138,79.690944,Peddapally,Peddapally,,,Telangana Gw,Telangana,,58,2007-05-01 00:00:00,2023-07-25 12:00:00,20.29741379310345,3.4415090327155253,10.05,27.35,16.2,37.0,7.1,26.1,36.9,169.0,134.0,40.0,Cropland
TSGWD_1577,18.686694,79.604833,Peddapally,Peddapally,,,Telangana Gw,Telangana,,58,2007-05-01 00:00:00,2023-07-25 12:00:00,15.187586206896553,2.8324469059267687,2.96,20.23,16.2,37.7,7.1,27.2,35.0,157.0,151.0,40.0,Cropland
TSGWD_1578,18.66583333,79.73138889,Peddapally,Peddapally,Manthani,Khansaipet,Telangana Gw,Telangana,,58,2007-05-01 00:00:00,2023-07-25 12:00:00,4.504310344827586,1.2758665607906412,0.58,8.7,16.2,35.9,7.0,29.9,34.2,163.0,187.0,40.0,Cropland
TSGWD_1579,18.6433,79.6662,Peddapally,Peddapally,,,Telangana Gw,Telangana,,58,2007-05-01 00:00:00,2023-07-25 12:00:00,15.06189655172414,3.615882342100989,3.94,22.95,16.2,37.0,7.1,26.4,36.6,178.0,125.0,40.0,Cropland
TSGWD_1580,18.65472222,79.80166667,Peddapally,Peddapally,Manthani,Venkatapur,Telangana Gw,Telangana,,58,2007-05-01 00:00:00,2023-07-25 12:00:00,8.840344827586208,2.66687211852232,4.23,17.34,16.2,34.1,7.0,24.8,41.1,151.0,138.0,40.0,Cropland
TSGWD_1581,18.55694444,79.69972222,Peddapally,Peddapally,Mutharam (Man),Khammampally,Telangana Gw,Telangana,,58,2007-05-01 00:00:00,2023-07-25 12:00:00,7.343103448275862,1.921780248218833,4.04,11.96,16.2,35.6,6.9,25.6,38.8,152.0,155.0,40.0,Cropland
TSGWD_1582,18.4528,79.46,Peddapally,Peddapally,,,Telangana Gw,Telangana,,153,2007-05-01 00:00:00,2023-07-25 12:00:00,5.07202614379085,2.3599869980343007,0.59,10.4,16.2,34.9,7.1,26.6,38.5,154.0,225.0,40.0,Cropland
TSGWD_1583,18.716416,79.384,Peddapally,Peddapally,,,Telangana Gw,Telangana,,37,2007-05-01 00:00:00,2023-07-25 12:00:00,6.511891891891892,3.1960781851772286,2.4,22.48,16.2,35.0,7.0,28.8,36.2,171.0,191.0,40.0,Cropland
TSGWD_1584,18.6017,79.39,Peddapally,Peddapally,,,Telangana Gw,Telangana,,153,2007-05-01 00:00:00,2023-07-25 12:00:00,9.59032679738562,2.576710831329417,2.68,16.32,16.2,37.5,7.1,28.4,34.1,168.0,222.0,40.0,Cropland
TSGWD_1585,18.759388,79.506611,Peddapally,Peddapally,,,Telangana Gw,Telangana,,56,2007-05-01 00:00:00,2023-07-25 12:00:00,1.9205357142857145,1.5584274354067862,0.15,5.24,16.2,,,,,,149.0,40.0,Cropland
TSGWD_1586,18.484581,79.526019,Peddapally,Peddapally,,,Telangana Gw,Telangana,,122,2007-05-01 00:00:00,2023-07-25 12:00:00,7.743770491803279,3.568206329474317,0.58,15.8,16.2,,,,,,181.0,40.0,Cropland
TSGWD_1587,16.8442,78.5425,Ranga Reddy,Ranga Reddy,,,Telangana Gw,Telangana,,145,2007-05-01 00:00:00,2023-07-25 12:00:00,11.49103448275862,3.04582950846498,5.6,17.85,16.2,27.5,6.8,51.3,21.2,135.0,573.0,40.0,Cropland
TSGWD_1588,16.9281,78.5289,Ranga Reddy,Ranga Reddy,,,Telangana Gw,Telangana,,23,2007-05-01 00:00:00,2023-07-25 12:00:00,10.509130434782609,3.99620719392262,2.41,16.35,16.2,32.6,6.7,42.4,25.0,160.0,584.0,40.0,Cropland
TSGWD_1589,17.248,78.452,Ranga Reddy,Ranga Reddy,,,Telangana Gw,Telangana,,42,2007-05-01 00:00:00,2023-07-25 12:00:00,14.029285714285717,4.409308553092686,5.07,21.0,16.2,29.8,6.7,44.9,25.2,152.0,597.0,50.0,Built_Up
TSGWD_1590,17.32388889,78.06388889,Ranga Reddy,Ranga Reddy,Chevella,Alur,Telangana Gw,Telangana,,126,2007-05-01 00:00:00,2023-07-25 12:00:00,10.34968253968254,6.41129564896306,1.15,33.05,16.2,29.9,6.9,42.4,27.7,148.0,656.0,40.0,Cropland
TSGWD_1591,17.336,78.154,Ranga Reddy,Ranga Reddy,,,Telangana Gw,Telangana,,147,2007-05-01 00:00:00,2023-07-25 12:00:00,20.240272108843534,4.7541523228659015,3.4,27.3,16.2,31.1,6.7,42.5,26.4,143.0,632.0,40.0,Cropland
TSGWD_1592,17.297,78.736,Ranga Reddy,Ranga Reddy,,,Telangana Gw,Telangana,,43,2007-05-01 00:00:00,2023-07-25 12:00:00,4.945348837209303,1.874352394621888,1.39,8.7,16.2,33.2,6.9,40.2,26.6,188.0,409.0,40.0,Cropland
TSGWD_1593,17.33888889,78.62805556,Ranga Reddy,Ranga Reddy,Abdullapurmet,Kuntloor,Telangana Gw,Telangana,,43,2007-05-01 00:00:00,2023-07-25 12:00:00,9.939302325581394,4.115217054594209,2.29,17.12,16.2,37.6,7.1,38.7,23.7,138.0,503.0,50.0,Built_Up
TSGWD_1594,17.149,78.599,Ranga Reddy,Ranga Reddy,,,Telangana Gw,Telangana,,32,2007-05-01 00:00:00,2023-07-25 12:00:00,37.9828125,12.76456669074275,11.99,49.02,16.2,31.5,7.0,48.3,20.3,158.0,552.0,40.0,Cropland
TSGWD_1595,17.204,78.545,Ranga Reddy,Ranga Reddy,,,Telangana Gw,Telangana,,32,2007-05-01 00:00:00,2023-07-25 12:00:00,27.8921875,10.013518196587404,7.39,47.8,16.2,26.4,6.8,52.2,21.4,130.0,569.0,50.0,Built_Up
TSGWD_1596,17.22,78.598,Ranga Reddy,Ranga Reddy,,,Telangana Gw,Telangana,,129,2007-05-01 00:00:00,2023-07-25 12:00:00,11.692868217054263,2.147323986456184,2.55,15.52,16.2,31.7,7.1,44.4,23.9,139.0,534.0,50.0,Built_Up
TSGWD_1597,16.977381,78.518994,Ranga Reddy,Ranga Reddy,,,Telangana Gw,Telangana,,57,2007-05-01 00:00:00,2023-07-25 12:00:00,21.08,4.260028085085153,10.22,31.71,16.2,28.4,6.5,44.6,27.0,163.0,677.0,40.0,Cropland
TSGWD_1598,17.08,78.48,Ranga Reddy,Ranga Reddy,,,Telangana Gw,Telangana,,128,2007-05-01 00:00:00,2023-07-25 12:00:00,12.27171875,1.9930288386703423,4.95,20.34,16.2,32.9,6.7,41.0,26.1,138.0,632.0,40.0,Cropland
TSGWD_1599,16.94388889,78.32944444,Ranga Reddy,Ranga Reddy,Keshampet,Keshampet,Telangana Gw,Telangana,,57,2007-05-01 00:00:00,2023-07-25 12:00:00,14.144561403508773,2.178624295755269,7.06,17.6,16.2,30.6,7.1,41.7,27.7,167.0,575.0,40.0,Cropland
TSGWD_1600,17.11944444,78.075,Ranga Reddy,Ranga Reddy,Kondurgu,Bhairampally,Telangana Gw,Telangana,,57,2007-05-01 00:00:00,2023-07-25 12:00:00,11.93877192982456,2.4373463835662976,5.85,15.8,16.2,29.9,6.7,43.0,27.1,145.0,655.0,40.0,Cropland
TSGWD_1601,17.1114,77.9979,Ranga Reddy,Ranga Reddy,,,Telangana Gw,Telangana,,148,2007-05-01 00:00:00,2023-07-25 12:00:00,10.690337837837838,3.942055200630385,3.14,20.86,16.2,30.7,6.7,43.6,25.7,151.0,687.0,40.0,Cropland
TSGWD_1602,17.1587,78.2879,Ranga Reddy,Ranga Reddy,,,Telangana Gw,Telangana,,152,2007-05-01 00:00:00,2023-07-25 12:00:00,9.674026315789474,3.2736557525277243,1.71,15.3,16.2,30.2,6.8,43.0,26.8,151.0,580.0,40.0,Cropland
TSGWD_1603,17.0514,78.3514,Ranga Reddy,Ranga Reddy,,,Telangana Gw,Telangana,,17,2007-05-01 00:00:00,2023-07-25 12:00:00,29.943529411764704,8.08990724697792,5.91,43.5,16.2,31.9,6.8,42.5,25.6,156.0,644.0,40.0,Cropland
TSGWD_1604,17.1639,78.2722,Ranga Reddy,Ranga Reddy,,,Telangana Gw,Telangana,,57,2007-05-01 00:00:00,2023-07-25 12:00:00,19.74122807017544,2.811644200066826,10.16,22.95,16.2,30.7,6.8,40.3,29.0,155.0,578.0,40.0,Cropland
TSGWD_1605,16.779781,78.715601,Ranga Reddy,Ranga Reddy,,,Telangana Gw,Telangana,,57,2007-05-01 00:00:00,2023-07-25 12:00:00,8.178070175438597,1.6418657055275467,3.84,11.74,16.2,30.7,7.0,41.1,28.1,146.0,379.0,40.0,Cropland
TSGWD_1606,16.906166,78.725869,Ranga Reddy,Ranga Reddy,,,Telangana Gw,Telangana,,50,2007-05-01 00:00:00,2023-07-25 12:00:00,11.0442,1.832659592961408,6.67,16.39,16.2,30.7,7.0,40.9,28.4,143.0,446.0,40.0,Cropland
TSGWD_1607,16.843335,78.687875,Ranga Reddy,Ranga Reddy,,,Telangana Gw,Telangana,,57,2007-05-01 00:00:00,2023-07-25 12:00:00,12.775087719298243,1.7571274476166827,8.8,16.55,16.2,32.9,7.2,41.7,25.4,149.0,424.0,40.0,Cropland
TSGWD_1608,17.135,78.439,Ranga Reddy,Ranga Reddy,,,Telangana Gw,Telangana,,42,2007-05-01 00:00:00,2023-07-25 12:00:00,22.940952380952385,2.630317433800562,12.56,28.89,16.2,,,,,,633.0,40.0,Cropland
TSGWD_1609,17.11694444,78.37888889,Ranga Reddy,Ranga Reddy,Maheswaram,Pondiyala,Telangana Gw,Telangana,,46,2007-05-01 00:00:00,2023-07-25 12:00:00,20.096521739130434,3.5315613276039843,4.78,24.1,16.2,27.0,7.0,46.3,26.7,156.0,614.0,40.0,Cropland
TSGWD_1610,17.06194444,78.76888889,Ranga Reddy,Ranga Reddy,Manchal,Bodakonda,Telangana Gw,Telangana,,127,2007-05-01 00:00:00,2023-07-25 12:00:00,20.91472440944882,4.461527218549696,11.18,31.3,16.2,30.1,6.7,46.0,24.0,159.0,458.0,40.0,Cropland
TSGWD_1611,17.16,78.739,Ranga Reddy,Ranga Reddy,,,Telangana Gw,Telangana,,130,2007-05-01 00:00:00,2023-07-25 12:00:00,11.713153846153846,3.1501945392408084,3.15,16.96,16.2,30.5,6.7,45.0,24.5,393.0,575.0,40.0,Cropland
TSGWD_1612,17.27611111,78.22305556,Ranga Reddy,Ranga Reddy,Moinabad,Kethereddipally,Telangana Gw,Telangana,,46,2007-05-01 00:00:00,2023-07-25 12:00:00,23.736739130434785,2.6630158795769927,13.66,25.77,16.2,28.4,6.7,45.4,26.2,159.0,585.0,40.0,Cropland
TSGWD_1613,17.33,78.29,Ranga Reddy,Ranga Reddy,,,Telangana Gw,Telangana,,149,2007-05-01 00:00:00,2023-07-25 12:00:00,19.366644295302013,7.810556059619385,2.56,43.51,16.2,30.2,6.8,45.7,24.1,139.0,577.0,40.0,Cropland
TSGWD_1614,17.316,78.405,Ranga Reddy,Ranga Reddy,,,Telangana Gw,Telangana,,130,2007-05-01 00:00:00,2023-07-25 12:00:00,11.272461538461538,2.258001126584425,3.75,17.2,16.2,33.7,6.6,50.1,16.2,154.0,536.0,50.0,Built_Up
TSGWD_1615,17.272,78.541,Ranga Reddy,Ranga Reddy,,,Telangana Gw,Telangana,,46,2007-05-01 00:00:00,2023-07-25 12:00:00,16.128260869565217,2.8992913343687774,6.44,19.1,16.2,30.1,6.9,46.3,23.6,139.0,550.0,50.0,Built_Up
TSGWD_1616,17.43,78.368,Ranga Reddy,Ranga Reddy,,,Telangana Gw,Telangana,,132,2007-05-01 00:00:00,2019-09-01 00:00:00,3.055378787878788,1.0904879538820584,0.7,8.0,12.3,,,,,,577.0,50.0,Built_Up
TSGWD_1617,17.05,78.777,Ranga Reddy,Ranga Reddy,,,Telangana Gw,Telangana,,41,2007-05-01 00:00:00,2023-07-25 12:00:00,18.328048780487805,6.23615074365277,6.75,31.9,16.2,30.6,6.6,46.2,23.2,228.0,636.0,40.0,Cropland
TSGWD_1618,17.063191,78.184623,Ranga Reddy,Ranga Reddy,,,Telangana Gw,Telangana,,140,2007-05-01 00:00:00,2023-07-25 12:00:00,28.165785714285715,7.250104843484753,1.16,43.99,16.2,26.7,6.7,45.5,27.8,160.0,639.0,40.0,Cropland
TSGWD_1619,17.20194444,78.10388889,Ranga Reddy,Ranga Reddy,Shabad,Shahbad,Telangana Gw,Telangana,,153,2007-05-01 00:00:00,2023-07-25 12:00:00,17.237712418300653,5.749355054989355,1.19,29.7,16.2,27.8,6.8,44.8,27.5,127.0,641.0,40.0,Cropland
TSGWD_1620,17.256,78.282,Ranga Reddy,Ranga Reddy,,,Telangana Gw,Telangana,,153,2007-05-01 00:00:00,2023-07-25 12:00:00,15.304836601307189,1.9392093833146904,9.71,26.81,16.2,27.7,6.7,45.8,26.5,157.0,555.0,40.0,Cropland
TSGWD_1621,17.204,78.301,Ranga Reddy,Ranga Reddy,,,Telangana Gw,Telangana,,153,2007-05-01 00:00:00,2023-07-25 12:00:00,11.232156862745098,2.1836069692792317,5.18,14.56,16.2,30.6,6.9,43.7,25.6,146.0,571.0,50.0,Built_Up
TSGWD_1622,17.25,78.36805556,Ranga Reddy,Ranga Reddy,Shamshabad,Ootlapally,Telangana Gw,Telangana,,46,2007-05-01 00:00:00,2023-07-25 12:00:00,24.852608695652176,9.224597656936975,7.6,44.85,16.2,32.2,6.8,40.6,27.2,145.0,571.0,50.0,Built_Up
TSGWD_1623,17.453,78.131,Ranga Reddy,Ranga Reddy,,,Telangana Gw,Telangana,,153,2007-05-01 00:00:00,2023-07-25 12:00:00,13.090522875816992,3.4173194309609483,3.44,21.83,16.2,,,,,,582.0,40.0,Cropland
TSGWD_1624,17.409,78.127,Ranga Reddy,Ranga Reddy,,,Telangana Gw,Telangana,,46,2007-05-01 00:00:00,2023-07-25 12:00:00,10.362608695652174,3.7232401867087095,2.47,16.67,16.2,29.7,6.9,46.0,24.3,136.0,597.0,40.0,Cropland
TSGWD_1625,16.89,78.413,Ranga Reddy,Ranga Reddy,,,Telangana Gw,Telangana,,152,2007-05-01 00:00:00,2023-07-25 12:00:00,20.578302631578943,4.473896100537383,7.16,27.03,16.2,31.2,6.8,42.7,26.1,155.0,580.0,40.0,Cropland
TSGWD_1626,16.992,78.701,Ranga Reddy,Ranga Reddy,,,Telangana Gw,Telangana,,46,2007-05-01 00:00:00,2023-07-25 12:00:00,12.461521739130434,2.556857417822211,7.15,19.31,16.2,32.0,6.8,42.4,25.6,146.0,550.0,40.0,Cropland
TSGWD_1627,17.05,78.67,Ranga Reddy,Ranga Reddy,,,Telangana Gw,Telangana,,153,2007-05-01 00:00:00,2023-07-25 12:00:00,16.423660130718954,4.567686237904203,6.11,21.95,16.2,32.0,6.7,44.3,23.6,148.0,601.0,40.0,Cropland
TSGWD_1631,17.5493,78.2938,Sanga Reddy,Sanga Reddy,,,Telangana Gw,Telangana,,56,2007-05-01 00:00:00,2023-07-25 12:00:00,3.3032142857142857,2.8013153450366253,0.32,12.64,16.2,28.5,6.9,48.7,22.8,128.0,544.0,40.0,Cropland
TSGWD_1632,17.835805,78.072972,Sanga Reddy,Sanga Reddy,,,Telangana Gw,Telangana,,152,2007-05-01 00:00:00,2023-07-25 12:00:00,18.53492763157895,6.174171269269895,6.69,33.61,16.2,,,,,,510.0,40.0,Cropland
TSGWD_1633,17.630555,78.382777,Sanga Reddy,Sanga Reddy,,,Telangana Gw,Telangana,,153,2007-05-01 00:00:00,2023-07-25 12:00:00,24.57229411764706,4.334633792706494,16.89,37.35,16.2,24.9,6.7,51.9,23.2,131.0,610.0,40.0,Cropland
TSGWD_1634,17.6849,78.3679,Sanga Reddy,Sanga Reddy,,,Telangana Gw,Telangana,,58,2007-05-01 00:00:00,2023-07-25 12:00:00,21.638103448275864,2.674943158534665,13.0,26.53,16.2,,,,,,633.0,40.0,Cropland
TSGWD_1635,17.6713,78.1571,Sanga Reddy,Sanga Reddy,,,Telangana Gw,Telangana,,58,2007-05-01 00:00:00,2023-07-25 12:00:00,25.92586206896552,3.1599939120987104,17.76,30.91,16.2,36.9,7.5,34.8,28.3,133.0,500.0,40.0,Cropland
TSGWD_1636,17.7047,78.2185,Sanga Reddy,Sanga Reddy,,,Telangana Gw,Telangana,,58,2007-05-01 00:00:00,2023-07-25 12:00:00,30.923965517241378,4.599480496849109,20.01,37.11,16.2,34.9,7.3,38.9,26.2,127.0,522.0,40.0,Cropland
TSGWD_1637,17.763888,77.718055,Sanga Reddy,Sanga Reddy,,,Telangana Gw,Telangana,,125,2007-05-01 00:00:00,2020-01-22 00:00:00,14.72192,11.359156296474747,0.42,46.01,12.7,33.8,7.2,31.6,34.6,111.0,590.0,40.0,Cropland
TSGWD_1638,17.6309,78.3194,Sanga Reddy,Sanga Reddy,,,Telangana Gw,Telangana,,58,2007-05-01 00:00:00,2023-07-25 12:00:00,17.471206896551724,5.82040936571587,5.94,29.88,16.2,24.9,6.8,53.6,21.5,132.0,564.0,40.0,Cropland
TSGWD_1639,18.1386,77.868,Sanga Reddy,Sanga Reddy,,,Telangana Gw,Telangana,,58,2007-05-01 00:00:00,2023-07-25 12:00:00,28.021896551724137,7.088675539294445,13.94,36.96,16.2,34.3,7.3,38.6,27.0,145.0,440.0,40.0,Cropland
TSGWD_1640,18.1825,77.876111,Sanga Reddy,Sanga Reddy,,,Telangana Gw,Telangana,,150,2007-05-01 00:00:00,2020-01-22 00:00:00,17.789333333333335,4.404323633279765,2.3,27.33,12.7,35.6,7.3,38.5,25.9,132.0,436.0,40.0,Cropland
TSGWD_1641,18.1237,77.8515,Sanga Reddy,Sanga Reddy,,,Telangana Gw,Telangana,,56,2007-05-01 00:00:00,2023-07-25 12:00:00,20.300714285714285,6.753308107113903,8.37,34.36,16.2,32.6,7.4,39.7,27.7,131.0,440.0,40.0,Cropland
TSGWD_1642,17.6111,78.1892,Sanga Reddy,Sanga Reddy,,,Telangana Gw,Telangana,,57,2007-05-01 00:00:00,2023-07-25 12:00:00,24.24578947368421,6.977323716196741,9.69,38.63,16.2,35.6,7.2,38.2,26.1,132.0,513.0,40.0,Cropland
TSGWD_1643,17.514,78.0891,Sanga Reddy,Sanga Reddy,,,Telangana Gw,Telangana,,41,2007-05-01 00:00:00,2020-01-22 00:00:00,10.405853658536586,4.595691447219751,0.33,17.46,12.7,32.2,6.9,39.0,28.8,153.0,579.0,40.0,Cropland
TSGWD_1644,18.2225,77.615555,Sanga Reddy,Sanga Reddy,,,Telangana Gw,Telangana,,42,2007-05-01 00:00:00,2023-07-25 12:00:00,10.571666666666667,8.919067521168031,2.48,31.25,16.2,33.7,7.1,38.4,27.9,134.0,527.0,40.0,Cropland
TSGWD_1645,17.655444,77.7665,Sanga Reddy,Sanga Reddy,,,Telangana Gw,Telangana,,57,2007-05-01 00:00:00,2023-07-25 12:00:00,14.734736842105264,5.913666407224866,4.15,26.07,16.2,33.5,6.8,39.0,27.5,144.0,624.0,40.0,Cropland
TSGWD_1646,17.551666,78.01,Sanga Reddy,Sanga Reddy,,,Telangana Gw,Telangana,,153,2007-05-01 00:00:00,2020-01-22 00:00:00,17.938111111111112,9.508000583688204,2.8,42.46,12.7,31.4,7.0,38.1,30.5,144.0,546.0,40.0,Cropland
TSGWD_1647,17.978,77.741,Sanga Reddy,Sanga Reddy,,,Telangana Gw,Telangana,,58,2007-05-01 00:00:00,2023-07-25 12:00:00,14.81401724137931,5.353022613903353,5.38,23.08,16.2,36.4,7.6,34.9,28.7,132.0,548.0,40.0,Cropland
TSGWD_1648,17.6289,77.8408,Sanga Reddy,Sanga Reddy,,,Telangana Gw,Telangana,,39,2007-05-01 00:00:00,2020-01-22 00:00:00,13.615384615384617,4.215339061191842,5.9,22.3,12.7,37.4,7.2,33.4,29.2,138.0,579.0,40.0,Cropland
TSGWD_1649,17.68888889,77.86722222,Sanga Reddy,Sanga Reddy,Munipally,Budera,Telangana Gw,Telangana,,56,2007-05-01 00:00:00,2023-07-25 12:00:00,9.349285714285712,3.4776046391121045,1.83,17.91,16.2,35.8,7.3,33.1,31.1,144.0,550.0,40.0,Cropland
TSGWD_1650,18.018109,77.687818,Sanga Reddy,Sanga Reddy,,,Telangana Gw,Telangana,,98,2007-05-01 00:00:00,2020-01-22 00:00:00,11.382551020408163,8.01847124170631,0.45,27.58,12.7,34.2,7.4,34.8,31.0,138.0,542.0,40.0,Cropland
TSGWD_1651,18.033267,77.757785,Sanga Reddy,Sanga Reddy,,,Telangana Gw,Telangana,,57,2007-05-01 00:00:00,2023-07-25 12:00:00,11.277719298245614,6.061049242482649,4.17,25.48,16.2,34.4,7.3,37.2,28.4,149.0,499.0,40.0,Cropland
TSGWD_1652,17.8033,77.6261,Sanga Reddy,Sanga Reddy,,,Telangana Gw,Telangana,,153,2007-05-01 00:00:00,2023-07-25 12:00:00,18.97503267973856,5.889255724821774,8.86,32.29,16.2,34.2,7.2,42.6,23.2,135.0,619.0,40.0,Cropland
TSGWD_1653,17.5519,78.2006,Sanga Reddy,Sanga Reddy,,,Telangana Gw,Telangana,,58,2007-05-01 00:00:00,2023-07-25 12:00:00,13.253620689655174,8.219411704366697,1.67,28.9,16.2,28.3,7.4,49.6,22.1,141.0,530.0,40.0,Cropland
TSGWD_1654,17.52583333,78.27027778,Sanga Reddy,Sanga Reddy,Patancheru,Patancheruvu,Telangana Gw,Telangana,,154,2007-05-01 00:00:00,2023-07-25 12:00:00,11.79148051948052,4.03553675062328,4.53,21.94,16.2,,,,,,547.0,40.0,Cropland
TSGWD_1655,17.7191,78.0266,Sanga Reddy,Sanga Reddy,,,Telangana Gw,Telangana,,58,2007-05-01 00:00:00,2023-07-25 12:00:00,20.820862068965518,5.326758431180264,2.64,30.89,16.2,43.3,7.5,30.3,26.4,122.0,524.0,40.0,Cropland
TSGWD_1656,17.7456,77.9779,Sanga Reddy,Sanga Reddy,,,Telangana Gw,Telangana,,58,2007-05-01 00:00:00,2023-07-25 12:00:00,12.145689655172417,5.629458891471569,2.25,20.94,16.2,35.3,7.3,35.6,29.2,138.0,523.0,40.0,Cropland
TSGWD_1657,17.7259,77.9953,Sanga Reddy,Sanga Reddy,,,Telangana Gw,Telangana,,58,2007-05-01 00:00:00,2023-07-25 12:00:00,13.021206896551725,3.94058953536998,4.16,19.83,16.2,43.9,7.7,27.2,28.9,122.0,506.0,40.0,Cropland
TSGWD_1658,17.5091,78.3003,Sanga Reddy,Sanga Reddy,,,Telangana Gw,Telangana,,153,2007-05-01 00:00:00,2023-07-25 12:00:00,20.29553594771242,7.684965059183439,6.88,36.63,16.2,,,,,,547.0,50.0,Built_Up
TSGWD_1659,17.834805,77.748666,Sanga Reddy,Sanga Reddy,,,Telangana Gw,Telangana,,53,2007-05-01 00:00:00,2020-01-22 00:00:00,16.790943396226414,14.22296643084305,0.55,44.39,12.7,34.2,7.3,36.0,29.8,138.0,554.0,40.0,Cropland
TSGWD_1660,17.622222,77.955555,Sanga Reddy,Sanga Reddy,,,Telangana Gw,Telangana,,149,2007-05-01 00:00:00,2020-01-22 00:00:00,11.763825503355704,3.3595379744508955,1.9,19.2,12.7,,,,,,543.0,40.0,Cropland
TSGWD_1661,17.5972,78.0782,Sanga Reddy,Sanga Reddy,,,Telangana Gw,Telangana,,154,2007-05-01 00:00:00,2023-07-25 12:00:00,23.6727012987013,4.561998338261309,15.66,36.36,16.2,36.5,7.3,39.3,24.3,127.0,537.0,40.0,Cropland
TSGWD_1662,18.143,77.655,Sanga Reddy,Sanga Reddy,,,Telangana Gw,Telangana,,53,2007-05-01 00:00:00,2020-01-22 00:00:00,14.237924528301887,5.019601715157275,1.18,22.79,12.7,35.0,7.3,36.8,28.2,140.0,476.0,40.0,Cropland
TSGWD_1663,17.908,77.867,Sanga Reddy,Sanga Reddy,,,Telangana Gw,Telangana,,39,2007-05-01 00:00:00,2023-07-25 12:00:00,6.075384615384615,2.3369659211463034,1.06,9.01,16.2,34.3,7.4,36.1,29.6,137.0,538.0,40.0,Cropland
TSGWD_1664,17.67555556,77.65611111,Sanga Reddy,Sanga Reddy,Zaheerabad,Ranzole-I,Telangana Gw,Telangana,,153,2007-05-01 00:00:00,2023-07-25 12:00:00,19.858202614379085,6.953310899510843,9.7,47.71,16.2,34.2,7.3,36.8,28.9,138.0,618.0,40.0,Cropland
TSGWD_1665,18.052,77.713,Sanga Reddy,Sanga Reddy,,,Telangana Gw,Telangana,,2,2007-05-01 00:00:00,2019-09-01 00:00:00,20.325,1.9445436482630056,18.95,21.7,12.3,34.6,7.2,36.8,28.6,149.0,526.0,40.0,Cropland
TSGWD_1666,18.085,79.195,Siddipet,Siddipet,,,Telangana Gw,Telangana,,151,2007-05-01 00:00:00,2023-07-25 12:00:00,13.322847682119203,3.51566975648234,4.47,19.55,16.2,35.3,7.1,35.0,29.7,164.0,371.0,40.0,Cropland
TSGWD_1667,18.25111111,79.05694444,Siddipet,Siddipet,Bejjanki,Dacharam,Telangana Gw,Telangana,,54,2007-05-01 00:00:00,2023-07-25 12:00:00,6.513148148148148,3.001597577186833,2.35,15.85,16.2,34.1,7.2,34.4,31.6,143.0,317.0,40.0,Cropland
TSGWD_1668,18.20055556,79.06055556,Siddipet,Siddipet,Bejjanki,Guggilla,Telangana Gw,Telangana,,54,2007-05-01 00:00:00,2023-07-25 12:00:00,11.026666666666667,2.134625591314397,4.9,15.13,16.2,35.2,7.1,32.9,31.9,157.0,322.0,40.0,Cropland
TSGWD_1669,18.3692,79.0731,Siddipet,Siddipet,,,Telangana Gw,Telangana,,53,2007-05-01 00:00:00,2020-01-22 00:00:00,10.323018867924528,3.336806732898097,2.08,18.56,12.7,35.9,7.4,33.1,31.0,151.0,290.0,40.0,Cropland
TSGWD_1670,18.321326,79.042599,Siddipet,Siddipet,,,Telangana Gw,Telangana,,153,2007-05-01 00:00:00,2023-07-25 12:00:00,18.76032679738562,6.698784789471799,2.9,30.62,16.2,36.6,7.1,32.1,31.3,171.0,319.0,40.0,Cropland
TSGWD_1671,17.888279,78.978861,Siddipet,Siddipet,,,Telangana Gw,Telangana,,42,2007-05-01 00:00:00,2023-07-25 12:00:00,10.30547619047619,2.802433787543538,1.63,16.95,16.2,36.5,7.0,38.5,25.0,139.0,487.0,40.0,Cropland
TSGWD_1672,17.95611111,78.965,Siddipet,Siddipet,Cherila,Gurijakunta,Telangana Gw,Telangana,,48,2007-05-01 00:00:00,2023-07-25 12:00:00,9.947291666666668,3.980478288156119,1.78,19.57,16.2,36.1,7.2,36.7,27.2,287.0,468.0,40.0,Cropland
TSGWD_1673,17.8633,78.8794,Siddipet,Siddipet,,,Telangana Gw,Telangana,,42,2007-05-01 00:00:00,2023-07-25 12:00:00,11.747142857142856,2.246557567907697,7.12,16.96,16.2,34.6,7.1,43.5,21.9,157.0,539.0,40.0,Cropland
TSGWD_1674,17.8628,78.9944,Siddipet,Siddipet,,,Telangana Gw,Telangana,,40,2007-05-01 00:00:00,2023-07-25 12:00:00,8.057625,3.1461335626814657,1.17,13.42,16.2,34.6,7.0,38.9,26.5,156.0,493.0,40.0,Cropland
TSGWD_1675,18.23777778,78.92361111,Siddipet,Siddipet,Chinnakodur,Allipur,Telangana Gw,Telangana,,57,2007-05-01 00:00:00,2023-07-25 12:00:00,29.828245614035087,14.11730841439571,7.37,55.7,16.2,34.6,6.9,37.3,28.0,164.0,403.0,40.0,Cropland
TSGWD_1676,18.1846,79.0021,Siddipet,Siddipet,,,Telangana Gw,Telangana,,58,2007-05-01 00:00:00,2023-07-25 12:00:00,16.782758620689656,4.629964492722567,9.25,27.11,16.2,35.0,7.0,34.9,30.0,161.0,357.0,40.0,Cropland
TSGWD_1677,18.14888889,78.88944444,Siddipet,Siddipet,Chinnakodur,Peddakodur,Telangana Gw,Telangana,,58,2007-05-01 00:00:00,2023-07-25 12:00:00,17.375689655172412,5.115192751446665,3.35,25.47,16.2,34.3,7.0,35.2,30.5,143.0,468.0,40.0,Cropland
TSGWD_1678,17.95583333,78.6025,Siddipet,Siddipet,Doulthabad,Mubaraspur,Telangana Gw,Telangana,,58,2007-05-01 00:00:00,2023-07-25 12:00:00,38.45844827586207,10.824143222319153,16.9,54.93,16.2,37.3,7.1,37.6,25.2,176.0,559.0,40.0,Cropland
TSGWD_1679,18.1308,78.6203,Siddipet,Siddipet,,,Telangana Gw,Telangana,,58,2007-05-01 00:00:00,2023-07-25 12:00:00,23.337241379310345,3.0947356507028814,13.32,28.23,16.2,38.1,7.2,38.4,23.5,147.0,492.0,40.0,Cropland
TSGWD_1680,18.22861111,78.60805556,Siddipet,Siddipet,Dubbak,Gambeerpur,Telangana Gw,Telangana,,58,2007-05-01 00:00:00,2023-07-25 12:00:00,26.688965517241375,3.528326818640948,18.98,32.8,16.2,35.6,7.2,36.5,27.9,154.0,492.0,40.0,Cropland
TSGWD_1681,18.2143,78.6304,Siddipet,Siddipet,,,Telangana Gw,Telangana,,58,2007-05-01 00:00:00,2023-07-25 12:00:00,19.58310344827586,6.129657329049221,6.15,25.98,16.2,35.8,7.2,35.1,29.1,145.0,502.0,40.0,Cropland
TSGWD_1682,18.1321,78.5734,Siddipet,Siddipet,,,Telangana Gw,Telangana,,58,2007-05-01 00:00:00,2023-07-25 12:00:00,29.146379310344827,8.204125983421097,8.61,41.96,16.2,38.5,7.3,38.4,23.1,154.0,481.0,40.0,Cropland
TSGWD_1683,17.8447,78.6847,Siddipet,Siddipet,,,Telangana Gw,Telangana,,154,2007-05-01 00:00:00,2023-07-25 12:00:00,24.42837662337662,5.428204271106764,8.05,35.08,16.2,,,,,,575.0,40.0,Cropland
TSGWD_1684,18.144374,79.209919,Siddipet,Siddipet,,,Telangana Gw,Telangana,,53,2007-05-01 00:00:00,2023-07-25 12:00:00,9.961698113207548,4.542725264660926,1.84,17.97,16.2,34.4,7.1,38.2,27.4,147.0,354.0,40.0,Cropland
TSGWD_1685,17.8506,78.8582,Siddipet,Siddipet,,,Telangana Gw,Telangana,,57,2007-05-01 00:00:00,2023-07-25 12:00:00,12.212105263157897,3.4612032057622604,3.67,17.31,16.2,35.2,7.0,41.1,23.7,175.0,563.0,40.0,Cropland
TSGWD_1686,17.7155,78.8135,Siddipet,Siddipet,,,Telangana Gw,Telangana,,58,2007-05-01 00:00:00,2023-07-25 12:00:00,20.96172413793104,5.7862177865547215,3.51,30.87,16.2,32.8,6.8,44.4,22.8,138.0,535.0,40.0,Cropland
TSGWD_1687,17.78611111,78.84916667,Siddipet,Siddipet,Jagdevpur,Kondapur,Telangana Gw,Telangana,,58,2007-05-01 00:00:00,2023-07-25 12:00:00,10.430517241379311,2.88518017462487,2.51,14.42,16.2,34.1,7.0,40.9,25.0,143.0,546.0,40.0,Cropland
TSGWD_1688,17.8133,78.8242,Siddipet,Siddipet,,,Telangana Gw,Telangana,,153,2007-05-01 00:00:00,2023-07-25 12:00:00,19.701392156862745,3.687336234071416,4.55,30.07,16.2,34.4,7.1,43.1,22.5,146.0,562.0,40.0,Cropland
TSGWD_1689,17.85722222,78.86333333,Siddipet,Siddipet,Jagdevpur,T.Narsapur,Telangana Gw,Telangana,,58,2007-05-01 00:00:00,2023-07-25 12:00:00,14.033793103448277,4.251731877299276,1.89,19.25,16.2,35.0,7.2,43.7,21.3,140.0,558.0,40.0,Cropland
TSGWD_1690,18.16861111,79.09361111,Siddipet,Siddipet,Koheda,Koheda,Telangana Gw,Telangana,,152,2007-05-01 00:00:00,2023-07-25 12:00:00,9.705197368421054,3.5176768316480644,1.93,18.67,16.2,34.8,7.1,33.7,31.5,172.0,340.0,40.0,Cropland
TSGWD_1691,18.25527778,79.10972222,Siddipet,Siddipet,Koheda,Koheda,Telangana Gw,Telangana,,52,2007-05-01 00:00:00,2023-07-25 12:00:00,9.850576923076924,2.416580320400548,4.29,15.64,16.2,35.5,7.1,35.0,29.5,138.0,299.0,40.0,Cropland
TSGWD_1692,17.8928,78.8903,Siddipet,Siddipet,,,Telangana Gw,Telangana,,42,2007-05-01 00:00:00,2023-07-25 12:00:00,6.710952380952381,2.282218443109109,2.52,11.06,16.2,34.3,7.1,41.1,24.7,177.0,516.0,40.0,Cropland
TSGWD_1693,17.952,78.9,Siddipet,Siddipet,,,Telangana Gw,Telangana,,42,2007-05-01 00:00:00,2023-07-25 12:00:00,8.347380952380952,3.569260399936544,2.45,15.41,16.2,33.8,7.1,40.0,26.2,157.0,493.0,40.0,Cropland
TSGWD_1694,18.253361,78.581888,Siddipet,Siddipet,,,Telangana Gw,Telangana,,30,2007-05-01 00:00:00,2019-09-01 00:00:00,10.863666666666663,4.475577776866537,1.43,17.9,12.3,36.3,7.3,36.5,27.2,153.0,471.0,40.0,Cropland
TSGWD_1695,18.00166667,78.92694444,Siddipet,Siddipet,Kondapak,Ankireddypally,Telangana Gw,Telangana,,56,2007-05-01 00:00:00,2023-07-25 12:00:00,7.38875,2.4109018022308577,2.95,15.8,16.2,34.3,7.2,38.2,27.5,137.0,475.0,40.0,Cropland
TSGWD_1696,18.0051,78.8349,Siddipet,Siddipet,,,Telangana Gw,Telangana,,57,2007-05-01 00:00:00,2023-07-25 12:00:00,14.577894736842104,6.436524887824088,4.24,26.83,16.2,34.9,7.2,42.2,22.9,136.0,525.0,40.0,Cropland
TSGWD_1697,17.98833333,79.10361111,Siddipet,Siddipet,Madoor,Bekkal,Telangana Gw,Telangana,,49,2007-05-01 00:00:00,2023-07-25 12:00:00,5.811224489795919,3.9575116512005057,0.86,12.46,16.2,34.0,7.1,38.4,27.6,146.0,435.0,40.0,Cropland
TSGWD_1698,17.9307,79.0503,Siddipet,Siddipet,,,Telangana Gw,Telangana,,154,2007-05-01 00:00:00,2023-07-25 12:00:00,15.612337662337664,2.847463908246837,2.12,20.62,16.2,33.2,7.1,41.4,25.4,148.0,455.0,40.0,Cropland
TSGWD_1699,17.8911,79.025,Siddipet,Siddipet,,,Telangana Gw,Telangana,,41,2007-05-01 00:00:00,2023-07-25 12:00:00,7.728780487804878,1.397639429756386,5.34,13.2,16.2,36.1,7.0,40.1,23.8,158.0,466.0,40.0,Cropland
TSGWD_1700,17.748,78.72,Siddipet,Siddipet,,,Telangana Gw,Telangana,,34,2007-05-01 00:00:00,2023-07-25 12:00:00,22.820882352941176,2.587204373563912,13.61,32.13,16.2,32.9,7.0,41.4,25.7,157.0,584.0,40.0,Cropland
TSGWD_1701,18.1208,78.5972,Siddipet,Siddipet,,,Telangana Gw,Telangana,,154,2007-05-01 00:00:00,2023-07-25 12:00:00,15.878136363636363,2.8003034314303883,7.47,23.84,16.2,40.4,7.3,36.7,22.8,140.0,485.0,40.0,Cropland
TSGWD_1702,18.054999,78.623401,Siddipet,Siddipet,,,Telangana Gw,Telangana,,58,2007-05-01 00:00:00,2023-07-25 12:00:00,28.798448275862068,7.497803608618862,7.93,38.47,16.2,37.0,7.2,38.8,24.2,164.0,507.0,40.0,Cropland
TSGWD_1703,17.70583333,78.67555556,Siddipet,Siddipet,Mulugu,Adivimajid,Telangana Gw,Telangana,,58,2007-05-01 00:00:00,2023-07-25 12:00:00,22.62344827586207,3.32257644254815,12.92,36.24,16.2,30.8,6.8,49.5,19.7,143.0,591.0,40.0,Cropland
TSGWD_1704,17.7214,78.6333,Siddipet,Siddipet,,,Telangana Gw,Telangana,,153,2007-05-01 00:00:00,2023-07-25 12:00:00,32.61457516339869,5.748073817756612,16.0,43.15,16.2,28.8,6.7,49.7,21.5,152.0,603.0,40.0,Cropland
TSGWD_1705,17.694,78.614,Siddipet,Siddipet,,,Telangana Gw,Telangana,,58,2007-05-01 00:00:00,2023-07-25 12:00:00,24.860344827586207,3.686724864956028,6.53,30.34,16.2,27.8,6.9,50.8,21.4,137.0,585.0,40.0,Cropland
TSGWD_1706,18.017861,79.070666,Siddipet,Siddipet,,,Telangana Gw,Telangana,,58,2007-05-01 00:00:00,2023-07-25 12:00:00,12.10689655172414,10.67474248128461,0.68,34.27,16.2,37.0,6.9,37.7,25.3,175.0,420.0,40.0,Cropland
TSGWD_1707,18.03888889,79.09277778,Siddipet,Siddipet,Nanganur,Kodarajpally,Telangana Gw,Telangana,,58,2007-05-01 00:00:00,2023-07-25 12:00:00,11.740172413793102,3.9107864742203633,2.97,18.22,16.2,34.3,7.1,37.4,28.3,167.0,439.0,40.0,Cropland
TSGWD_1708,18.0888,78.9925,Siddipet,Siddipet,,,Telangana Gw,Telangana,,154,2007-05-01 00:00:00,2023-07-25 12:00:00,9.42051948051948,2.501480289123408,2.09,14.06,16.2,34.5,7.1,35.5,30.1,142.0,432.0,40.0,Cropland
TSGWD_1709,17.9256,78.6181,Siddipet,Siddipet,,,Telangana Gw,Telangana,,152,2007-05-01 00:00:00,2023-07-25 12:00:00,23.07094736842105,3.892317268551716,13.65,31.3,16.2,34.0,7.0,43.2,22.8,179.0,567.0,40.0,Cropland
TSGWD_1710,18.17694444,78.77694444,Siddipet,Siddipet,Siddipet,Ragavapur,Telangana Gw,Telangana,,58,2007-05-01 00:00:00,2023-07-25 12:00:00,20.623620689655173,4.140395225764001,3.7,26.13,16.2,34.2,7.2,37.0,28.8,134.0,493.0,40.0,Cropland
TSGWD_1711,18.11583333,78.75138889,Siddipet,Siddipet,Siddipet,Tornal,Telangana Gw,Telangana,,58,2007-05-01 00:00:00,2023-07-25 12:00:00,17.166724137931034,4.749001515713513,2.93,24.92,16.2,36.0,7.0,40.7,23.3,134.0,534.0,40.0,Cropland
TSGWD_1712,18.10333333,78.8375,Siddipet,Siddipet,Siddipet,Siddipet,Telangana Gw,Telangana,,154,2007-05-01 00:00:00,2023-07-25 12:00:00,8.878831168831168,2.437957987287789,4.18,15.41,16.2,37.5,7.1,38.2,24.2,142.0,499.0,40.0,Cropland
TSGWD_1713,17.888,78.805,Siddipet,Siddipet,,,Telangana Gw,Telangana,,58,2007-05-01 00:00:00,2023-07-25 12:00:00,23.475689655172413,3.676722945952634,8.95,28.42,16.2,32.5,7.0,45.6,21.8,171.0,566.0,40.0,Cropland
TSGWD_1714,17.82333333,78.58666667,Siddipet,Siddipet,Wargal,Majidpalli,Telangana Gw,Telangana,,152,2007-05-01 00:00:00,2023-07-25 12:00:00,8.22875,1.906255409285562,0.2,12.03,16.2,34.3,7.1,42.2,23.5,145.0,565.0,40.0,Cropland
TSGWD_1715,18.171666,78.665277,Siddipet,Siddipet,,,Telangana Gw,Telangana,,83,2007-05-01 00:00:00,2019-09-01 00:00:00,14.663253012048193,2.4725646349951345,6.9,25.64,12.3,,,,,,508.0,40.0,Cropland
TSGWD_1716,17.763,78.7747,Siddipet,Siddipet,,,Telangana Gw,Telangana,,6,2007-05-01 00:00:00,2019-09-01 00:00:00,46.48666666666667,23.451094359681097,14.26,62.05,12.3,35.7,7.0,40.5,23.8,155.0,568.0,40.0,Cropland
TSGWD_1718,18.198821,78.883778,Siddipet,Siddipet,,,Telangana Gw,Telangana,,2,2007-05-01 00:00:00,2019-09-01 00:00:00,21.13,0.0707106781186557,21.08,21.18,12.3,35.5,7.0,35.6,28.9,135.0,470.0,40.0,Cropland
TSGWD_1719,17.9277,78.8955,Siddipet,Siddipet,,,Telangana Gw,Telangana,,126,2007-05-01 00:00:00,2023-07-25 12:00:00,14.702619047619049,6.185505014605862,1.33,25.53,16.2,33.5,7.0,42.2,24.3,173.0,521.0,40.0,Cropland
TSGWD_1720,18.53138889,78.91472222,Sircilla,Sircilla,Boinpally,Korem,Telangana Gw,Telangana,,58,2007-05-01 00:00:00,2023-07-25 12:00:00,10.66603448275862,4.08123172827061,0.93,18.55,16.2,40.7,7.0,27.7,31.7,113.0,356.0,40.0,Cropland
TSGWD_1721,18.418,78.961,Sircilla,Sircilla,,,Telangana Gw,Telangana,,58,2007-05-01 00:00:00,2023-07-25 12:00:00,8.309482758620689,2.133827318695988,1.76,11.13,16.2,38.6,7.2,28.8,32.6,137.0,308.0,40.0,Cropland
TSGWD_1722,18.5725,78.77777778,Sircilla,Sircilla,Chandurthy,Chandurthy,Telangana Gw,Telangana,,58,2007-05-01 00:00:00,2023-07-25 12:00:00,7.345,2.0797032936151463,0.57,9.84,16.2,39.2,7.1,30.4,30.4,130.0,403.0,40.0,Cropland
TSGWD_1723,18.397474,78.570506,Sircilla,Sircilla,,,Telangana Gw,Telangana,,58,2007-05-01 00:00:00,2023-07-25 12:00:00,9.727586206896552,5.227107250835422,4.23,28.25,16.2,35.9,7.1,34.9,29.2,170.0,457.0,40.0,Cropland
TSGWD_1724,18.27111111,78.58,Sircilla,Sircilla,Gambhiraopet,Kothapally,Telangana Gw,Telangana,,58,2007-05-01 00:00:00,2023-07-25 12:00:00,18.701724137931038,5.244573181145401,7.15,27.75,16.2,38.7,7.3,31.8,29.6,169.0,454.0,40.0,Cropland
TSGWD_1725,18.283725,78.552568,Sircilla,Sircilla,,,Telangana Gw,Telangana,,153,2007-05-01 00:00:00,2023-07-25 12:00:00,10.174771241830063,3.5059406510437703,2.16,17.63,16.2,36.7,7.3,33.6,29.7,147.0,446.0,40.0,Cropland
TSGWD_1726,18.267336,78.903132,Sircilla,Sircilla,,,Telangana Gw,Telangana,,58,2007-05-01 00:00:00,2023-07-25 12:00:00,14.596724137931036,5.024976001664275,1.86,20.27,16.2,36.4,7.0,37.6,26.1,128.0,399.0,40.0,Cropland
TSGWD_1727,18.31194444,78.95638889,Sircilla,Sircilla,Illanthakunta,Illanthukunta,Telangana Gw,Telangana,,142,2007-05-01 00:00:00,2023-07-25 12:00:00,16.35492957746479,4.435232848513978,2.06,26.12,16.2,34.8,7.1,31.6,33.5,133.0,331.0,40.0,Cropland
TSGWD_1728,18.373722,78.964305,Sircilla,Sircilla,,,Telangana Gw,Telangana,,58,2007-05-01 00:00:00,2023-07-25 12:00:00,4.700689655172414,1.5313013180160766,0.68,7.56,16.2,39.5,7.1,28.9,31.7,140.0,303.0,40.0,Cropland
TSGWD_1729,18.264083,78.976055,Sircilla,Sircilla,,,Telangana Gw,Telangana,,58,2007-05-01 00:00:00,2023-07-25 12:00:00,13.300344827586208,3.9285191913623887,4.8,18.56,16.2,34.2,7.0,31.7,34.1,143.0,358.0,40.0,Cropland
TSGWD_1730,18.4486,78.7404,Sircilla,Sircilla,,,Telangana Gw,Telangana,,55,2007-05-01 00:00:00,2023-07-25 12:00:00,10.575818181818182,3.631037853321815,3.61,21.55,16.2,36.7,7.0,33.9,29.4,120.0,399.0,40.0,Cropland
TSGWD_1731,18.42,78.77805556,Sircilla,Sircilla,Konaraopet,Kolanur,Telangana Gw,Telangana,,58,2007-05-01 00:00:00,2023-07-25 12:00:00,15.491896551724135,1.437506926783069,10.2,17.96,16.2,39.6,7.0,30.5,29.9,126.0,358.0,40.0,Cropland
TSGWD_1732,18.512108,78.698962,Sircilla,Sircilla,,,Telangana Gw,Telangana,,58,2007-05-01 00:00:00,2023-07-25 12:00:00,13.025172413793104,4.492323370817998,3.37,17.99,16.2,39.3,7.1,30.2,30.5,137.0,389.0,40.0,Cropland
TSGWD_1733,18.499277,78.757555,Sircilla,Sircilla,,,Telangana Gw,Telangana,,58,2007-05-01 00:00:00,2023-07-25 12:00:00,17.608103448275862,4.049359688129414,8.36,24.31,16.2,40.4,7.0,28.9,30.6,124.0,366.0,40.0,Cropland
TSGWD_1735,18.47027778,78.71888889,Sircilla,Sircilla,Konaraopet,Nizamabad,Telangana Gw,Telangana,,150,2007-05-01 00:00:00,2023-07-25 12:00:00,12.959533333333331,3.3438735599282885,4.42,19.15,16.2,37.1,6.9,34.1,28.9,186.0,424.0,40.0,Cropland
TSGWD_1736,18.4679,78.7928,Sircilla,Sircilla,,,Telangana Gw,Telangana,,58,2007-05-01 00:00:00,2023-07-25 12:00:00,10.70603448275862,2.981245435999404,4.25,15.29,16.2,39.8,7.1,28.3,31.9,110.0,360.0,40.0,Cropland
TSGWD_1737,18.350277,78.716996,Sircilla,Sircilla,,,Telangana Gw,Telangana,,58,2007-05-01 00:00:00,2023-07-25 12:00:00,21.21603448275862,6.722795716396872,4.0,29.56,16.2,38.1,7.2,29.1,32.8,157.0,353.0,40.0,Cropland
TSGWD_1738,18.342888,78.683888,Sircilla,Sircilla,,,Telangana Gw,Telangana,,58,2007-05-01 00:00:00,2023-07-25 12:00:00,13.985,5.874578073688328,0.66,23.96,16.2,35.7,7.0,30.4,33.9,186.0,367.0,40.0,Cropland
TSGWD_1741,18.35555,78.78308,Sircilla,Sircilla,,,Telangana Gw,Telangana,,153,2007-05-01 00:00:00,2023-07-25 12:00:00,13.419150326797386,2.6925103107148574,2.7,19.69,16.2,,,,,,341.0,40.0,Cropland
TSGWD_1742,18.282665,78.820788,Sircilla,Sircilla,,,Telangana Gw,Telangana,,58,2007-05-01 00:00:00,2023-07-25 12:00:00,18.315689655172413,7.041870542980868,1.1,29.27,16.2,33.6,7.0,37.7,28.8,136.0,394.0,40.0,Cropland
TSGWD_1743,18.4056,78.8267,Sircilla,Sircilla,,,Telangana Gw,Telangana,,58,2007-05-01 00:00:00,2023-07-25 12:00:00,3.485,2.4201618403183973,0.15,13.34,16.2,36.8,7.0,32.8,30.4,115.0,323.0,40.0,Cropland
TSGWD_1744,18.52666667,78.61083333,Sircilla,Sircilla,Veernapally,Garjanapalle,Telangana Gw,Telangana,,58,2007-05-01 00:00:00,2023-07-25 12:00:00,12.62551724137931,3.989508245831454,2.23,18.02,16.2,34.9,7.1,34.8,30.3,139.0,441.0,40.0,Cropland
TSGWD_1745,18.4722,78.6115,Sircilla,Sircilla,,,Telangana Gw,Telangana,,38,2007-05-01 00:00:00,2023-07-25 12:00:00,28.04947368421053,15.003982344764056,4.99,54.17,16.2,34.6,7.1,36.1,29.3,129.0,491.0,40.0,Cropland
TSGWD_1746,18.53305556,78.86,Sircilla,Sircilla,Vemulawada,Chekkapalli,Telangana Gw,Telangana,,58,2007-05-01 00:00:00,2023-07-25 12:00:00,7.906896551724138,3.9526301289747727,0.21,13.9,16.2,37.5,6.9,28.4,34.1,120.0,362.0,40.0,Cropland
TSGWD_1747,18.486422,78.863888,Sircilla,Sircilla,,,Telangana Gw,Telangana,,153,2007-05-01 00:00:00,2023-07-25 12:00:00,20.40313725490196,5.82849414859856,8.65,28.15,16.2,42.3,7.1,27.7,30.0,115.0,337.0,40.0,Cropland
TSGWD_1748,18.377197,78.616814,Sircilla,Sircilla,,,Telangana Gw,Telangana,,152,2007-05-01 00:00:00,2023-07-25 12:00:00,17.758947368421055,5.310368361014319,3.66,30.12,16.2,38.1,7.0,31.2,30.6,177.0,398.0,40.0,Cropland
TSGWD_1749,18.4029,78.6425,Sircilla,Sircilla,,,Telangana Gw,Telangana,,58,2007-05-01 00:00:00,2023-07-25 12:00:00,17.83103448275862,5.545033083176954,1.36,25.35,16.2,39.2,7.0,32.0,28.9,133.0,393.0,40.0,Cropland
TSGWD_1751,17.329188,79.49963,Suryapet,Suryapet,,,Telangana Gw,Telangana,,57,2007-05-01 00:00:00,2023-07-25 12:00:00,7.775263157894737,2.159056593964097,2.95,11.08,16.2,29.1,6.8,36.8,34.1,301.0,215.0,40.0,Cropland
TSGWD_1752,17.316549,79.622842,Suryapet,Suryapet,,,Telangana Gw,Telangana,,57,2007-05-01 00:00:00,2023-07-25 12:00:00,15.753508771929823,2.118488756526412,10.76,18.92,16.2,26.9,6.8,39.6,33.5,298.0,187.0,40.0,Cropland
TSGWD_1753,17.386693,79.496965,Suryapet,Suryapet,,,Telangana Gw,Telangana,,57,2007-05-01 00:00:00,2023-07-25 12:00:00,10.306140350877191,4.215323557478784,0.41,15.45,16.2,30.4,6.9,35.1,34.5,271.0,223.0,40.0,Cropland
TSGWD_1754,17.275805,79.727555,Suryapet,Suryapet,,,Telangana Gw,Telangana,,58,2007-05-01 00:00:00,2023-07-25 12:00:00,10.738275862068967,2.652400526719896,1.84,14.22,16.2,26.0,7.0,41.0,33.0,298.0,175.0,40.0,Cropland
TSGWD_1755,16.96805556,79.81194444,Suryapet,Suryapet,Chilkur,Bethevole,Telangana Gw,Telangana,,58,2007-05-01 00:00:00,2023-07-25 12:00:00,3.091206896551724,1.0970168122081778,0.24,5.59,16.2,29.2,6.8,41.0,29.8,354.0,133.0,40.0,Cropland
TSGWD_1756,16.952543,79.8861,Suryapet,Suryapet,,,Telangana Gw,Telangana,,58,2007-05-01 00:00:00,2023-07-25 12:00:00,3.3808620689655173,2.6102297300810813,0.59,10.76,16.2,29.0,6.7,42.1,29.0,325.0,139.0,40.0,Cropland
TSGWD_1757,16.817943,80.012784,Suryapet,Suryapet,,,Telangana Gw,Telangana,,58,2007-05-01 00:00:00,2023-07-25 12:00:00,13.642413793103447,6.2180403384292005,0.63,22.47,16.2,24.1,6.6,40.5,35.4,309.0,69.0,40.0,Cropland
TSGWD_1758,16.796718,79.980992,Suryapet,Suryapet,,,Telangana Gw,Telangana,,55,2007-05-01 00:00:00,2023-07-25 12:00:00,15.438727272727272,3.658396762064891,7.95,24.55,16.2,29.2,6.7,39.2,31.6,313.0,100.0,40.0,Cropland
TSGWD_1759,16.76601,79.984304,Suryapet,Suryapet,,,Telangana Gw,Telangana,,56,2007-05-01 00:00:00,2023-07-25 12:00:00,15.81607142857143,12.765226583976474,3.27,53.03,16.2,27.4,6.7,39.5,33.1,301.0,91.0,40.0,Cropland
TSGWD_1760,17.14166667,79.71861111,Suryapet,Suryapet,Chivemla,B. Chandupatla,Telangana Gw,Telangana,,106,2007-05-01 00:00:00,2023-07-25 12:00:00,5.697924528301887,1.9676085155437424,0.75,11.49,16.2,26.9,6.8,43.7,29.4,302.0,175.0,40.0,Cropland
TSGWD_1761,17.107692,79.722059,Suryapet,Suryapet,,,Telangana Gw,Telangana,,58,2007-05-01 00:00:00,2023-07-25 12:00:00,12.29551724137931,2.6482044048511355,4.44,17.63,16.2,28.3,6.8,42.3,29.5,280.0,176.0,40.0,Cropland
TSGWD_1762,16.93666667,79.93166667,Suryapet,Suryapet,Kodad,Thogarrai,Telangana Gw,Telangana,,58,2007-05-01 00:00:00,2023-07-25 12:00:00,2.8341379310344825,2.643033898981921,0.42,11.08,16.2,28.8,6.7,41.9,29.3,193.0,100.0,40.0,Cropland
TSGWD_1763,16.75361111,79.88527778,Suryapet,Suryapet,Mattampalle,Raghunadhapalem,Telangana Gw,Telangana,,58,2007-05-01 00:00:00,2023-07-25 12:00:00,11.124310344827586,7.131378920342484,0.6,32.29,16.2,31.0,6.7,38.5,30.5,208.0,89.0,40.0,Cropland
TSGWD_1764,16.786858,79.854204,Suryapet,Suryapet,,,Telangana Gw,Telangana,,154,2007-05-01 00:00:00,2023-07-25 12:00:00,6.087818181818182,2.9541485650697843,0.44,19.03,16.2,30.9,6.7,39.9,29.2,307.0,90.0,40.0,Cropland
TSGWD_1765,16.83738,79.904517,Suryapet,Suryapet,,,Telangana Gw,Telangana,,153,2007-05-01 00:00:00,2023-07-25 12:00:00,10.456601307189542,7.901844984708741,1.92,40.8,16.2,32.1,6.7,40.8,27.1,196.0,120.0,40.0,Cropland
TSGWD_1766,17.25145,79.846083,Suryapet,Suryapet,,,Telangana Gw,Telangana,,57,2007-05-01 00:00:00,2023-07-25 12:00:00,4.045263157894737,1.551247315253988,0.73,6.56,16.2,28.3,6.8,38.4,33.2,312.0,144.0,40.0,Cropland
TSGWD_1767,17.18083333,79.84833333,Suryapet,Suryapet,Mothey,Mamillaguda,Telangana Gw,Telangana,,58,2007-05-01 00:00:00,2023-07-25 12:00:00,6.912241379310346,2.692618918909291,1.57,11.22,16.2,25.6,6.8,42.2,32.2,305.0,147.0,40.0,Cropland
TSGWD_1768,17.033053,79.873081,Suryapet,Suryapet,,,Telangana Gw,Telangana,,58,2007-05-01 00:00:00,2023-07-25 12:00:00,16.467068965517242,6.483190412519508,4.14,23.64,16.2,28.0,6.6,41.0,31.0,316.0,141.0,40.0,Cropland
TSGWD_1769,17.080252,79.933253,Suryapet,Suryapet,,,Telangana Gw,Telangana,,58,2007-05-01 00:00:00,2023-07-25 12:00:00,6.131379310344828,4.337406229645541,0.56,19.21,16.2,27.5,6.7,41.0,31.4,382.0,141.0,40.0,Cropland
TSGWD_1770,16.85277778,79.67388889,Suryapet,Suryapet,Nereducharla,Dirsencherla,Telangana Gw,Telangana,,58,2007-05-01 00:00:00,2023-07-25 12:00:00,4.049827586206897,1.8805061761461708,2.09,8.32,16.2,26.3,6.7,41.2,32.5,213.0,95.0,40.0,Cropland
TSGWD_1771,17.360234,79.734976,Suryapet,Suryapet,,,Telangana Gw,Telangana,,58,2007-05-01 00:00:00,2023-07-25 12:00:00,10.644310344827586,2.2343216813343107,4.65,13.66,16.2,28.6,6.9,37.8,33.6,165.0,185.0,40.0,Cropland
TSGWD_1772,17.333829,79.691828,Suryapet,Suryapet,,,Telangana Gw,Telangana,,154,2007-05-01 00:00:00,2023-07-25 12:00:00,8.940116883116882,2.776526927133737,1.03,14.38,16.2,28.5,6.9,39.1,32.5,166.0,183.0,40.0,Cropland
TSGWD_1773,16.739271,79.706918,Suryapet,Suryapet,,,Telangana Gw,Telangana,,58,2007-05-01 00:00:00,2023-07-25 12:00:00,12.350517241379311,4.402077429200897,3.27,21.58,16.2,27.0,6.8,42.8,30.2,309.0,70.0,40.0,Cropland
TSGWD_1774,16.804402,79.69542,Suryapet,Suryapet,,,Telangana Gw,Telangana,,58,2007-05-01 00:00:00,2023-07-25 12:00:00,3.951034482758621,2.9504889215150523,0.87,16.59,16.2,29.1,6.8,44.5,26.4,275.0,97.0,40.0,Cropland
TSGWD_1775,17.146308,79.575342,Suryapet,Suryapet,,,Telangana Gw,Telangana,,58,2007-05-01 00:00:00,2023-07-25 12:00:00,2.8168965517241378,2.160002604690236,0.85,12.05,16.2,29.0,6.8,38.3,32.8,179.0,177.0,40.0,Cropland
TSGWD_1776,17.228555,79.575112,Suryapet,Suryapet,,,Telangana Gw,Telangana,,57,2007-05-01 00:00:00,2023-07-25 12:00:00,15.800701754385964,3.00174583703808,8.86,19.93,16.2,27.5,6.8,38.2,34.3,172.0,208.0,40.0,Cropland
TSGWD_1777,17.381962,79.609174,Suryapet,Suryapet,,,Telangana Gw,Telangana,,58,2007-05-01 00:00:00,2023-07-25 12:00:00,7.489827586206896,2.0447841145253265,3.68,19.85,16.2,29.5,6.9,37.0,33.5,163.0,203.0,40.0,Cropland
TSGWD_1778,17.47138889,79.62833333,Suryapet,Suryapet,Thungathurthi,Ravulapally,Telangana Gw,Telangana,,58,2007-05-01 00:00:00,2023-07-25 12:00:00,12.260172413793104,3.742567601320479,0.89,17.42,16.2,30.4,7.1,35.6,34.0,333.0,229.0,40.0,Cropland
TSGWD_1779,17.39861111,79.59111111,Suryapet,Suryapet,Thungathurthi,Thungathurthi,Telangana Gw,Telangana,,154,2007-05-01 00:00:00,2023-07-25 12:00:00,3.857597402597403,2.174255504823351,0.54,20.28,16.2,29.4,6.9,38.0,32.6,169.0,210.0,40.0,Cropland
TSGWD_1780,17.508166,79.542476,Suryapet,Suryapet,,,Telangana Gw,Telangana,,58,2007-05-01 00:00:00,2023-07-25 12:00:00,21.205172413793104,8.81043943014241,1.83,35.1,16.2,29.9,6.9,36.0,34.0,305.0,238.0,40.0,Cropland
TSGWD_1781,17.270143,79.802428,Suryapet,Suryapet,,,Telangana Gw,Telangana,,1,2007-05-01 00:00:00,2019-09-01 00:00:00,10.8,,10.8,10.8,12.3,29.8,7.0,38.9,31.3,325.0,156.0,40.0,Cropland
TSGWD_1782,17.40315,79.701663,Suryapet,Suryapet,,,Telangana Gw,Telangana,,87,2007-05-01 00:00:00,2019-09-01 00:00:00,9.32264367816092,2.961647663579567,1.74,14.92,12.3,29.7,6.8,36.5,33.8,177.0,197.0,40.0,Cropland
TSGWD_1783,16.881077,79.721717,Suryapet,Suryapet,,,Telangana Gw,Telangana,,100,2007-05-01 00:00:00,2019-09-01 00:00:00,2.32129,1.4539027053646565,0.45,9.81,12.3,27.9,6.8,42.7,29.4,290.0,131.0,40.0,Cropland
TSGWD_1784,17.445,77.696,Vikarabad,Vikarabad,,,Telangana Gw,Telangana,,152,2007-05-01 00:00:00,2023-07-25 12:00:00,19.03802631578948,13.621102056894516,1.1,49.59,16.2,30.7,6.7,43.0,26.3,159.0,618.0,40.0,Cropland
TSGWD_1785,17.211,77.444,Vikarabad,Vikarabad,,,Telangana Gw,Telangana,,152,2007-05-01 00:00:00,2023-07-25 12:00:00,11.910986842105263,4.76043861853982,0.87,42.32,16.2,36.3,7.1,38.2,25.5,158.0,437.0,40.0,Cropland
TSGWD_1786,17.164004,77.719418,Vikarabad,Vikarabad,,,Telangana Gw,Telangana,,151,2007-05-01 00:00:00,2023-07-25 12:00:00,14.957814569536424,6.7295650076400175,5.35,32.24,16.2,37.1,6.8,32.8,30.1,141.0,482.0,40.0,Cropland
TSGWD_1787,17.219275,77.773446,Vikarabad,Vikarabad,,,Telangana Gw,Telangana,,55,2007-05-01 00:00:00,2023-07-25 12:00:00,8.34890909090909,2.681951108958132,3.1,17.31,16.2,32.5,6.7,37.9,29.7,172.0,517.0,40.0,Cropland
TSGWD_1788,17.303,77.774,Vikarabad,Vikarabad,,,Telangana Gw,Telangana,,152,2007-05-01 00:00:00,2023-07-25 12:00:00,9.455855263157895,2.3944415334391045,4.62,22.53,16.2,31.7,7.0,38.9,29.4,128.0,534.0,40.0,Cropland
TSGWD_1789,17.088,77.836,Vikarabad,Vikarabad,,,Telangana Gw,Telangana,,23,2007-05-01 00:00:00,2023-07-25 12:00:00,18.82391304347826,4.300380257108809,12.06,26.4,16.2,26.5,6.7,42.8,30.7,184.0,574.0,40.0,Cropland
TSGWD_1790,16.99833333,77.54138889,Vikarabad,Vikarabad,Doulathabad,Doulathabad,Telangana Gw,Telangana,,151,2007-05-01 00:00:00,2023-07-25 12:00:00,10.40323178807947,3.12719560084049,3.4,15.24,16.2,27.1,6.9,40.8,32.1,201.0,561.0,40.0,Cropland
TSGWD_1791,17.0992,77.6011,Vikarabad,Vikarabad,,,Telangana Gw,Telangana,,151,2007-05-01 00:00:00,2023-07-25 12:00:00,11.830039735099335,5.035305886611452,0.31,29.74,16.2,29.6,7.0,40.8,29.6,150.0,575.0,40.0,Cropland
TSGWD_1792,17.017,77.876,Vikarabad,Vikarabad,,,Telangana Gw,Telangana,,153,2007-05-01 00:00:00,2023-07-25 12:00:00,10.255359477124182,3.2022272319318685,3.54,17.3,16.2,26.7,6.6,42.9,30.4,187.0,586.0,40.0,Cropland
TSGWD_1793,17.52888889,77.77111111,Vikarabad,Vikarabad,Marpalli,Marpalli,Telangana Gw,Telangana,,152,2007-05-01 00:00:00,2023-07-25 12:00:00,20.381907894736845,3.559035834454415,10.52,29.15,16.2,27.8,7.0,44.0,28.2,154.0,635.0,40.0,Cropland
TSGWD_1794,17.518,77.891,Vikarabad,Vikarabad,,,Telangana Gw,Telangana,,152,2007-05-01 00:00:00,2023-07-25 12:00:00,6.968947368421053,1.983714876801442,0.62,10.19,16.2,31.5,6.9,41.3,27.2,152.0,596.0,40.0,Cropland
TSGWD_1795,17.445,77.983,Vikarabad,Vikarabad,,,Telangana Gw,Telangana,,152,2007-05-01 00:00:00,2023-07-25 12:00:00,8.543355263157894,3.764910831389834,0.7,14.48,16.2,30.9,6.8,42.2,26.8,159.0,639.0,40.0,Cropland
TSGWD_1796,17.18,77.88,Vikarabad,Vikarabad,,,Telangana Gw,Telangana,,130,2007-05-01 00:00:00,2023-07-25 12:00:00,20.755384615384614,4.622457508384013,9.3,31.24,16.2,,,,,,587.0,40.0,Cropland
TSGWD_1797,17.33,77.66,Vikarabad,Vikarabad,,,Telangana Gw,Telangana,,23,2007-05-01 00:00:00,2023-07-25 12:00:00,22.52130434782609,6.394547609521317,9.93,28.21,16.2,35.8,6.9,36.2,28.0,146.0,487.0,40.0,Cropland
TSGWD_1798,17.22805556,77.975,Vikarabad,Vikarabad,Pudur,Pedda Umintyal,Telangana Gw,Telangana,,130,2007-05-01 00:00:00,2023-07-25 12:00:00,6.994769230769231,2.251922938973916,0.4,10.05,16.2,28.8,6.7,42.4,28.8,163.0,661.0,40.0,Cropland
TSGWD_1799,17.264,77.957,Vikarabad,Vikarabad,,,Telangana Gw,Telangana,,152,2007-05-01 00:00:00,2023-07-25 12:00:00,9.909144736842103,3.463308326108717,2.75,19.18,16.2,,,,,,689.0,40.0,Cropland
TSGWD_1800,17.133,77.511,Vikarabad,Vikarabad,,,Telangana Gw,Telangana,,142,2007-05-01 00:00:00,2023-07-25 12:00:00,8.097042253521126,3.8881591094775594,1.05,22.71,16.2,30.2,6.8,39.9,30.0,159.0,580.0,40.0,Cropland
TSGWD_1801,17.33,77.5,Vikarabad,Vikarabad,,,Telangana Gw,Telangana,,124,2007-05-01 00:00:00,2023-07-25 12:00:00,6.845645161290323,3.940355982831984,0.18,19.43,16.2,36.9,7.0,35.2,27.9,128.0,470.0,40.0,Cropland
TSGWD_1802,17.251,77.591,Vikarabad,Vikarabad,,,Telangana Gw,Telangana,,153,2007-05-01 00:00:00,2023-07-25 12:00:00,5.665359477124182,2.164678785622949,0.52,10.76,16.2,,,,,,459.0,40.0,Cropland
TSGWD_1803,17.321,77.914,Vikarabad,Vikarabad,,,Telangana Gw,Telangana,,152,2007-05-01 00:00:00,2023-07-25 12:00:00,15.856710526315789,4.669465953030493,1.18,25.35,16.2,30.0,6.9,41.0,29.0,127.0,645.0,40.0,Cropland
TSGWD_1804,17.2,77.64,Vikarabad,Vikarabad,,,Telangana Gw,Telangana,,153,2007-05-01 00:00:00,2023-07-25 12:00:00,16.311045751633987,2.7326303511545262,7.71,20.85,16.2,34.4,7.1,32.9,32.7,136.0,472.0,40.0,Cropland
TSGWD_1805,17.133,77.511,Vikarabad,Vikarabad,,,Telangana Gw,Telangana,,25,2007-05-01 00:00:00,2023-07-25 12:00:00,13.3364,7.453975941290212,4.97,26.95,16.2,30.2,6.8,39.9,30.0,159.0,580.0,40.0,Cropland
TSGWD_1806,17.429,77.967,Vikarabad,Vikarabad,,,Telangana Gw,Telangana,,26,2007-05-01 00:00:00,2019-09-01 00:00:00,7.725384615384616,4.214889066885847,1.4,14.7,12.3,32.2,6.9,39.5,28.3,145.0,648.0,40.0,Cropland
TSGWD_1807,16.349,77.781,Wanaparthy,Wanaparthy,,,Telangana Gw,Telangana,,58,2007-05-01 00:00:00,2023-07-25 12:00:00,2.555344827586207,2.305556381849088,0.3,9.9,16.2,32.9,6.8,33.3,33.8,144.0,333.0,40.0,Cropland
TSGWD_1808,16.33694444,77.80611111,Wanaparthy,Wanaparthy,Atmakuru,Atmakuru,Telangana Gw,Telangana,,152,2007-05-01 00:00:00,2023-07-25 12:00:00,6.859210526315789,2.117800472849691,0.3,12.1,16.2,,,,,,332.0,40.0,Cropland
TSGWD_1809,16.56305556,78.04638889,Wanaparthy,Wanaparthy,Ghanpur,Ghanapur,Telangana Gw,Telangana,,152,2007-05-01 00:00:00,2023-07-25 12:00:00,9.185506578947368,1.153708526532954,3.62,12.2,16.2,29.4,6.6,40.0,30.6,129.0,422.0,40.0,Cropland
TSGWD_1810,16.6063,78.0218,Wanaparthy,Wanaparthy,,,Telangana Gw,Telangana,,58,2007-05-01 00:00:00,2023-07-25 12:00:00,2.376551724137931,1.89553172813472,0.35,13.21,16.2,31.8,7.0,35.5,32.7,131.0,406.0,40.0,Cropland
TSGWD_1811,16.37861111,78.13472222,Wanaparthy,Wanaparthy,Gopalpet,Gopalpet,Telangana Gw,Telangana,,152,2007-05-01 00:00:00,2023-07-25 12:00:00,7.589276315789474,2.100700955853881,3.0,14.39,16.2,32.5,6.7,36.9,30.6,343.0,438.0,40.0,Cropland
TSGWD_1812,16.357,78.176,Wanaparthy,Wanaparthy,,,Telangana Gw,Telangana,,58,2007-05-01 00:00:00,2023-07-25 12:00:00,9.001724137931035,4.3229839182736685,0.9,16.57,16.2,30.2,6.6,39.9,29.8,313.0,436.0,40.0,Cropland
TSGWD_1813,16.388259,77.960249,Wanaparthy,Wanaparthy,,,Telangana Gw,Telangana,,152,2007-05-01 00:00:00,2023-07-25 12:00:00,20.036296052631577,4.566395909304632,9.1,27.63,16.2,,,,,,350.0,40.0,Cropland
TSGWD_1814,16.3776,77.8729,Wanaparthy,Wanaparthy,,,Telangana Gw,Telangana,,151,2007-05-01 00:00:00,2023-07-25 12:00:00,7.459470198675497,1.905503883693924,2.54,12.45,16.2,28.1,7.0,37.9,34.0,186.0,323.0,40.0,Cropland
TSGWD_1815,16.24721,78.104481,Wanaparthy,Wanaparthy,,,Telangana Gw,Telangana,,152,2007-05-01 00:00:00,2023-07-25 12:00:00,13.26841447368421,5.715183769207739,2.29,26.77,16.2,31.7,6.8,38.9,29.5,299.0,361.0,40.0,Cropland
TSGWD_1816,16.1156,78.0236,Wanaparthy,Wanaparthy,,,Telangana Gw,Telangana,,153,2007-05-01 00:00:00,2023-07-25 12:00:00,3.1116339869281044,1.3481197713054496,0.61,6.64,16.2,38.4,7.1,29.9,31.7,156.0,281.0,40.0,Cropland
TSGWD_1817,16.4306,78.0251,Wanaparthy,Wanaparthy,,,Telangana Gw,Telangana,,152,2007-05-01 00:00:00,2023-07-25 12:00:00,10.49032894736842,2.1628251140252845,3.45,15.49,16.2,32.3,6.8,34.4,33.3,383.0,382.0,40.0,Cropland
TSGWD_1818,16.139975,78.157512,Wanaparthy,Wanaparthy,,,Telangana Gw,Telangana,,57,2007-05-01 00:00:00,2023-07-25 12:00:00,5.709649122807018,2.540029502719745,1.6,11.8,16.2,33.4,7.0,30.7,35.9,166.0,333.0,40.0,Cropland
TSGWD_1819,18.06861111,79.73805556,Warangal Rural,Warangal Rural,Atmakur,Atmakur,Telangana Gw,Telangana,,154,2007-05-01 00:00:00,2023-07-25 12:00:00,4.579285714285715,1.5899554427689673,1.1,12.58,16.2,33.2,6.9,33.9,32.8,160.0,237.0,40.0,Cropland
TSGWD_1820,17.883,79.8722,Warangal Rural,Warangal Rural,,,Telangana Gw,Telangana,,154,2007-05-01 00:00:00,2023-07-25 12:00:00,4.106233766233767,2.146466340038377,0.47,9.14,16.2,27.2,6.7,36.2,36.6,314.0,238.0,40.0,Cropland
TSGWD_1821,18.0553,79.6414,Warangal Rural,Warangal Rural,,,Telangana Gw,Telangana,,54,2007-05-01 00:00:00,2023-07-25 12:00:00,10.182777777777778,3.501278697236664,1.2,16.88,16.2,31.3,7.1,33.8,34.9,151.0,266.0,40.0,Cropland
TSGWD_1822,18.01944444,79.80777778,Warangal Rural,Warangal Rural,Duggondi,Duggondi,Telangana Gw,Telangana,,154,2007-05-01 00:00:00,2023-07-25 12:00:00,6.134740259740259,2.355388814621009,0.78,10.98,16.2,29.2,6.7,35.5,35.3,348.0,246.0,40.0,Cropland
TSGWD_1823,17.963,79.6991,Warangal Rural,Warangal Rural,,,Telangana Gw,Telangana,,154,2007-05-01 00:00:00,2023-07-25 12:00:00,7.56935064935065,2.358681274222016,0.9,13.1,16.2,32.1,6.8,32.8,35.1,134.0,267.0,40.0,Cropland
TSGWD_1824,17.9475,79.6897,Warangal Rural,Warangal Rural,,,Telangana Gw,Telangana,,55,2007-05-01 00:00:00,2023-07-25 12:00:00,10.593636363636364,1.7900386542860978,4.65,12.95,16.2,33.3,6.8,34.7,32.0,162.0,273.0,40.0,Cropland
TSGWD_1825,17.8988,79.93,Warangal Rural,Warangal Rural,,,Telangana Gw,Telangana,,154,2007-05-01 00:00:00,2023-07-25 12:00:00,3.534935064935065,1.4504537251590528,0.38,7.45,16.2,27.9,6.8,38.0,34.1,344.0,244.0,40.0,Cropland
TSGWD_1826,18.008,79.8875,Warangal Rural,Warangal Rural,,,Telangana Gw,Telangana,,154,2007-05-01 00:00:00,2023-07-25 12:00:00,6.882857142857144,1.7513974679008653,1.92,10.4,16.2,27.6,6.7,35.9,36.5,357.0,255.0,40.0,Cropland
TSGWD_1827,17.92277778,79.8875,Warangal Rural,Chennaraopet,Chennaraopet,Narsampet,Telangana Gw,Telangana,,154,2007-05-01 00:00:00,2023-07-25 12:00:00,5.162207792207792,2.015931399507579,0.86,12.82,16.2,,,,,,243.0,40.0,Cropland
TSGWD_1828,17.8081,79.8003,Warangal Rural,Warangal Rural,,,Telangana Gw,Telangana,,154,2007-05-01 00:00:00,2023-07-25 12:00:00,4.32551948051948,1.6424523519348129,0.15,7.68,16.2,27.9,6.8,37.6,34.5,184.0,224.0,40.0,Cropland
TSGWD_1829,17.7591,79.8861,Warangal Rural,Warangal Rural,,,Telangana Gw,Telangana,,54,2007-05-01 00:00:00,2023-07-25 12:00:00,5.601111111111111,1.5784667347474903,1.24,8.14,16.2,29.1,6.7,35.3,35.6,181.0,222.0,40.0,Cropland
TSGWD_1830,18.233188,79.608064,Warangal Rural,Warangal Rural,,,Telangana Gw,Telangana,,55,2007-05-01 00:00:00,2023-07-25 12:00:00,13.88,2.2889970308865424,7.2,21.66,16.2,31.7,7.1,32.1,36.2,154.0,209.0,40.0,Cropland
TSGWD_1831,18.193,79.6416,Warangal Rural,Warangal Rural,,,Telangana Gw,Telangana,,55,2007-05-01 00:00:00,2023-07-25 12:00:00,4.100545454545455,2.0463331416461314,1.26,7.87,16.2,32.1,7.0,30.6,37.3,171.0,230.0,40.0,Cropland
TSGWD_1832,18.20166667,79.6375,Warangal Rural,Parkal,Parkal,Parkal,Telangana Gw,Telangana,,154,2007-05-01 00:00:00,2023-07-25 12:00:00,5.235974025974026,1.9457520412058908,0.83,9.05,16.2,33.1,7.0,29.5,37.4,163.0,226.0,40.0,Cropland
TSGWD_1833,17.6822,79.7157,Warangal Rural,Warangal Rural,,,Telangana Gw,Telangana,,55,2007-05-01 00:00:00,2023-07-25 12:00:00,11.730545454545451,3.733900957930776,2.9,16.7,16.2,28.9,6.9,34.2,36.9,159.0,214.0,40.0,Cropland
TSGWD_1834,17.744466,79.723991,Warangal Rural,Warangal Rural,,,Telangana Gw,Telangana,,154,2007-05-01 00:00:00,2023-07-25 12:00:00,13.753376623376624,3.621865012801171,5.81,20.62,16.2,28.4,6.8,33.3,38.3,147.0,236.0,40.0,Cropland
TSGWD_1835,17.7072,79.6077,Warangal Rural,Warangal Rural,,,Telangana Gw,Telangana,,54,2007-05-01 00:00:00,2023-07-25 12:00:00,15.05537037037037,6.652150372414828,3.57,31.43,16.2,30.5,6.9,38.7,30.8,146.0,248.0,40.0,Cropland
TSGWD_1836,17.69416667,79.54722222,Warangal Rural,Raiparthy,Raiparthy,Rayaparthy,Telangana Gw,Telangana,,154,2007-05-01 00:00:00,2023-07-25 12:00:00,8.243571428571428,3.1492353421049133,1.14,14.69,16.2,,,,,,261.0,40.0,Cropland
TSGWD_1837,17.88444444,79.71138889,Warangal Rural,Sangam,Sangam,Sangem,Telangana Gw,Telangana,,154,2007-05-01 00:00:00,2023-07-25 12:00:00,3.881428571428572,2.6946202585896724,1.54,20.04,16.2,33.2,6.9,33.6,33.2,353.0,259.0,40.0,Cropland
TSGWD_1838,17.8347,79.7061,Warangal Rural,Warangal Rural,,,Telangana Gw,Telangana,,55,2007-05-01 00:00:00,2023-07-25 12:00:00,15.605636363636362,4.820246944510271,3.15,24.3,16.2,31.3,6.8,36.6,32.1,142.0,266.0,40.0,Cropland
TSGWD_1839,17.773,79.5794,Warangal Rural,Warangal Rural,,,Telangana Gw,Telangana,,154,2007-05-01 00:00:00,2023-07-25 12:00:00,7.966168831168831,2.2050160279979907,2.7,17.52,16.2,30.6,6.8,39.2,30.2,185.0,258.0,40.0,Cropland
TSGWD_1840,18.1194,79.7555,Warangal Rural,Warangal Rural,,,Telangana Gw,Telangana,,55,2007-05-01 00:00:00,2023-07-25 12:00:00,7.474727272727273,2.706395617617136,0.3,12.57,16.2,31.6,6.9,33.3,35.1,180.0,227.0,40.0,Cropland
TSGWD_1841,18.0881,79.3274,Warangal Urban,Warangal Urban,,,Telangana Gw,Telangana,,58,2007-05-01 00:00:00,2023-07-25 12:00:00,7.735,4.098045854375156,0.25,18.95,16.2,33.9,6.9,38.5,27.6,158.0,327.0,40.0,Cropland
TSGWD_1842,18.0823,79.3883,Warangal Urban,Warangal Urban,,,Telangana Gw,Telangana,,58,2007-05-01 00:00:00,2023-07-25 12:00:00,12.198275862068966,4.375703707989024,0.64,24.9,16.2,33.2,6.9,38.1,28.7,155.0,305.0,40.0,Cropland
TSGWD_1843,18.133888,79.345,Warangal Urban,Warangal Urban,,,Telangana Gw,Telangana,,152,2007-05-01 00:00:00,2023-07-25 12:00:00,10.906381578947368,4.069882363098439,0.17,16.98,16.2,36.0,7.0,36.9,27.1,142.0,304.0,40.0,Cropland
TSGWD_1844,17.89333333,79.45611111,Warangal Urban,Dharamsagar,Dharamsagar,Dharampuri,Telangana Gw,Telangana,,46,2007-05-01 00:00:00,2023-07-25 12:00:00,8.583478260869565,2.815680077621906,2.57,15.02,16.2,30.8,7.0,40.6,28.6,165.0,305.0,40.0,Cropland
TSGWD_1845,17.99055556,79.37694444,Warangal Rural,Dharmasagar,Dharmasagar,Narayanagiri,Telangana Gw,Telangana,,153,2007-05-01 00:00:00,2023-07-25 12:00:00,7.304444444444444,3.1652658258885635,0.95,13.36,16.2,33.1,7.0,40.6,26.4,161.0,329.0,40.0,Cropland
TSGWD_1846,18.0144,79.3383,Warangal Urban,Warangal Urban,,,Telangana Gw,Telangana,,46,2007-05-01 00:00:00,2023-07-25 12:00:00,5.9750000000000005,3.4150755644803983,0.22,11.24,16.2,36.3,7.0,34.2,29.5,355.0,348.0,40.0,Cropland
TSGWD_1847,18.093709,79.441014,Warangal Urban,Warangal Urban,,,Telangana Gw,Telangana,,58,2007-05-01 00:00:00,2023-07-25 12:00:00,11.344482758620687,0.9302313849371462,8.2,13.0,16.2,33.7,6.9,37.7,28.6,154.0,272.0,40.0,Cropland
TSGWD_1848,18.00083333,79.55777778,Warangal Rural,Hanmakonda,Hanmakonda,Hanamkonda,Telangana Gw,Telangana,,154,2007-05-01 00:00:00,2023-07-25 12:00:00,10.38025974025974,3.4901635724073747,0.84,18.35,16.2,,,,,,268.0,40.0,Cropland
TSGWD_1849,17.9069,79.5969,Warangal Urban,Warangal Urban,,,Telangana Gw,Telangana,,154,2007-05-01 00:00:00,2023-07-25 12:00:00,6.909805194805194,3.077586795636919,0.83,14.45,16.2,31.9,6.9,39.6,28.6,187.0,288.0,40.0,Cropland
TSGWD_1850,18.0775,79.51527778,Warangal Rural,Hasan Parthi,Hasan Parthi,Seetampet,Telangana Gw,Telangana,,154,2007-05-01 00:00:00,2023-07-25 12:00:00,6.454090909090909,3.0437055189027693,1.2,14.72,16.2,35.1,7.0,35.0,29.9,161.0,252.0,40.0,Cropland
TSGWD_1851,17.8478,79.6147,Warangal Urban,Warangal Urban,,,Telangana Gw,Telangana,,44,2007-05-01 00:00:00,2023-07-25 12:00:00,11.278636363636364,2.2157004151756907,3.75,19.1,16.2,32.9,6.8,38.9,28.2,151.0,266.0,40.0,Cropland
TSGWD_1852,17.8683,79.5858,Warangal Urban,Warangal Urban,,,Telangana Gw,Telangana,,44,2007-05-01 00:00:00,2023-07-25 12:00:00,6.527272727272727,3.292197515646593,1.96,14.2,16.2,32.8,6.9,38.0,29.1,146.0,277.0,40.0,Cropland
TSGWD_1853,18.184083,79.597194,Warangal Urban,Warangal Urban,,,Telangana Gw,Telangana,,58,2007-05-01 00:00:00,2023-07-25 12:00:00,5.631034482758621,2.944707229158231,0.94,10.6,16.2,31.6,7.0,32.8,35.6,167.0,226.0,40.0,Cropland
TSGWD_1854,18.1794,79.5242,Warangal Urban,Warangal Urban,,,Telangana Gw,Telangana,,152,2007-05-01 00:00:00,2020-01-22 00:00:00,4.520657894736842,2.914240366768242,0.5,14.93,12.7,,,,,,245.0,40.0,Cropland
TSGWD_1855,17.9819,79.607,Warangal Urban,Warangal Urban,,,Telangana Gw,Telangana,,154,2007-05-01 00:00:00,2023-07-25 12:00:00,5.029025974025974,2.271595209694403,1.37,11.34,16.2,,,,,,271.0,40.0,Cropland
TSGWD_1856,17.69706,79.019595,Yadadri,Yadadri,,,Telangana Gw,Telangana,,56,2007-05-01 00:00:00,2020-01-22 00:00:00,20.068571428571428,2.7643361383367044,13.54,23.26,12.7,38.8,7.0,35.9,25.3,166.0,390.0,40.0,Cropland
TSGWD_1857,17.6175,79.11861111,Nalgonda,Alair,Alair,Shahrajipet,Telangana Gw,Telangana,,56,2007-05-01 00:00:00,2020-01-22 00:00:00,15.142589285714283,3.2119949891095607,5.835,20.9,12.7,36.3,6.9,36.9,26.8,145.0,347.0,40.0,Cropland
TSGWD_1859,17.476553,79.074937,Yadadri,Yadadri,,,Telangana Gw,Telangana,,56,2007-05-01 00:00:00,2020-01-22 00:00:00,16.484642857142855,4.250822365051354,1.94,24.25,12.7,36.8,7.1,36.6,26.6,158.0,335.0,40.0,Cropland
TSGWD_1860,17.336196,78.810768,Yadadri,Yadadri,,,Telangana Gw,Telangana,,153,2007-05-01 00:00:00,2020-01-22 00:00:00,7.736209150326798,1.7536675878284154,2.92,21.28,12.7,33.8,7.1,40.4,25.7,143.0,387.0,40.0,Cropland
TSGWD_1861,17.48472222,78.90694444,Nalgonda,Bhongir,Bhongir,Bhongir,Telangana Gw,Telangana,,56,2007-05-01 00:00:00,2020-01-22 00:00:00,8.1275,4.30945651498486,2.06,18.17,12.7,33.3,6.7,41.6,25.1,143.0,413.0,40.0,Cropland
TSGWD_1862,17.499212,78.97936,Yadadri,Yadadri,,,Telangana Gw,Telangana,,42,2007-05-01 00:00:00,2020-01-22 00:00:00,18.78142857142857,4.083529422393576,8.71,26.7,12.7,33.7,7.0,41.2,25.1,147.0,372.0,40.0,Cropland
TSGWD_1863,17.436592,78.927323,Yadadri,Yadadri,,,Telangana Gw,Telangana,,56,2007-05-01 00:00:00,2020-01-22 00:00:00,14.345892857142855,10.856483237182324,2.88,39.26,12.7,34.2,7.0,40.5,25.2,150.0,366.0,40.0,Cropland
TSGWD_1864,17.46027778,78.80166667,Nalgonda,Bibinagar,Bibinagar,Bibinagar,Telangana Gw,Telangana,,139,2007-05-01 00:00:00,2020-01-22 00:00:00,11.529661870503595,4.858364662768136,1.68,23.72,12.7,31.9,7.0,42.1,26.1,150.0,433.0,40.0,Cropland
TSGWD_1865,17.401953,78.767944,Yadadri,Yadadri,,,Telangana Gw,Telangana,,7,2007-05-01 00:00:00,2020-01-22 00:00:00,5.234285714285714,0.8914381104495727,3.43,6.18,12.7,34.0,6.9,40.6,25.4,200.0,402.0,40.0,Cropland
TSGWD_1866,17.25833333,78.80333333,Nalgonda,Choutuppal,Choutuppal,D.Malkapur,Telangana Gw,Telangana,,56,2007-05-01 00:00:00,2020-01-22 00:00:00,4.886071428571428,1.88576743825129,1.04,11.18,12.7,30.8,6.8,44.5,24.7,170.0,474.0,40.0,Cropland
TSGWD_1867,17.651268,78.754263,Yadadri,Yadadri,,,Telangana Gw,Telangana,,56,2007-05-01 00:00:00,2020-01-22 00:00:00,7.555178571428571,4.160712347694773,0.69,16.7,12.7,29.2,6.5,51.6,19.2,151.0,585.0,40.0,Cropland
TSGWD_1868,17.40375,79.339638,Yadadri,Yadadri,,,Telangana Gw,Telangana,,152,2007-05-01 00:00:00,2020-01-22 00:00:00,7.728276315789475,2.126208689979097,1.26,12.24,12.7,34.1,7.0,36.5,29.4,141.0,261.0,40.0,Cropland
TSGWD_1869,17.447357,79.262826,Yadadri,Yadadri,,,Telangana Gw,Telangana,,56,2007-05-01 00:00:00,2020-01-22 00:00:00,12.358571428571429,2.823887345532704,4.61,17.14,12.7,36.7,6.9,34.4,28.9,149.0,284.0,40.0,Cropland
TSGWD_1870,17.39416667,79.19277778,Nalgonda,Atmakur(M),Atmakur(M),Paldugu,Telangana Gw,Telangana,,56,2007-05-01 00:00:00,2020-01-22 00:00:00,7.440535714285715,3.058006135699211,0.9,19.93,12.7,36.2,7.0,35.7,28.0,147.0,286.0,40.0,Cropland
TSGWD_1871,17.378081,79.280102,Yadadri,Yadadri,,,Telangana Gw,Telangana,,56,2007-05-01 00:00:00,2020-01-22 00:00:00,13.929642857142856,3.570885280754856,3.88,18.75,12.7,36.6,6.9,34.9,28.5,281.0,260.0,40.0,Cropland
TSGWD_1872,17.76833333,78.96638889,Nalgonda,Rajapet,Rajapet,Bondugula,Telangana Gw,Telangana,,56,2007-05-01 00:00:00,2020-01-22 00:00:00,11.333392857142856,2.3904805730500858,6.16,17.0,12.7,34.6,7.0,37.9,27.5,330.0,464.0,40.0,Cropland
TSGWD_1873,17.77549,78.929866,Yadadri,Yadadri,,,Telangana Gw,Telangana,,26,2007-05-01 00:00:00,2020-01-22 00:00:00,15.335384615384614,2.318689683022255,10.25,18.56,12.7,36.3,7.1,40.4,23.3,152.0,478.0,40.0,Cropland
TSGWD_1874,17.679134,78.94736,Yadadri,Yadadri,,,Telangana Gw,Telangana,,56,2007-05-01 00:00:00,2020-01-22 00:00:00,18.97625,3.9004025724625824,5.58,24.01,12.7,35.1,7.0,37.3,27.6,159.0,427.0,40.0,Cropland
TSGWD_1875,17.729431,78.932968,Yadadri,Yadadri,,,Telangana Gw,Telangana,,51,2007-05-01 00:00:00,2020-01-22 00:00:00,11.553333333333336,2.153398863811967,5.76,15.38,12.7,36.3,7.0,36.6,27.1,151.0,445.0,40.0,Cropland
TSGWD_1876,17.725671,78.991785,Yadadri,Yadadri,,,Telangana Gw,Telangana,,56,2007-05-01 00:00:00,2020-01-22 00:00:00,19.763035714285717,3.580867299535564,1.68,24.1,12.7,38.1,7.1,34.8,27.1,182.0,412.0,40.0,Cropland
TSGWD_1877,17.283121,79.095091,Yadadri,Yadadri,,,Telangana Gw,Telangana,,97,2007-05-01 00:00:00,2020-01-22 00:00:00,9.406082474226803,3.373070299167681,3.55,17.95,12.7,30.7,6.9,40.9,28.5,157.0,311.0,40.0,Cropland
TSGWD_1878,17.29388889,79.03083333,Nalgonda,Ramannapet,Ramannapet,Vellanki,Telangana Gw,Telangana,,55,2007-05-01 00:00:00,2020-01-22 00:00:00,20.545272727272728,2.4191893764352628,14.72,24.08,12.7,36.8,7.1,35.4,27.8,159.0,331.0,40.0,Cropland
TSGWD_1879,17.31805556,79.20277778,Nalgonda,Ramannapet,Ramannapet,Ennaram Ew Aq I I,Telangana Gw,Telangana,,55,2007-05-01 00:00:00,2020-01-22 00:00:00,4.439090909090909,1.340423195649174,0.99,6.85,12.7,32.2,6.9,39.0,28.8,151.0,279.0,40.0,Cropland
TSGWD_1880,17.144719,78.86001,Yadadri,Yadadri,,,Telangana Gw,Telangana,,153,2007-05-01 00:00:00,2020-01-22 00:00:00,21.379601307189542,4.883897158196555,9.58,27.73,12.7,32.9,6.7,44.0,23.1,196.0,396.0,40.0,Cropland
TSGWD_1881,17.733101,78.853831,Yadadri,Yadadri,,,Telangana Gw,Telangana,,56,2007-05-01 00:00:00,2020-01-22 00:00:00,11.156785714285714,5.346485373042356,3.31,26.57,12.7,35.1,6.9,42.2,22.7,149.0,491.0,40.0,Cropland
TSGWD_1882,17.386758,79.10801,Yadadri,Yadadri,,,Telangana Gw,Telangana,,56,2007-05-01 00:00:00,2020-01-22 00:00:00,4.026071428571429,4.84772961988728,1.1,20.24,12.7,32.3,6.9,41.7,26.0,384.0,307.0,40.0,Cropland
TSGWD_1883,17.39972222,78.95222222,Nalgonda,Valigonda,Valigonda,T.Somaram,Telangana Gw,Telangana,,56,2007-05-01 00:00:00,2020-01-22 00:00:00,21.49267857142857,3.8568892274716697,9.84,25.07,12.7,35.3,6.9,38.1,26.6,156.0,351.0,40.0,Cropland
TSGWD_1884,17.338506,78.932216,Yadadri,Yadadri,,,Telangana Gw,Telangana,,55,2007-05-01 00:00:00,2020-01-22 00:00:00,11.701818181818185,2.6412154124983545,5.51,16.06,12.7,35.2,7.1,37.6,27.1,165.0,349.0,40.0,Cropland
TSGWD_1885,17.347782,79.143433,Yadadri,Yadadri,,,Telangana Gw,Telangana,,153,2007-05-01 00:00:00,2020-01-22 00:00:00,4.7162549019607845,2.214897709202189,0.74,18.72,12.7,34.7,6.9,39.9,25.5,155.0,283.0,40.0,Cropland
TSGWD_1886,17.63361111,78.91166667,Nalgonda,Yadagirigutta,Yadagirigutta,Mallapuram,Telangana Gw,Telangana,,51,2007-05-01 00:00:00,2020-01-22 00:00:00,19.31490196078431,6.720301592205224,7.54,31.04,12.7,35.3,7.1,40.5,24.3,150.0,453.0,40.0,Cropland
TSGWD_1887,17.552951,79.028519,Yadadri,Yadadri,,,Telangana Gw,Telangana,,56,2007-05-01 00:00:00,2020-01-22 00:00:00,20.249285714285715,3.0922741599863817,3.98,24.11,12.7,39.0,7.0,34.8,26.1,144.0,360.0,40.0,Cropland
TSGWD_3001,17.91,80.51,Bhadradri,Bhadradri,,,Telangana Gw,Telangana,,21,2007-05-01 00:00:00,2023-07-25 12:00:00,5.274761904761904,1.3203772909574714,2.31,6.87,16.2,27.9,6.7,41.6,30.4,195.0,220.0,40.0,Cropland
TSGWD_3002,17.87,80.85,Bhadradri,Bhadradri,,,Telangana Gw,Telangana,,20,2007-05-01 00:00:00,2020-01-22 00:00:00,4.0625,2.1853962063999672,0.5,8.12,12.7,27.8,6.0,33.8,38.4,262.0,63.0,40.0,Cropland
TSGWD_3003,17.866547,80.807296,Bhadradri,Bhadradri,,,Telangana Gw,Telangana,,21,2007-05-01 00:00:00,2023-07-25 12:00:00,5.68047619047619,2.284546948938621,1.55,8.5,16.2,25.5,6.2,40.8,33.6,247.0,100.0,40.0,Cropland
TSGWD_3004,17.24,81.11,Bhadradri,Bhadradri,,,Telangana Gw,Telangana,,19,2007-05-01 00:00:00,2023-07-25 12:00:00,32.393157894736845,1.9887881643284928,25.54,34.5,16.2,26.0,6.4,43.2,30.8,190.0,193.0,40.0,Cropland
TSGWD_3005,17.43,81.09,Bhadradri,Bhadradri,,,Telangana Gw,Telangana,,19,2007-05-01 00:00:00,2023-07-25 12:00:00,6.018947368421053,2.1506223769381587,1.82,8.94,16.2,21.1,6.5,40.3,38.6,165.0,114.0,40.0,Cropland
TSGWD_3006,17.42,81.18,Bhadradri,Bhadradri,,,Telangana Gw,Telangana,,21,2007-05-01 00:00:00,2023-07-25 12:00:00,3.8966666666666665,1.8036666358652127,1.02,7.02,16.2,20.3,6.5,40.6,39.2,163.0,88.0,40.0,Cropland
TSGWD_3007,17.46,81.13,Bhadradri,Bhadradri,,,Telangana Gw,Telangana,,18,2007-05-01 00:00:00,2023-07-25 12:00:00,3.828888888888889,1.9308483014982545,1.2,7.25,16.2,22.9,6.5,38.3,38.8,179.0,100.0,40.0,Cropland
TSGWD_3008,17.34972222,81.12,Bhadradri,Bhadradri,Aswaraopeta,Vinayakapuram,Telangana Gw,Telangana,,21,2007-05-01 00:00:00,2023-07-25 12:00:00,12.32095238095238,2.5340736073798347,7.1,15.6,16.2,21.4,6.4,45.3,33.2,156.0,163.0,40.0,Cropland
TSGWD_3009,17.71,80.81,Bhadradri,Bhadradri,,,Telangana Gw,Telangana,,21,2007-05-01 00:00:00,2023-07-25 12:00:00,6.506190476190476,3.3511527512043915,1.55,11.03,16.2,28.5,6.7,34.4,37.1,183.0,78.0,40.0,Cropland
TSGWD_3010,17.36,80.68,Bhadradri,Bhadradri,,,Telangana Gw,Telangana,,21,2007-05-01 00:00:00,2023-07-25 12:00:00,19.177142857142854,1.7811460997266422,14.25,21.62,16.2,25.9,6.0,43.6,30.5,177.0,169.0,40.0,Cropland
TSGWD_3011,18.06,80.85,Bhadradri,Bhadradri,,,Telangana Gw,Telangana,,21,2007-05-01 00:00:00,2023-07-25 12:00:00,4.058571428571429,1.841375262444583,1.05,7.62,16.2,30.5,6.6,33.6,35.8,187.0,66.0,40.0,Cropland
TSGWD_3012,17.24,81.01,Bhadradri,Bhadradri,Dammapeta,Mandalapalli,Telangana Gw,Telangana,,21,2007-05-01 00:00:00,2023-07-25 12:00:00,29.93952380952381,6.792516084773356,19.58,42.22,16.2,26.9,6.5,41.8,31.4,170.0,199.0,40.0,Cropland
TSGWD_3013,17.35,80.96,Bhadradri,Bhadradri,,,Telangana Gw,Telangana,,21,2007-05-01 00:00:00,2023-07-25 12:00:00,16.885714285714286,2.7118767881829946,12.4,21.45,16.2,25.6,6.6,43.0,31.4,193.0,230.0,40.0,Cropland
TSGWD_3014,17.92,80.92,Bhadradri,Bhadradri,Dummugudem,Bandirevu,Telangana Gw,Telangana,,21,2007-05-01 00:00:00,2023-07-25 12:00:00,4.399047619047619,2.4091033700568034,1.5,8.9,16.2,30.8,6.8,32.2,37.0,183.0,67.0,40.0,Cropland
TSGWD_3015,17.91,80.33,Bhadradri,Bhadradri,,,Telangana Gw,Telangana,,20,2007-05-01 00:00:00,2020-01-22 00:00:00,4.981,1.8291295024798289,1.36,6.85,12.7,27.9,6.6,41.9,30.1,204.0,221.0,40.0,Cropland
TSGWD_3016,17.79,80.42,Bhadradri,Bhadradri,,,Telangana Gw,Telangana,,19,2007-05-01 00:00:00,2020-01-22 00:00:00,1.7299999999999998,0.5446405542496201,0.52,2.95,12.7,28.2,6.7,45.3,26.5,226.0,242.0,40.0,Cropland
TSGWD_3017,17.96,80.35,Bhadradri,Bhadradri,,,Telangana Gw,Telangana,,21,2007-05-01 00:00:00,2023-07-25 12:00:00,4.927142857142857,1.277772056577944,2.36,6.9,16.2,29.9,6.8,40.5,29.6,205.0,231.0,40.0,Cropland
TSGWD_3018,17.81182,80.347351,Bhadradri,Bhadradri,,,Telangana Gw,Telangana,,21,2007-05-01 00:00:00,2023-07-25 12:00:00,5.3185714285714285,2.049344494501317,1.21,8.31,16.2,29.8,6.7,45.0,25.2,180.0,317.0,40.0,Cropland
TSGWD_3019,17.438169,80.520318,Bhadradri,Bhadradri,,,Telangana Gw,Telangana,,21,2007-05-01 00:00:00,2023-07-25 12:00:00,18.022857142857145,4.882560949806098,7.12,26.35,16.2,27.8,6.2,41.2,31.0,550.0,150.0,40.0,Cropland
TSGWD_3020,18.08527778,80.50888889,Bhadradri,Bhadradri,Kalvala Nagaram*,Karakagudem,Telangana Gw,Telangana,,23,2007-05-01 00:00:00,2023-07-25 12:00:00,3.75,1.6663323907203016,1.11,6.95,16.2,26.8,6.6,43.6,29.6,168.0,182.0,40.0,Cropland
TSGWD_3021,17.76,80.6,Bhadradri,Bhadradri,,,Telangana Gw,Telangana,,18,2007-05-01 00:00:00,2020-01-22 00:00:00,3.1016666666666666,2.0676506986830985,0.3,8.52,12.7,26.0,6.6,37.9,36.1,179.0,126.0,40.0,Cropland
TSGWD_3022,17.97,80.73,Bhadradri,Bhadradri,,,Telangana Gw,Telangana,,21,2007-05-01 00:00:00,2023-07-25 12:00:00,4.480952380952381,2.941489256757374,0.3,8.58,16.2,27.4,6.5,38.7,33.9,190.0,96.0,40.0,Cropland
TSGWD_3023,17.47805556,80.84916667,Bhadradri,Bhadradri,Mulakalapalli,Mulakalapalli (S),Telangana Gw,Telangana,,18,2007-05-01 00:00:00,2023-07-25 12:00:00,8.437777777777777,2.513363239016961,4.52,12.01,16.2,27.9,6.2,41.3,30.8,173.0,130.0,40.0,Cropland
TSGWD_3024,17.43,80.86,Bhadradri,Bhadradri,,,Telangana Gw,Telangana,,21,2007-05-01 00:00:00,2023-07-25 12:00:00,6.810952380952381,2.3699217387118607,2.83,11.8,16.2,25.0,6.5,43.3,31.7,175.0,136.0,40.0,Cropland
TSGWD_3025,17.54,80.76,Bhadradri,Bhadradri,,,Telangana Gw,Telangana,,21,2007-05-01 00:00:00,2023-07-25 12:00:00,3.9204761904761902,1.6530168667937912,1.27,7.03,16.2,29.1,6.6,41.2,29.7,169.0,79.0,40.0,Cropland
TSGWD_3026,17.54,80.93,Bhadradri,Bhadradri,Mulakalapalli,Thimmampet,Telangana Gw,Telangana,,21,2007-05-01 00:00:00,2023-07-25 12:00:00,5.462857142857143,1.0770336246243328,2.99,7.03,16.2,26.9,5.9,39.2,34.0,235.0,119.0,40.0,Cropland
TSGWD_3027,17.59,80.84,Bhadradri,Bhadradri,,,Telangana Gw,Telangana,,21,2007-05-01 00:00:00,2023-07-25 12:00:00,7.721904761904762,2.4482251102535875,3.85,12.65,16.2,25.2,6.7,35.7,39.0,170.0,55.0,40.0,Cropland
TSGWD_3028,17.546899,80.691699,Bhadradri,Bhadradri,,,Telangana Gw,Telangana,,21,2007-05-01 00:00:00,2023-07-25 12:00:00,6.0495238095238095,1.861895475558379,3.67,9.68,16.2,27.4,6.5,41.7,30.9,189.0,127.0,40.0,Cropland
TSGWD_3029,17.94972222,80.58,Bhadradri,Bhadradri,Palwancha,Regella,Telangana Gw,Telangana,,18,2007-05-01 00:00:00,2023-07-25 12:00:00,4.337222222222222,1.610158214935471,0.8,6.44,16.2,28.8,6.0,43.6,27.6,286.0,316.0,40.0,Cropland
TSGWD_3030,17.686862,80.675979,Bhadradri,Bhadradri,,,Telangana Gw,Telangana,,21,2007-05-01 00:00:00,2023-07-25 12:00:00,4.429047619047619,1.7205141811734792,1.22,7.1,16.2,26.8,6.4,42.7,30.5,156.0,112.0,40.0,Cropland
TSGWD_3031,18.13,80.65,Bhadradri,Bhadradri,,,Telangana Gw,Telangana,,20,2007-05-01 00:00:00,2020-01-22 00:00:00,6.629,3.0036467309273456,1.2,11.8,12.7,26.3,6.9,34.5,39.1,326.0,75.0,40.0,Cropland
TSGWD_3032,18.04,80.68,Bhadradri,Bhadradri,,,Telangana Gw,Telangana,,21,2007-05-01 00:00:00,2023-07-25 12:00:00,5.004285714285714,1.7686451634756235,2.26,8.17,16.2,26.9,6.7,37.9,35.3,196.0,86.0,40.0,Cropland
TSGWD_3033,17.53,80.59,Bhadradri,Bhadradri,,,Telangana Gw,Telangana,,21,2007-05-01 00:00:00,2023-07-25 12:00:00,10.383333333333336,3.47092254787302,5.26,16.01,16.2,28.4,6.8,38.3,33.3,172.0,120.0,40.0,Cropland
TSGWD_3034,17.56,80.45,Bhadradri,Bhadradri,,,Telangana Gw,Telangana,,21,2007-05-01 00:00:00,2023-07-25 12:00:00,4.761904761904762,2.3561210050581427,1.97,10.21,16.2,25.4,6.6,41.4,33.2,359.0,155.0,40.0,Cropland
TSGWD_3035,17.54,80.5,Bhadradri,Bhadradri,,,Telangana Gw,Telangana,,21,2007-05-01 00:00:00,2023-07-25 12:00:00,5.706666666666667,1.350375256487371,3.19,8.06,16.2,27.7,6.6,38.8,33.5,164.0,129.0,40.0,Cropland
TSGWD_3036,17.71,80.32,Bhadradri,Bhadradri,,,Telangana Gw,Telangana,,21,2007-05-01 00:00:00,2023-07-25 12:00:00,4.717142857142857,2.21262320076678,0.4,8.13,16.2,27.6,6.6,44.5,27.9,183.0,261.0,40.0,Cropland
TSGWD_3037,17.51,80.38,Bhadradri,Bhadradri,,,Telangana Gw,Telangana,,19,2007-05-01 00:00:00,2023-07-25 12:00:00,4.452105263157895,2.5229580939563085,1.46,8.55,16.2,28.1,6.7,40.9,31.0,186.0,194.0,40.0,Cropland
TSGWD_3038,17.65,80.29972222,Bhadradri,Bhadradri,Yellandu,Rompedu,Telangana Gw,Telangana,,21,2007-05-01 00:00:00,2023-07-25 12:00:00,4.945714285714286,2.2285411627981464,1.49,7.84,16.2,26.8,6.6,45.3,27.9,181.0,239.0,40.0,Cropland
TSGWD_3039,17.59,80.35,Bhadradri,Bhadradri,,,Telangana Gw,Telangana,,21,2007-05-01 00:00:00,2023-07-25 12:00:00,4.23952380952381,1.7731877401743903,1.4,7.14,16.2,26.8,6.5,42.4,30.7,183.0,233.0,40.0,Cropland
TSGWD_3040,18.359652,80.440017,Mulugu,Mulugu,,,Telangana Gw,Telangana,,18,2007-05-01 00:00:00,2020-01-22 00:00:00,12.262777777777778,2.075109651406276,8.6,15.1,12.7,28.9,6.8,36.1,35.0,295.0,75.0,40.0,Cropland
TSGWD_3041,18.368545,79.853503,Bhupalpally,Bhupalpally,,,Telangana Gw,Telangana,,19,2007-05-01 00:00:00,2023-07-25 12:00:00,6.293684210526315,2.132932802312648,2.34,11.08,16.2,31.0,6.8,32.2,36.8,169.0,185.0,40.0,Cropland
TSGWD_3042,18.61,79.89,Bhupalpally,Bhupalpally,,,Telangana Gw,Telangana,,19,2007-05-01 00:00:00,2023-07-25 12:00:00,24.984736842105264,4.206891658564621,11.49,31.58,16.2,34.2,6.9,25.8,40.0,289.0,156.0,40.0,Cropland
TSGWD_3043,18.73,79.98,Bhupalpally,Bhupalpally,,,Telangana Gw,Telangana,,19,2007-05-01 00:00:00,2023-07-25 12:00:00,12.504736842105263,1.9686610464448864,6.22,15.79,16.2,32.0,7.1,26.7,41.3,187.0,128.0,40.0,Cropland
TSGWD_3044,18.73,79.98,Bhupalpally,Bhupalpally,,,Telangana Gw,Telangana,,19,2007-05-01 00:00:00,2023-07-25 12:00:00,11.64157894736842,1.5093275292802673,6.74,13.59,16.2,32.0,7.1,26.7,41.3,187.0,128.0,40.0,Cropland
TSGWD_3045,18.183211,79.9083,Mulugu,Mulugu,,,Telangana Gw,Telangana,,18,2007-05-01 00:00:00,2020-01-22 00:00:00,13.760555555555555,8.346509289533046,4.15,28.28,12.7,30.3,6.8,35.2,34.5,155.0,241.0,40.0,Cropland
TSGWD_3046,18.21,80.67,Mulugu,Mulugu,,,Telangana Gw,Telangana,,22,2007-05-01 00:00:00,2020-01-22 00:00:00,8.498181818181818,2.257372337504353,4.68,11.56,12.7,26.6,6.7,39.1,34.3,383.0,90.0,40.0,Cropland
TSGWD_3047,18.14,80.73,Mulugu,Mulugu,,,Telangana Gw,Telangana,,22,2007-05-01 00:00:00,2020-01-22 00:00:00,5.3568181818181815,2.371042339329219,0.72,9.9,12.7,28.4,6.7,35.9,35.7,364.0,78.0,40.0,Cropland
TSGWD_3048,18.34,80.55,Mulugu,Mulugu,,,Telangana Gw,Telangana,,22,2007-05-01 00:00:00,2020-01-22 00:00:00,4.55,1.4224023943415491,2.63,7.8,12.7,24.4,6.6,40.8,34.8,354.0,88.0,40.0,Cropland
TSGWD_3049,18.43,80.51,Mulugu,Mulugu,,,Telangana Gw,Telangana,,22,2007-05-01 00:00:00,2020-01-22 00:00:00,9.617727272727272,2.7134759500687924,3.19,12.86,12.7,26.8,6.6,40.9,32.4,407.0,90.0,40.0,Cropland
TSGWD_3050,18.472823,80.46548,Mulugu,Mulugu,,,Telangana Gw,Telangana,,22,2007-05-01 00:00:00,2020-01-22 00:00:00,8.831818181818182,1.443865962528696,5.87,11.56,12.7,28.0,6.6,41.0,31.0,179.0,83.0,40.0,Cropland
TSGWD_3051,18.53,80.39,Mulugu,Mulugu,,,Telangana Gw,Telangana,,22,2007-05-01 00:00:00,2020-01-22 00:00:00,10.259090909090908,2.790990452442951,3.93,14.16,12.7,30.0,6.7,34.3,35.6,202.0,84.0,40.0,Cropland
TSGWD_3052,18.568202,80.407794,Mulugu,Mulugu,,,Telangana Gw,Telangana,,22,2007-05-01 00:00:00,2020-01-22 00:00:00,10.954545454545457,1.0705794037530612,8.44,12.67,12.7,28.0,6.6,38.4,33.6,375.0,89.0,40.0,Cropland
TSGWD_3053,17.445016,78.45018,Hyderabad,Hyderabad,,,Telangana Gw,Telangana,,0,2007-05-01 00:00:00,2019-09-01 00:00:00,,,,,12.3,,,,,,542.0,50.0,Built_Up
TSGWD_3054,17.452381,78.433853,Hyderabad,Hyderabad,,,Telangana Gw,Telangana,,21,2007-05-01 00:00:00,2019-12-22 00:00:00,16.977142857142855,1.9890981445296836,12.45,19.7,12.6,,,,,,558.0,50.0,Built_Up
TSGWD_3055,17.382154,78.449566,Hyderabad,Hyderabad,,,Telangana Gw,Telangana,,21,2007-05-01 00:00:00,2019-12-22 00:00:00,6.64047619047619,1.3453381589417444,4.59,10.21,12.6,,,,,,531.0,50.0,Built_Up
TSGWD_3056,17.409199,78.484698,Hyderabad,Hyderabad,,,Telangana Gw,Telangana,,21,2007-05-01 00:00:00,2019-12-22 00:00:00,6.2076190476190485,0.4560471988939824,5.54,7.02,12.6,,,,,,504.0,50.0,Built_Up
TSGWD_3057,17.398141,78.496983,Hyderabad,Hyderabad,,,Telangana Gw,Telangana,,21,2007-05-01 00:00:00,2019-12-22 00:00:00,2.717619047619048,0.5885227672903129,1.64,3.93,12.6,,,,,,495.0,50.0,Built_Up
TSGWD_3058,17.428044,78.450174,Hyderabad,Hyderabad,,,Telangana Gw,Telangana,,21,2007-05-01 00:00:00,2019-12-22 00:00:00,11.75,2.670352036717257,3.65,15.79,12.6,,,,,,543.0,50.0,Built_Up
TSGWD_3059,17.427717,78.44964,Hyderabad,Hyderabad,,,Telangana Gw,Telangana,,21,2007-05-01 00:00:00,2019-12-22 00:00:00,11.882380952380952,2.6473286625613843,3.82,15.97,12.6,,,,,,551.0,50.0,Built_Up
TSGWD_3060,17.42697,78.505605,Hyderabad,Hyderabad,,,Telangana Gw,Telangana,,21,2007-05-01 00:00:00,2019-12-22 00:00:00,16.795238095238094,5.301226857103569,5.47,23.48,12.6,,,,,,534.0,50.0,Built_Up
TSGWD_3061,17.435418,78.483009,Hyderabad,Hyderabad,,,Telangana Gw,Telangana,,21,2007-05-01 00:00:00,2019-12-22 00:00:00,2.7028571428571437,0.4807196985473225,1.93,4.16,12.6,,,,,,519.0,50.0,Built_Up
TSGWD_3062,17.463314,78.493825,Hyderabad,Hyderabad,,,Telangana Gw,Telangana,,18,2007-05-01 00:00:00,2019-12-22 00:00:00,13.720555555555556,4.7459053214599045,6.15,22.11,12.6,,,,,,552.0,50.0,Built_Up
TSGWD_3063,16.04,77.52,Jogulamba(Gadwal),Jogulamba(Gadwal),,,Telangana Gw,Telangana,,14,2007-05-01 00:00:00,2023-07-25 12:00:00,7.900714285714286,5.633127925032434,1.71,17.72,16.2,,,,,,365.0,40.0,Cropland
TSGWD_3064,15.919999999999998,78.01,Jogulamba(Gadwal),Jogulamba(Gadwal),,,Telangana Gw,Telangana,,22,2007-05-01 00:00:00,2023-07-25 12:00:00,22.546818181818185,1.293048764828732,19.45,24.4,16.2,38.5,7.4,32.5,29.1,384.0,310.0,40.0,Cropland
TSGWD_3065,15.93,78.04,Jogulamba(Gadwal),Jogulamba(Gadwal),,,Telangana Gw,Telangana,,22,2007-05-01 00:00:00,2023-07-25 12:00:00,9.750454545454543,4.1075858710819055,2.05,14.85,16.2,37.1,7.4,32.7,30.2,319.0,301.0,40.0,Cropland
TSGWD_3066,17.05,80.3,Khammam,Khammam(R),,,Telangana Gw,Telangana,,23,2007-05-01 00:00:00,2023-07-25 12:00:00,2.1673913043478263,1.1553048294765575,0.69,4.4,16.2,29.3,6.7,35.1,35.6,294.0,84.0,40.0,Cropland
TSGWD_3067,17.15,80.18,Khammam,Khammam(R),,,Telangana Gw,Telangana,,136,2007-05-01 00:00:00,2023-07-25 12:00:00,3.8680147058823526,1.3844013654005385,0.6,8.82,16.2,30.4,6.7,36.3,33.3,214.0,98.0,40.0,Cropland
TSGWD_3068,17.33,80.44,Khammam,Khammam(R),,,Telangana Gw,Telangana,,23,2007-05-01 00:00:00,2023-07-25 12:00:00,10.360434782608696,3.518710350347733,3.15,20.34,16.2,,,,,,136.0,40.0,Cropland
TSGWD_3069,17.37,80.37,Khammam,Khammam(R),,,Telangana Gw,Telangana,,23,2007-05-01 00:00:00,2023-07-25 12:00:00,3.177391304347826,1.6368601245047407,0.65,5.95,16.2,30.2,6.5,37.3,32.5,216.0,119.0,40.0,Cropland
TSGWD_3070,17.46,80.3,Khammam,Khammam(R),,,Telangana Gw,Telangana,,23,2007-05-01 00:00:00,2023-07-25 12:00:00,9.65,2.700067339227605,5.55,13.27,16.2,29.2,6.7,39.1,31.7,204.0,173.0,40.0,Cropland
TSGWD_3071,17.28,80.36,Khammam,Khammam(R),,,Telangana Gw,Telangana,,23,2007-05-01 00:00:00,2023-07-25 12:00:00,2.557391304347826,0.8333078520478401,0.94,4.09,16.2,27.8,6.1,39.0,33.2,175.0,117.0,40.0,Cropland
TSGWD_3072,17.14,79.97,Khammam,Khammam(R),,,Telangana Gw,Telangana,,23,2007-05-01 00:00:00,2023-07-25 12:00:00,1.7682608695652176,0.6153391686623878,0.68,3.2,16.2,28.0,6.7,39.6,32.4,190.0,118.0,40.0,Cropland
TSGWD_3073,16.92114,80.36748,Khammam,Khammam(R),,,Telangana Gw,Telangana,,23,2007-05-01 00:00:00,2023-07-25 12:00:00,11.233478260869566,1.2733442321685204,8.3,13.56,16.2,,,,,,62.0,40.0,Cropland
TSGWD_3074,16.92,80.42,Khammam,Aswapuram,Madhira,Nidhanapuram,Telangana Gw,Telangana,,23,2007-05-01 00:00:00,2023-07-25 12:00:00,12.874782608695652,4.219631467713758,2.8,18.46,16.2,29.2,6.6,36.4,34.4,368.0,67.0,40.0,Cropland
TSGWD_3075,17.06,80.12,Khammam,Khammam(R),,,Telangana Gw,Telangana,,23,2007-05-01 00:00:00,2023-07-25 12:00:00,1.893478260869565,1.4387829727543162,0.16,5.11,16.2,30.8,6.7,37.8,31.4,344.0,96.0,40.0,Cropland
TSGWD_3076,17.09,80.02,Khammam,Khammam(R),,,Telangana Gw,Telangana,,23,2007-05-01 00:00:00,2023-07-25 12:00:00,1.4939130434782608,0.7340902788822413,0.42,3.1,16.2,28.7,6.6,39.5,31.8,212.0,120.0,40.0,Cropland
TSGWD_3077,17.02,80.06,Khammam,Khammam(R),,,Telangana Gw,Telangana,,23,2007-05-01 00:00:00,2023-07-25 12:00:00,3.205652173913044,1.093230517515349,1.42,5.11,16.2,29.1,6.6,40.0,30.9,322.0,97.0,40.0,Cropland
TSGWD_3078,17.2,80.74,Khammam,Khammam(R),,,Telangana Gw,Telangana,,23,2007-05-01 00:00:00,2023-07-25 12:00:00,15.41,2.829487586118732,11.02,21.1,16.2,24.5,6.6,40.7,34.8,170.0,125.0,40.0,Cropland
TSGWD_3079,17.21,80.67,Khammam,Khammam(R),,,Telangana Gw,Telangana,,23,2007-05-01 00:00:00,2023-07-25 12:00:00,3.167826086956522,1.408896913842171,0.83,5.5,16.2,24.1,6.7,40.1,35.8,170.0,126.0,40.0,Cropland
TSGWD_3080,17.32,80.27,Khammam,Aswapuram,Raghundhapalem,Erlapudi,Telangana Gw,Telangana,,23,2007-05-01 00:00:00,2023-07-25 12:00:00,9.655652173913042,4.462033602912218,2.85,20.45,16.2,28.9,6.7,37.3,33.8,341.0,149.0,40.0,Cropland
TSGWD_3081,17.26,80.78,Khammam,Khammam(R),,,Telangana Gw,Telangana,,23,2007-05-01 00:00:00,2023-07-25 12:00:00,2.8843478260869566,0.6823410643243166,2.15,4.75,16.2,25.1,6.6,43.9,31.0,188.0,164.0,40.0,Cropland
TSGWD_3082,17.54,80.23,Khammam,Khammam(R),,,Telangana Gw,Telangana,,23,2007-05-01 00:00:00,2023-07-25 12:00:00,2.955217391304348,1.686170673894543,0.7,5.95,16.2,26.3,6.5,43.7,29.9,180.0,177.0,40.0,Cropland
TSGWD_3083,17.172303,80.484741,Khammam,Khammam(R),,,Telangana Gw,Telangana,,23,2007-05-01 00:00:00,2023-07-25 12:00:00,3.359130434782609,1.225390153244257,0.88,5.78,16.2,29.3,6.4,35.7,35.0,240.0,102.0,40.0,Cropland
TSGWD_3084,17.31,79.84,Khammam,Khammam(R),,,Telangana Gw,Telangana,,23,2007-05-01 00:00:00,2023-07-25 12:00:00,2.020869565217392,0.9626521747163748,0.87,4.27,16.2,28.0,6.8,36.8,35.1,275.0,155.0,40.0,Cropland
TSGWD_3085,17.37,79.98,Khammam,Khammam(R),,,Telangana Gw,Telangana,,23,2007-05-01 00:00:00,2023-07-25 12:00:00,4.78,1.7750134442512615,0.33,7.45,16.2,26.3,6.7,37.7,36.0,169.0,152.0,40.0,Cropland
TSGWD_3086,17.11,80.75,Khammam,Khammam(R),,,Telangana Gw,Telangana,,23,2007-05-01 00:00:00,2023-07-25 12:00:00,8.188695652173914,3.905760668955799,1.55,13.95,16.2,24.7,6.7,41.2,34.1,174.0,138.0,40.0,Cropland
TSGWD_3087,17.07,80.84,Khammam,Khammam(R),,,Telangana Gw,Telangana,,23,2007-05-01 00:00:00,2023-07-25 12:00:00,5.79304347826087,2.067575292204085,2.31,9.16,16.2,27.9,6.6,43.0,29.1,152.0,140.0,40.0,Cropland
TSGWD_3088,16.86,80.48,Khammam,Aswapuram,Yerrupalem,Banigandlapadu,Telangana Gw,Telangana,,23,2007-05-01 00:00:00,2023-07-25 12:00:00,12.759130434782609,3.517183678409188,4.15,17.95,16.2,27.8,6.6,38.0,34.1,325.0,59.0,40.0,Cropland
TSGWD_3089,16.94,80.51,Khammam,Khammam(R),,,Telangana Gw,Telangana,,23,2007-05-01 00:00:00,2023-07-25 12:00:00,5.657826086956521,0.79863495200327,4.3,7.2,16.2,28.5,6.5,34.9,36.6,214.0,59.0,40.0,Cropland
TSGWD_3090,17.700295,80.064252,Mahabubabad,Mahabubabad,,,Telangana Gw,Telangana,,23,2007-05-01 00:00:00,2023-07-25 12:00:00,6.234782608695652,2.8542709140151508,1.45,10.2,16.2,28.6,6.7,40.5,30.9,174.0,208.0,40.0,Cropland
TSGWD_3091,17.57044,80.169084,Mahabubabad,Mahabubabad,,,Telangana Gw,Telangana,,23,2007-05-01 00:00:00,2023-07-25 12:00:00,2.4326086956521737,1.9570576648523443,0.7,7.3,16.2,29.1,6.6,42.5,28.4,210.0,185.0,40.0,Cropland
TSGWD_3092,17.690379,80.094153,Mahabubabad,Mahabubabad,,,Telangana Gw,Telangana,,23,2007-05-01 00:00:00,2023-07-25 12:00:00,11.175652173913043,5.495677496564464,4.16,24.6,16.2,30.2,6.1,41.6,28.2,270.0,312.0,40.0,Cropland
TSGWD_3093,17.509108,80.157452,Mahabubabad,Mahabubabad,,,Telangana Gw,Telangana,,23,2007-05-01 00:00:00,2023-07-25 12:00:00,5.367391304347826,2.396275931507252,1.11,9.1,16.2,31.2,6.7,38.3,30.6,180.0,172.0,40.0,Cropland
TSGWD_3094,17.508689,80.10484,Mahabubabad,Mahabubabad,,,Telangana Gw,Telangana,,23,2007-05-01 00:00:00,2023-07-25 12:00:00,5.416086956521739,1.4293696612348037,3.72,8.01,16.2,27.7,6.8,37.1,35.1,204.0,165.0,40.0,Cropland
TSGWD_3095,16.97,78.12,Mahbubnagar,Mahbubnagar,,,Telangana Gw,Telangana,,23,2007-05-01 00:00:00,2023-07-25 12:00:00,20.390434782608697,4.974367459341272,11.32,27.45,16.2,27.1,6.8,44.5,28.4,139.0,597.0,40.0,Cropland
TSGWD_3096,16.64,77.66,Narayanpet,Narayanpet,,,Telangana Gw,Telangana,,18,2007-05-01 00:00:00,2023-07-25 12:00:00,12.769444444444444,3.771542783440254,5.7,17.25,16.2,31.5,6.6,37.3,31.2,170.0,404.0,40.0,Cropland
TSGWD_3097,16.84,77.79,Mahbubnagar,Mahbubnagar,,,Telangana Gw,Telangana,,23,2007-05-01 00:00:00,2023-07-25 12:00:00,14.063478260869564,4.092708159526084,8.14,22.43,16.2,31.8,7.0,38.4,29.8,183.0,466.0,40.0,Cropland
TSGWD_3098,16.470452,77.319826,Narayanpet,Narayanpet,,,Telangana Gw,Telangana,,23,2007-05-01 00:00:00,2023-07-25 12:00:00,13.579999999999998,1.6961614417158637,7.88,15.72,16.2,38.7,7.3,28.6,32.6,269.0,371.0,40.0,Cropland
TSGWD_3099,16.42,77.34861111,Narayanpet,Narayanpet,Krishna,Hindhupur,Telangana Gw,Telangana,,23,2007-05-01 00:00:00,2023-07-25 12:00:00,4.639565217391305,0.7788597625017415,3.22,5.83,16.2,35.4,7.3,32.6,32.0,207.0,350.0,40.0,Cropland
TSGWD_3100,16.6,77.98,Mahbubnagar,Mahbubnagar,,,Telangana Gw,Telangana,,18,2007-05-01 00:00:00,2023-07-25 12:00:00,13.089444444444444,2.701952392627624,4.95,15.68,16.2,31.2,6.8,34.9,33.9,147.0,396.0,40.0,Cropland
TSGWD_3101,17.866623,78.124868,Medak,Medak,,,Telangana Gw,Telangana,,22,2007-05-01 00:00:00,2023-07-25 12:00:00,28.946818181818184,6.00351673633573,13.72,39.6,16.2,35.6,7.5,36.8,27.6,134.0,494.0,40.0,Cropland
TSGWD_3102,17.755675,78.467042,Medak,Medak,,,Telangana Gw,Telangana,,22,2007-05-01 00:00:00,2023-07-25 12:00:00,20.180909090909093,4.335803225515384,8.76,28.1,16.2,30.5,7.1,47.6,21.9,134.0,575.0,40.0,Cropland
TSGWD_3103,18.046612,78.422942,Medak,Medak,,,Telangana Gw,Telangana,,22,2007-05-01 00:00:00,2023-07-25 12:00:00,23.32454545454545,5.7971731430255256,9.2,30.6,16.2,35.0,7.3,40.4,24.5,133.0,543.0,40.0,Cropland
TSGWD_3104,18.115852,78.430927,Medak,Medak,,,Telangana Gw,Telangana,,22,2007-05-01 00:00:00,2023-07-25 12:00:00,22.01909090909091,7.21585681748118,8.7,33.15,16.2,34.6,7.2,42.9,22.5,146.0,568.0,40.0,Cropland
TSGWD_3105,16.7,78.71,Nagarkurnool,Nagarkurnool,,,Telangana Gw,Telangana,,23,2007-05-01 00:00:00,2023-07-25 12:00:00,11.425217391304349,5.429783914640046,1.32,20.38,16.2,31.2,7.1,42.1,26.7,136.0,363.0,40.0,Cropland
TSGWD_3106,16.43,78.88,Nagarkurnool,Nagarkurnool,,,Telangana Gw,Telangana,,23,2007-05-01 00:00:00,2023-07-25 12:00:00,8.675217391304347,3.470103312013553,3.12,13.15,16.2,32.6,6.9,41.7,25.8,182.0,579.0,40.0,Cropland
TSGWD_3107,16.22,78.41,Nagarkurnool,Nagarkurnool,,,Telangana Gw,Telangana,,23,2007-05-01 00:00:00,2023-07-25 12:00:00,7.206086956521739,3.1079629972209872,2.74,13.9,16.2,29.6,6.9,37.2,33.2,138.0,346.0,40.0,Cropland
TSGWD_3108,16.08,78.26,Nagarkurnool,Nagarkurnool,,,Telangana Gw,Telangana,,23,2007-05-01 00:00:00,2023-07-25 12:00:00,5.2730434782608695,0.5639345124988823,4.26,6.08,16.2,32.9,7.2,32.4,34.8,325.0,299.0,40.0,Cropland
TSGWD_3109,16.73,78.41,Nagarkurnool,Nagarkurnool,,,Telangana Gw,Telangana,,23,2007-05-01 00:00:00,2023-07-25 12:00:00,19.64304347826087,2.198101318664501,10.65,22.59,16.2,32.1,6.7,43.4,24.5,150.0,512.0,40.0,Cropland
TSGWD_3110,17.0,78.89,Nalgonda,Nalgonda,,,Telangana Gw,Telangana,,56,2007-05-01 00:00:00,2023-07-25 12:00:00,18.535071428571428,5.350790826366928,2.72,28.36,16.2,32.4,6.7,41.6,26.0,157.0,338.0,40.0,Cropland
TSGWD_3111,18.851584,78.192906,Nizamabad,Nizamabad,,,Telangana Gw,Telangana,,21,2007-05-01 00:00:00,2023-07-25 12:00:00,2.063333333333333,1.2890746034785314,0.15,4.48,16.2,,,,,,356.0,40.0,Cropland
TSGWD_3112,18.641131,78.431716,Nizamabad,Nizamabad,,,Telangana Gw,Telangana,,22,2007-05-01 00:00:00,2023-07-25 12:00:00,35.19590909090909,6.470219440667342,22.2,42.8,16.2,39.1,7.2,31.0,29.9,122.0,372.0,40.0,Cropland
TSGWD_3113,18.73652,78.44785,Nizamabad,Nizamabad,,,Telangana Gw,Telangana,,22,2007-05-01 00:00:00,2023-07-25 12:00:00,9.693636363636363,4.8586089969539,1.26,18.53,16.2,40.4,7.3,31.5,28.1,135.0,350.0,40.0,Cropland
TSGWD_3114,18.713377,78.508172,Nizamabad,Nizamabad,,,Telangana Gw,Telangana,,22,2007-05-01 00:00:00,2023-07-25 12:00:00,5.317727272727272,2.560070556725196,1.3,10.1,16.2,37.5,7.1,33.1,29.4,305.0,379.0,40.0,Cropland
TSGWD_3115,18.656111,78.560717,Nizamabad,Nizamabad,,,Telangana Gw,Telangana,,22,2007-05-01 00:00:00,2023-07-25 12:00:00,18.362727272727277,5.6656283489781245,4.2,25.62,16.2,37.8,7.2,32.0,30.2,145.0,444.0,40.0,Cropland
TSGWD_3116,18.53226,78.388401,Nizamabad,Nizamabad,,,Telangana Gw,Telangana,,22,2007-05-01 00:00:00,2023-07-25 12:00:00,20.229545454545452,9.441931035985789,3.4,29.54,16.2,38.4,7.1,29.4,32.2,132.0,418.0,40.0,Cropland
TSGWD_3117,18.708681,78.564875,Nizamabad,Nizamabad,,,Telangana Gw,Telangana,,22,2007-05-01 00:00:00,2023-07-25 12:00:00,6.960454545454545,3.861801303454038,1.15,13.3,16.2,38.3,7.1,31.1,30.7,139.0,403.0,40.0,Cropland
TSGWD_3118,18.834843,78.520877,Nizamabad,Nizamabad,,,Telangana Gw,Telangana,,22,2007-05-01 00:00:00,2023-07-25 12:00:00,10.626363636363635,4.772040140188167,1.4,16.58,16.2,37.0,7.1,32.2,30.7,149.0,417.0,40.0,Cropland
TSGWD_3119,18.65444444,77.79972222,Nizamabad,Nizamabad,Kotagiri,Takli,Telangana Gw,Telangana,,21,2007-05-01 00:00:00,2023-07-25 12:00:00,19.09190476190476,3.678232753711515,12.23,27.2,16.2,42.3,7.4,26.0,31.7,130.0,348.0,40.0,Cropland
TSGWD_3120,18.95219,78.401001,Nizamabad,Nizamabad,,,Telangana Gw,Telangana,,22,2007-05-01 00:00:00,2023-07-25 12:00:00,5.340454545454546,2.531106434654573,2.7,10.97,16.2,38.4,7.1,29.1,32.5,153.0,313.0,40.0,Cropland
TSGWD_3121,18.892368,78.414489,Nizamabad,Nizamabad,,,Telangana Gw,Telangana,,22,2007-05-01 00:00:00,2023-07-25 12:00:00,4.905,2.452537558568773,1.3,8.66,16.2,,,,,,327.0,40.0,Cropland
TSGWD_3122,18.929,78.136696,Nizamabad,Nizamabad,,,Telangana Gw,Telangana,,22,2007-05-01 00:00:00,2023-07-25 12:00:00,14.745,5.525190580638912,5.8,28.56,16.2,38.8,7.2,28.4,32.8,129.0,350.0,40.0,Cropland
TSGWD_3123,18.865319,78.060464,Nizamabad,Nizamabad,,,Telangana Gw,Telangana,,22,2007-05-01 00:00:00,2023-07-25 12:00:00,6.485,3.7858618569620313,0.2,12.0,16.2,38.2,7.3,29.0,32.8,123.0,344.0,40.0,Cropland
TSGWD_3124,18.852418,77.974837,Nizamabad,Nizamabad,,,Telangana Gw,Telangana,,22,2007-05-01 00:00:00,2023-07-25 12:00:00,10.789090909090907,4.247617717857421,2.95,17.76,16.2,37.0,7.3,31.1,31.8,129.0,351.0,40.0,Cropland
TSGWD_3125,18.595,78.01138889,Nizamabad,Nizamabad,Nizamabad,Malkapur,Telangana Gw,Telangana,,22,2007-05-01 00:00:00,2023-07-25 12:00:00,9.613636363636363,3.441719594364679,3.1,14.8,16.2,36.8,7.3,36.5,26.7,160.0,410.0,40.0,Cropland
TSGWD_3126,18.569069,78.561976,Nizamabad,Nizamabad,,,Telangana Gw,Telangana,,22,2007-05-01 00:00:00,2023-07-25 12:00:00,15.29681818181818,5.720408232488337,5.45,22.79,16.2,36.3,7.2,35.8,27.9,157.0,488.0,40.0,Cropland
TSGWD_3127,18.53067,78.42598,Nizamabad,Nizamabad,,,Telangana Gw,Telangana,,22,2007-05-01 00:00:00,2023-07-25 12:00:00,24.92590909090909,9.0093679600159,6.45,34.45,16.2,39.0,7.1,30.1,30.9,150.0,396.0,40.0,Cropland
TSGWD_3128,18.529155,78.503314,Nizamabad,Nizamabad,,,Telangana Gw,Telangana,,22,2007-05-01 00:00:00,2023-07-25 12:00:00,14.934545454545455,8.971940241013183,4.93,32.1,16.2,37.0,7.2,35.4,27.6,187.0,546.0,40.0,Cropland
TSGWD_3129,18.54317,78.482716,Nizamabad,Nizamabad,,,Telangana Gw,Telangana,,22,2007-05-01 00:00:00,2023-07-25 12:00:00,30.17136363636364,5.90429891443478,15.55,35.61,16.2,38.2,7.1,32.0,29.8,191.0,443.0,40.0,Cropland
TSGWD_3130,18.488703,78.48056,Nizamabad,Nizamabad,,,Telangana Gw,Telangana,,22,2007-05-01 00:00:00,2023-07-25 12:00:00,15.243636363636364,8.234823007005673,4.2,31.5,16.2,38.3,7.1,33.2,28.4,170.0,503.0,40.0,Cropland
TSGWD_3131,18.899428,78.492616,Nizamabad,Nizamabad,,,Telangana Gw,Telangana,,22,2007-05-01 00:00:00,2023-07-25 12:00:00,6.799545454545455,2.737039549921685,1.02,10.56,16.2,39.9,7.1,28.8,31.3,145.0,306.0,40.0,Cropland
TSGWD_3132,17.240984,77.816431,Vikarabad,Vikarabad,,,Telangana Gw,Telangana,,23,2007-05-01 00:00:00,2023-07-25 12:00:00,18.06652173913044,0.7135035751687978,16.3,19.1,16.2,31.9,7.0,39.3,28.8,169.0,536.0,40.0,Cropland
TSGWD_3133,16.96147,77.857774,Vikarabad,Vikarabad,,,Telangana Gw,Telangana,,4,2007-05-01 00:00:00,2023-07-25 12:00:00,57.682500000000005,21.28842154004535,25.75,68.4,16.2,27.6,6.8,40.3,32.1,189.0,541.0,40.0,Cropland
TSGWD_3134,17.56662,77.831824,Vikarabad,Vikarabad,,,Telangana Gw,Telangana,,23,2007-05-01 00:00:00,2023-07-25 12:00:00,34.64826086956521,4.7669169111643495,17.33,37.8,16.2,34.2,7.2,37.8,27.9,151.0,583.0,40.0,Cropland
TSGWD_3135,17.452884,77.864951,Vikarabad,Vikarabad,,,Telangana Gw,Telangana,,23,2007-05-01 00:00:00,2023-07-25 12:00:00,9.837391304347824,2.940845916323621,4.48,13.86,16.2,29.8,6.7,43.2,26.9,169.0,636.0,40.0,Cropland
TSGWD_3136,17.288245,77.646592,Vikarabad,Vikarabad,,,Telangana Gw,Telangana,,23,2007-05-01 00:00:00,2023-07-25 12:00:00,12.237826086956522,2.1427466581718706,3.6,14.32,16.2,36.8,7.0,32.7,30.5,162.0,469.0,40.0,Cropland
TSGWD_3137,17.33,77.66,Vikarabad,Vikarabad,,,Telangana Gw,Telangana,,153,2007-05-01 00:00:00,2023-07-25 12:00:00,15.06372549019608,3.2725617444926884,6.74,21.35,16.2,35.8,6.9,36.2,28.0,146.0,487.0,40.0,Cropland
TSGWD_3138,17.259572,78.031708,Vikarabad,Vikarabad,,,Telangana Gw,Telangana,,1,2007-05-01 00:00:00,2023-07-25 12:00:00,5.96,,5.96,5.96,16.2,30.4,6.9,42.0,27.7,140.0,615.0,40.0,Cropland
TSGWD_3139,,,Vikarabad,Vikarabad,,,Telangana Gw,Telangana,,13,2007-05-01 00:00:00,2023-07-25 12:00:00,31.64692307692308,17.455191388531272,8.6,55.36,16.2,,,,,,,,
TSGWD_3140,17.21527778,77.68861111,Vikarabad,Vikarabad,Yalal,Bagayapalli,Telangana Gw,Telangana,,23,2007-05-01 00:00:00,2023-07-25 12:00:00,9.629130434782608,2.620620872034089,5.6,13.8,16.2,,,,,,468.0,40.0,Cropland
TSGWD_3141,17.198456,77.544165,Vikarabad,Vikarabad,,,Telangana Gw,Telangana,,22,2007-05-01 00:00:00,2023-07-25 12:00:00,1.9595454545454545,0.7417641601372159,0.15,4.18,16.2,38.9,6.9,35.8,25.3,129.0,449.0,40.0,Cropland
TSGWD_3142,17.47,79.14,Nalgonda,Atmakur(M),Atmakur(M),Atmakur,Telangana Gw,Telangana,,56,2007-05-01 00:00:00,2020-01-22 00:00:00,17.336607142857144,2.687549256570661,10.18,22.01,12.7,35.0,7.0,37.7,27.3,145.0,316.0,40.0,Cropland
TSGWD_4001,17.412964,78.415346,Hyderabad,Hyderabad,,,Telangana Gw,Telangana,,21,2007-05-01 00:00:00,2019-12-22 00:00:00,4.633333333333333,1.3029594519144994,3.07,7.07,12.6,,,,,,602.0,50.0,Built_Up
TSGWD_4002,16.177873,77.628079,Jogulamba(Gadwal),Jogulamba(Gadwal),,,Telangana Gw,Telangana,,20,2007-05-01 00:00:00,2023-07-25 12:00:00,16.5,4.576766268194631,9.4,24.57,16.2,30.8,6.8,38.6,30.5,296.0,411.0,40.0,Cropland
TSGWD_4003,18.42,77.60305556,Kamareddy,Kamareddy,Maddnur,Somur,Telangana Gw,Telangana,,18,2007-05-01 00:00:00,2023-07-25 12:00:00,19.42,5.259696927077252,4.74,25.92,16.2,34.3,7.2,35.8,29.9,136.0,405.0,40.0,Cropland
TSGWD_4004,18.35444444,78.24166667,Kamareddy,Kamareddy,Tadwai,Annaram,Telangana Gw,Telangana,,18,2007-05-01 00:00:00,2023-07-25 12:00:00,21.44833333333333,5.676731920226429,8.02,29.51,16.2,34.9,7.1,38.3,26.8,159.0,559.0,40.0,Cropland
TSGWD_4005,17.37083333,80.14361111,Khammam,Aswapuram,Khammam (R ),Theerthala,Telangana Gw,Telangana,,13,2007-05-01 00:00:00,2023-07-25 12:00:00,4.986923076923077,2.648934957724786,1.47,9.31,16.2,27.4,6.7,37.0,35.6,167.0,142.0,40.0,Cropland
TSGWD_4006,17.233938,80.616401,Khammam,Khammam(R),,,Telangana Gw,Telangana,,13,2007-05-01 00:00:00,2023-07-25 12:00:00,9.12076923076923,5.795347935396778,2.29,15.55,16.2,25.7,6.4,39.9,34.4,205.0,131.0,40.0,Cropland
TSGWD_4007,17.416493,78.613635,Medchal,Medchal,,,Telangana Gw,Telangana,,15,2007-05-01 00:00:00,2023-07-25 12:00:00,15.992666666666668,3.773447583664926,9.91,21.68,16.2,33.0,6.8,43.5,23.5,139.0,497.0,50.0,Built_Up
TSGWD_4008,16.580788,78.463683,Nagarkurnool,Nagarkurnool,,,Telangana Gw,Telangana,,17,2007-05-01 00:00:00,2023-07-25 12:00:00,22.01058823529412,5.730431343481304,4.99,26.99,16.2,33.8,7.0,38.1,28.0,134.0,445.0,40.0,Cropland
TSGWD_4009,16.987147,79.068733,Nalgonda,Nalgonda,,,Telangana Gw,Telangana,,17,2007-05-01 00:00:00,2023-07-25 12:00:00,13.52529411764706,4.338837139210026,4.74,17.69,16.2,32.9,7.0,38.6,28.6,347.0,249.0,40.0,Cropland
TSGWD_4010,18.727804,77.877335,Nizamabad,Nizamabad,,,Telangana Gw,Telangana,,17,2007-05-01 00:00:00,2023-07-25 12:00:00,27.321176470588235,2.305991875400208,18.73,28.7,16.2,39.4,7.4,27.4,33.2,133.0,347.0,40.0,Cropland
TSGWD_4011,18.681778,77.82052,Nizamabad,Nizamabad,,,Telangana Gw,Telangana,,17,2007-05-01 00:00:00,2023-07-25 12:00:00,13.75235294117647,8.152128962280164,4.8,26.6,16.2,39.7,7.4,28.5,31.9,127.0,350.0,40.0,Cropland
TSGWD_4012,18.515955,77.77381,Nizamabad,Nizamabad,,,Telangana Gw,Telangana,,17,2007-05-01 00:00:00,2023-07-25 12:00:00,16.189411764705884,6.007769418207804,6.06,24.37,16.2,36.3,7.3,31.2,32.6,117.0,360.0,40.0,Cropland
TSGWD_4013,18.488287,77.980796,Nizamabad,Nizamabad,,,Telangana Gw,Telangana,,17,2007-05-01 00:00:00,2023-07-25 12:00:00,16.287647058823527,3.862205537985655,9.95,21.13,16.2,29.8,7.7,43.8,26.5,182.0,446.0,40.0,Cropland
TSGWD_4014,16.31027778,77.99833333,Wanaparthy,Wanaparthy,Wanaparthy,Peddagudem,Telangana Gw,Telangana,,23,2007-05-01 00:00:00,2023-07-25 12:00:00,3.739130434782609,1.8857092059716325,1.0,8.0,16.2,31.5,6.7,37.0,31.5,345.0,361.0,40.0,Cropland
TSGWD_4015,17.605338,80.13076,Mahabubabad,Mahabubabad,,,Telangana Gw,Telangana,,23,2007-05-01 00:00:00,2023-07-25 12:00:00,8.669130434782609,3.2619346086800003,1.1,12.35,16.2,27.0,6.6,42.7,30.3,242.0,198.0,40.0,Cropland
TSGWD_8013,,,Vikarabad,Vikarabad,Kulkacherla,Mujahidpur,Telangana Gw,Telangana,,1,2023-07-25 12:00:00,2023-07-25 12:00:00,12.92,,12.92,12.92,0.0,,,,,,,,
